Scenario_ID,Topology,Node_Count,Node_Density_nodes_per_km2,Terrain_Size_m,Node_Speed_mps,Traffic_Rate_bps,Packet_Size_bytes,TTL,Wait_Time_s,Retry_Attempts,Route_Expiry_s,Buffer_Size_packets,Thresh_Min,Thresh_Max,Drop_Probability,Source_Node,Destination_Node,Initial_Hops,AODV-AERS1_Throughput_Mbps,AODV-AERS1_PDR,AODV-AERS1_E2E_Delay_ms,AODV-AERS1_TxPackets,AODV-AERS1_RxPackets,AODV-AERS2_Throughput_Mbps,AODV-AERS2_PDR,AODV-AERS2_E2E_Delay_ms,AODV-AERS2_TxPackets,AODV-AERS2_RxPackets,AODV-AERS3_Throughput_Mbps,AODV-AERS3_PDR,AODV-AERS3_E2E_Delay_ms,AODV-AERS3_TxPackets,AODV-AERS3_RxPackets,OLSR_Throughput_Mbps,OLSR_PDR,OLSR_E2E_Delay_ms,OLSR_TxPackets,OLSR_RxPackets,DSDV_Throughput_Mbps,DSDV_PDR,DSDV_E2E_Delay_ms,DSDV_TxPackets,DSDV_RxPackets,AODV_Throughput_Mbps,AODV_PDR,AODV_E2E_Delay_ms,AODV_TxPackets,AODV_RxPackets,Optimal_Protocol_Throughput,Optimal_Protocol_PDR,Optimal_Protocol_Delay,Winning_Throughput_Mbps,Winning_PDR,Winning_Delay_ms
422,LINE,25,11.966739,1445.380175,12.75707,864144,1103,11,3.023286,1,4.288627,109,16,75,0.143045,0,24,6,0.668346,0.754768,14.936882,1468,1108,0.647234,0.730926,15.64593,1468,1073,0.711776,0.803815,15.489086,1468,1180,0.041621,0.099711,140.699333,692,69,0.382429,0.43188,14.296108,1468,634,0.473512,0.534741,12.54746,1468,785,AODV-AERS3,AODV-AERS3,AODV,0.711776,0.803815,12.54746
415,LINE,60,133.766875,669.732438,1.670664,904351,751,5,3.22674,1,5.164885,143,17,65,0.134722,0,59,3,0,0,-1,2257,0,0.509362,0.543199,66.346585,2257,1226,0.599103,0.638901,86.886377,2257,1442,0.715434,0.914984,10.334382,1882,1722,0.870818,0.928666,9.134676,2257,2096,0.058581,0.062472,125.53618,2257,141,DSDV,DSDV,DSDV,0.870818,0.928666,9.134676
238,RANDOM,53,40.355077,1146.011148,11.945278,588168,1309,11,1.99625,1,5.355529,138,34,73,0.198864,3,18,7,0,0,-1,842,0,0,0,-1,842,0,0,0,-1,842,0,0,0,-1,299,0,0,0,-1,842,0,0,0,-1,842,0,NONE,NONE,NONE,0,0,-1
523,TWO_CLUSTER,71,156.142181,674.324679,0.9579,1033670,502,9,1.022782,1,2.677966,142,18,94,0.071166,33,50,3,0,0,-1,3860,0,0.752741,0.689896,46.492503,3860,2663,0.291712,0.267358,396.909053,3860,1032,0.768005,0.836515,66.899987,3248,2717,1.004597,0.920725,53.394675,3860,3554,0.204651,0.187565,209.200798,3860,724,DSDV,DSDV,AODV-AERS2,1.004597,0.920725,46.492503
738,RANDOM,77,181.41369,651.49387,5.617431,1203988,152,8,1.593305,3,1.598157,100,21,59,0.129111,32,49,4,0.044256,0.031042,373.635421,14851,461,0.183648,0.128813,462.21038,14851,1913,0.0144,0.0101,374.770997,14851,150,0.255648,0.208879,619.246117,12749,2663,0.187104,0.131237,494.589123,14851,1949,0.128928,0.090432,425.769647,14851,1343,OLSR,OLSR,AODV-AERS1,0.255648,0.208879,373.635421
934,RING,65,115.20979,751.1246,0.409825,1935969,845,8,0.961801,3,3.331134,128,23,63,0.181937,12,45,3,0.553133,0.276601,354.583938,4295,1188,0.845995,0.42305,345.736057,4295,1817,0.602952,0.301513,522.618895,4295,1295,1.058774,0.623697,433.74573,3646,2274,1.166794,0.583469,584.890274,4295,2506,0.486086,0.243073,396.402596,4295,1044,DSDV,OLSR,AODV-AERS2,1.166794,0.623697,345.736057
172,RING,48,61.09804,886.353535,1.754307,430532,149,8,0.532908,1,5.924813,93,15,48,0.100788,22,46,4,0.461805,0.903083,103.590025,5417,4892,0.477098,0.932989,113.045636,5417,5054,0,0,-1,5417,0,0.303307,0.736758,181.822556,4361,3213,0.446418,0.872992,249.671798,5417,4729,0.428576,0.838102,51.254778,5417,4540,AODV-AERS2,AODV-AERS2,AODV,0.477098,0.932989,51.254778
334,HOTSPOT,36,61.277031,766.482766,4.259168,1040233,1376,7,3.060796,2,4.491985,67,11,39,0.086084,27,32,4,0.788486,0.743119,43.349065,1417,1053,0.950976,0.89626,8.387323,1417,1270,1.043078,0.983063,6.924148,1417,1393,0.622253,0.703046,38.398794,1182,831,0.476237,0.448836,71.801477,1417,636,1.014624,0.956246,7.95291,1417,1355,AODV-AERS3,AODV-AERS3,AODV-AERS3,1.043078,0.983063,6.924148
846,RANDOM,60,424.836945,375.806672,1.773835,1045009,215,6,1.541051,2,3.610661,169,29,108,0.165065,22,39,2,0.612101,0.518271,308.661004,9113,4723,0.563242,0.476901,327.102591,9113,4346,0.578534,0.48985,303.93698,9113,4464,0.840586,0.71173,425.500089,9113,6486,0.671976,0.568967,321.240666,9113,5185,0.633485,0.536377,313.687653,9113,4888,OLSR,OLSR,AODV-AERS3,0.840586,0.71173,303.93698
821,LINE,24,10.566525,1507.091205,8.371085,307670,976,9,1.234911,1,1.399745,72,16,38,0.071693,0,23,6,0.259701,0.820643,24.279285,591,485,0.112448,0.35533,9.180759,591,210,0.286475,0.905245,16.977545,591,535,0.125835,0.921569,8.937074,255,235,0.048727,0.153976,25.92361,591,91,0.257559,0.813875,22.694083,591,481,AODV-AERS3,OLSR,OLSR,0.286475,0.921569,8.937074
607,HOTSPOT,49,46.821064,1023.004165,9.31021,1624437,1147,8,2.463127,3,4.000397,136,20,67,0.144387,35,46,5,1.491467,0.896422,311.000021,2655,2380,0.317093,0.190584,304.042962,2655,506,1.17688,0.707345,410.512158,2655,1878,0.303933,0.223194,162.957133,2173,485,0.705627,0.424105,338.039684,2655,1126,0.778947,0.468173,208.635585,2655,1243,AODV-AERS1,AODV-AERS1,OLSR,1.491467,0.896422,162.957133
271,HOTSPOT,45,27.724765,1274.008494,11.738571,560104,1253,13,0.765123,1,3.960649,31,7,14,0.094177,35,44,7,0,0,-1,838,0,0.439298,0.767303,16.835651,838,643,0.49737,0.868735,16.496793,838,728,0.346382,0.76012,63.492623,667,507,0.182414,0.318616,115.596983,838,267,0.284211,0.49642,152.245084,838,416,AODV-AERS3,AODV-AERS3,AODV-AERS3,0.49737,0.868735,16.496793
348,HOTSPOT,60,28.980439,1438.875257,6.619456,1179537,223,6,3.315245,3,5.991039,72,10,47,0.07646,49,52,-1,0,0,-1,9917,0,0,0,-1,9917,0,0,0,-1,9917,0,0,0,-1,0,0,0,0,-1,9917,0,0,0,-1,9917,0,NONE,NONE,NONE,0,0,-1
642,LINE,36,21.224028,1302.378896,13.187062,1451100,1060,7,0.71182,4,2.113645,45,8,21,0.03847,0,35,5,0,0,-1,2566,0,0.76131,0.511302,136.258521,2566,1312,0.100966,0.06781,55.318117,2566,174,0,0,-1,360,0,0.181043,0.12159,974.067187,2566,312,0.15203,0.102104,15.709695,2566,262,AODV-AERS2,AODV-AERS2,AODV,0.76131,0.511302,15.709695
402,LINE,44,36.35656,1100.10704,12.670422,327028,733,9,0.906674,2,3.725158,31,7,17,0.097502,0,43,5,0.252449,0.744019,23.520549,836,622,0,0,-1,836,0,0.18264,0.538278,27.704883,836,450,0,0,-1,0,0,0.056415,0.166268,197.432261,836,139,0.29263,0.86244,14.715484,836,721,AODV,AODV,AODV,0.29263,0.86244,14.715484
865,RANDOM,40,13.666143,1710.830647,3.982218,800337,149,6,0.68997,3,3.143561,48,8,29,0.056689,5,30,-1,0,0,-1,10071,0,0,0,-1,10071,0,0,0,-1,10071,0,0,0,-1,0,0,0,0,-1,10071,0,0,0,-1,10071,0,NONE,NONE,NONE,0,0,-1
637,CORRIDOR,61,265.080546,479.706927,2.358501,1001127,1181,6,2.500915,1,1.755765,173,30,80,0.074872,23,58,2,0.490048,0.478288,124.848128,1589,760,0.626746,0.611705,55.898815,1589,972,0,0,-1,1589,0,0.729269,0.711768,43.348155,1589,1131,0.94979,0.926998,9.094398,1589,1473,0.71057,0.693518,60.30436,1589,1102,DSDV,DSDV,DSDV,0.94979,0.926998,9.094398
565,TWO_CLUSTER,58,89.673552,804.232854,1.115735,1761137,295,7,3.366284,2,5.802046,36,9,19,0.131253,7,54,3,0.299916,0.155544,435.532438,11193,1741,0.269425,0.13973,399.28172,11193,1564,0.04031,0.020906,522.254018,11193,234,0.540056,0.437666,463.891634,7163,3135,0.741263,0.384437,578.281642,11193,4303,0.257711,0.133655,413.229627,11193,1496,DSDV,OLSR,AODV-AERS2,0.741263,0.437666,399.28172
131,CORRIDOR,59,265.185822,471.683686,5.198299,629401,1343,6,2.281505,3,3.145494,165,24,99,0.089268,29,32,2,0.429946,0.669704,61.08705,878,588,0.587154,0.914579,7.824924,878,803,0.340739,0.530752,56.29892,878,466,0.551325,0.992105,10.814051,760,754,0.282243,0.439636,18.406851,878,386,0.369987,0.57631,49.533035,878,506,AODV-AERS2,OLSR,AODV-AERS2,0.587154,0.992105,7.824924
64,GRID,24,8.046521,1727.036594,10.070055,547501,141,6,2.719531,1,4.789138,97,15,51,0.127991,4,20,-1,0,0,-1,7280,0,0,0,-1,7280,0,0,0,-1,7280,0,0,0,-1,0,0,0,0,-1,7280,0,0,0,-1,7280,0,NONE,NONE,NONE,0,0,-1
359,GRID,55,419.235444,362.203255,3.515143,1717715,606,8,2.886429,3,3.17982,164,28,111,0.096657,7,48,2,0.881175,0.490403,383.210871,5314,2606,0.872384,0.48551,100.093954,5314,2580,1.794812,0.998871,10.364316,5314,5308,0.913636,0.508468,264.062227,5314,2702,1.424894,0.793,181.282269,5314,4214,1.557442,0.866767,9.73753,5314,4606,AODV-AERS3,AODV-AERS3,AODV,1.794812,0.998871,9.73753
32,RING,71,370.252129,437.905492,3.631415,720354,1384,8,2.696536,2,1.93071,142,20,76,0.035129,33,68,2,0.32909,0.448205,109.173697,975,437,0.476691,0.649231,15.695231,975,633,0.222908,0.30359,68.978429,975,296,0.494765,0.673846,40.890433,975,657,0.355447,0.484103,24.812504,975,472,0.228179,0.310769,228.804185,975,303,OLSR,OLSR,AODV-AERS2,0.494765,0.673846,15.695231
18,RING,60,295.507372,450.600288,1.789267,2085085,657,7,0.758815,2,4.268435,27,3,18,0.086449,18,49,2,0.233448,0.107395,478.802863,5950,639,1.875987,0.863025,26.095496,5950,5135,0.066491,0.030588,345.634576,5950,182,1.725835,0.79395,146.065236,5950,4724,1.135456,0.522353,423.633404,5950,3108,0.003288,0.001513,996.144232,5950,9,AODV-AERS2,AODV-AERS2,AODV-AERS2,1.875987,0.863025,26.095496
879,RING,57,153.335458,609.69991,3.793031,1304389,1366,6,3.047211,4,4.020145,173,43,113,0.168328,24,54,3,0.211145,0.158659,320.323851,1790,284,0.051299,0.038547,107.944395,1790,69,0.704063,0.52905,171.353158,1790,947,0.875804,0.658101,26.583829,1790,1178,1.014832,0.76257,23.961732,1790,1365,0.689937,0.518436,129.620551,1790,928,DSDV,DSDV,DSDV,1.014832,0.76257,23.961732
256,RANDOM,29,24.867493,1079.89865,10.674478,210567,460,13,1.955573,1,2.980509,42,10,29,0.084514,0,11,9,0.060902,0.272727,23.81743,858,234,0.000781,0.003497,2579.071187,858,3,0.085107,0.381119,19.076225,858,327,0,0,-1,678,0,0,0,-1,858,0,0.074697,0.334499,33.049315,858,287,AODV-AERS3,AODV-AERS3,AODV-AERS3,0.085107,0.381119,19.076225
600,CORRIDOR,73,205.383253,596.182077,1.992574,1057740,163,9,3.315017,3,4.031405,99,25,63,0.134827,29,40,3,0.060305,0.048656,268.667109,12167,592,0.109609,0.088436,406.914569,12167,1076,0.052461,0.042328,362.489701,12167,515,0.291237,0.477455,561.142342,5988,2859,0.556599,0.449084,490.531658,12167,5464,0.051341,0.041424,412.884307,12167,504,DSDV,OLSR,AODV-AERS1,0.556599,0.477455,268.667109
374,LINE,57,43.767215,1141.203179,9.581954,142341,894,7,3.252595,2,2.006998,42,10,26,0.172196,0,56,5,0.139161,0.949664,16.581768,298,283,0.103756,0.708054,50.360687,298,211,0.108673,0.741611,15.972181,298,221,0.046223,0.368627,37.739516,255,94,0.138669,0.946309,17.66885,298,282,0.134243,0.916107,21.737913,298,273,AODV-AERS1,AODV-AERS1,AODV-AERS3,0.139161,0.949664,15.972181
950,RING,65,34.22892,1378.034465,4.41717,1577546,508,9,1.460983,1,3.426447,76,12,39,0.16381,6,39,6,0.289011,0.173652,379.815562,5822,1011,0.505412,0.303676,383.108464,5822,1768,0.685508,0.411886,415.179376,5822,2398,0.651776,0.48552,448.126009,4696,2280,0.234982,0.141189,485.622547,5822,822,0.666927,0.400721,363.307388,5822,2333,AODV-AERS3,OLSR,AODV,0.685508,0.48552,363.307388
781,CORRIDOR,65,296.264409,468.400055,1.174442,1234546,1276,5,3.491204,2,2.11751,27,6,14,0.165651,44,51,2,1.17673,0.932745,5.175021,1814,1692,0.205858,0.163175,201.055298,1814,296,0.209335,0.165932,25.363441,1814,301,0.993822,0.896487,22.022814,1594,1429,1.195507,0.94763,20.398877,1814,1719,1.141956,0.905182,127.997471,1814,1642,DSDV,DSDV,AODV-AERS1,1.195507,0.94763,5.175021
437,HOTSPOT,40,29.006319,1174.312513,8.000492,2117792,329,13,3.017628,1,1.40665,123,27,85,0.162327,31,33,7,0.555397,0.241694,453.630779,12069,2917,0.501894,0.218411,500.268724,12069,2636,0.59024,0.256856,436.150208,12069,3100,0.330915,0.263693,784.122077,6591,1738,0.302926,0.131825,736.820792,12069,1591,0.579768,0.252299,443.487272,12069,3045,AODV-AERS3,OLSR,AODV-AERS3,0.59024,0.263693,436.150208
285,HOTSPOT,57,60.806238,968.196169,6.398482,1738506,324,8,3.405023,2,1.522654,109,24,51,0.188419,47,56,6,0.535979,0.283797,438.242409,10060,2855,0.639232,0.338469,407.326236,10060,3405,0.521523,0.276143,398.217062,10060,2778,0.23354,0.154209,571.152001,8067,1244,0,0,-1,10060,0,0.570897,0.302286,401.663438,10060,3041,AODV-AERS2,AODV-AERS2,AODV-AERS3,0.639232,0.338469,398.217062
697,RANDOM,48,106.083681,672.661124,15.443086,973382,635,6,3.378444,4,4.879081,56,13,33,0.153773,25,46,4,0.375877,0.369868,15.546516,2874,1063,0.463923,0.456507,157.181001,2874,1312,0.619861,0.609951,103.461764,2874,1753,0.377291,0.441456,60.410771,2417,1067,0.05693,0.056019,175.921403,2874,161,0.121992,0.120042,389.394219,2874,345,AODV-AERS3,AODV-AERS3,AODV-AERS1,0.619861,0.609951,15.546516
158,TWO_CLUSTER,55,168.295234,571.670045,0.696338,947608,202,5,3.3369,1,4.215567,57,7,28,0.156442,10,17,2,0.301147,0.279136,360.567738,8795,2455,0.130763,0.121205,398.057566,8795,1066,0.176027,0.163161,404.088988,8795,1435,0.486373,0.455747,464.539228,8700,3965,0.616768,0.571688,467.009579,8795,5028,0.339664,0.314838,386.049826,8795,2769,DSDV,DSDV,AODV-AERS1,0.616768,0.571688,360.567738
757,RANDOM,38,17.196327,1486.530952,12.95589,752089,791,19,1.710794,3,2.183689,97,16,55,0.026441,15,22,14,0.031013,0.039843,60.081701,1782,71,0,0,-1,1782,0,0.021403,0.027497,60.924583,1782,49,0,0,-1,0,0,0,0,-1,1782,0,0.018782,0.02413,61.143444,1782,43,AODV-AERS1,AODV-AERS1,AODV-AERS1,0.031013,0.039843,60.081701
224,RING,46,123.043818,611.433199,6.32877,1431767,1253,9,2.637361,3,4.080505,84,11,49,0.118894,2,25,3,1.147093,0.783847,9.733664,2142,1679,1.339755,0.9155,8.156252,2142,1961,0.389424,0.266106,12.180635,2142,570,0.720776,0.577766,39.458231,1826,1055,1.324725,0.905229,9.22078,2142,1939,0.624445,0.426704,11.921088,2142,914,AODV-AERS2,AODV-AERS2,AODV-AERS2,1.339755,0.9155,8.156252
120,CORRIDOR,60,100.603398,772.270241,0.900286,330818,774,8,1.668778,2,1.240373,172,24,117,0.125132,11,41,3,0.061594,0.179775,62.180641,801,144,0.328499,0.958801,6.86589,801,768,0.264339,0.771536,22.885877,801,618,0.285298,1,3.699961,667,667,0.328927,0.96005,17.080932,801,769,0.189914,0.554307,39.794917,801,444,DSDV,OLSR,OLSR,0.328927,1,3.699961
92,CORRIDOR,30,52.094947,758.862035,5.458999,292804,1381,9,3.200263,3,5.295817,112,23,71,0.152819,3,10,3,0.293823,0.984887,8.211966,397,391,0.270528,0.906801,16.305981,397,360,0.290066,0.972292,8.165508,397,386,0.134513,0.542424,44.566826,330,179,0.223186,0.748111,29.670809,397,297,0.293072,0.982368,8.11818,397,390,AODV-AERS1,AODV-AERS1,AODV,0.293823,0.984887,8.11818
489,CORRIDOR,67,451.305564,385.302705,0.970797,681259,152,5,2.36534,1,5.698152,78,12,42,0.082496,9,18,2,0.202944,0.251577,468.276335,8403,2114,0.501216,0.621326,258.641603,8403,5221,0.347232,0.430442,180.982276,8403,3617,0.691104,0.856718,238.588504,8403,7199,0.5376,0.666429,440.358981,8403,5600,0.532896,0.660597,73.919317,8403,5551,OLSR,OLSR,AODV,0.691104,0.856718,73.919317
955,LINE,60,36.974745,1273.86391,14.267995,163039,1247,12,3.234932,2,5.43925,49,7,33,0.09147,0,59,5,0.13056,0.783673,40.056143,245,192,0.06052,0.363265,83.049844,245,89,0,0,-1,245,0,0.00816,0.129032,17.045653,93,12,0.0136,0.081633,1379.951261,245,20,0.02788,0.167347,144.763961,245,41,AODV-AERS1,AODV-AERS1,OLSR,0.13056,0.783673,17.045653
481,RING,43,50.399455,923.679507,13.932362,578434,844,8,3.261694,2,5.997352,121,26,73,0.1517,2,21,4,0.537152,0.898833,7.324876,1285,1155,0.366473,0.61323,21.011411,1285,788,0.489715,0.819455,9.527179,1285,1053,0.189282,0.385052,8.446206,1057,407,0.254857,0.426459,103.000974,1285,548,0.443209,0.741634,16.884979,1285,953,AODV-AERS1,AODV-AERS1,AODV-AERS1,0.537152,0.898833,7.324876
407,RING,72,148.107197,697.233374,1.683,971523,278,6,2.792355,2,2.974131,34,6,20,0.111525,23,60,3,0.386458,0.361416,332.055209,6552,2368,0.462019,0.432082,324.057959,6552,2831,0.120605,0.11279,436.233869,6552,739,0.689846,0.774601,366.963085,5457,4227,0.663408,0.620421,450.925032,6552,4065,0.222115,0.207723,354.07818,6552,1361,OLSR,OLSR,AODV-AERS2,0.689846,0.774601,324.057959
267,HOTSPOT,36,16.12196,1494.315606,9.998436,953356,1376,5,3.139424,3,4.780483,71,13,38,0.151759,28,29,-1,0,0,-1,1299,0,0,0,-1,1299,0,0,0,-1,1299,0,0,0,-1,0,0,0,0,-1,1299,0,0,0,-1,1299,0,NONE,NONE,NONE,0,0,-1
395,GRID,24,13.408753,1337.862343,1.403559,587459,370,8,3.482588,4,5.995602,117,23,57,0.031109,4,20,-1,0,0,-1,2976,0,0,0,-1,2976,0,0,0,-1,2976,0,0,0,-1,0,0,0,0,-1,2976,0,0,0,-1,2976,0,NONE,NONE,NONE,0,0,-1
732,LINE,56,66.28073,919.179592,4.483662,472009,1214,8,3.274965,1,5.063088,177,23,111,0.194332,0,55,4,0.471629,0.97668,7.749773,729,712,0.327888,0.679012,12.778787,729,495,0.399427,0.82716,12.966449,729,603,0.280858,0.750442,29.367904,565,424,0.137117,0.283951,62.648935,729,207,0.474941,0.983539,7.732525,729,717,AODV,AODV,AODV,0.474941,0.983539,7.732525
396,LINE,62,149.046443,644.96335,0.631544,1468439,257,9,2.371242,1,2.67367,39,10,18,0.138705,0,61,3,0.062624,0.038458,346.88427,10713,412,0.08968,0.055073,352.984378,10713,590,0.04788,0.029404,498.481861,10713,315,0.506616,0.379181,460.824456,8790,3333,0.352488,0.216466,483.010977,10713,2319,0.162184,0.099599,410.368426,10713,1067,OLSR,OLSR,AODV-AERS1,0.506616,0.379181,346.88427
574,HOTSPOT,34,169.923077,447.314809,4.572231,96381,1308,5,2.511839,1,4.393758,57,12,34,0.027169,29,31,2,0.097617,0.992754,5.860054,138,137,0.09833,1,3.250656,138,138,0.082654,0.84058,22.358969,138,116,0.096192,0.978261,3.64745,138,135,0.097617,0.992754,11.937398,138,137,0,0,-1,138,0,AODV-AERS2,AODV-AERS2,AODV-AERS2,0.09833,1,3.250656
797,HOTSPOT,48,166.339958,537.18308,1.658918,1598313,862,6,0.668631,1,1.740409,139,19,67,0.142631,35,43,3,1.039995,0.630322,250.528991,3476,2191,0.937467,0.568182,243.853648,3476,1975,0,0,-1,3476,0,0.648395,0.640112,294.922514,2134,1366,1.019109,0.617664,476.677665,3476,2147,0.539221,0.326812,238.35484,3476,1136,AODV-AERS1,OLSR,AODV,1.039995,0.640112,238.35484
706,GRID,28,10.73865,1614.745839,8.885266,1714300,760,15,3.106248,4,3.615509,120,26,62,0.02935,5,24,13,0,0,-1,4229,0,0,0,-1,4229,0,0,0,-1,4229,0,0,0,-1,0,0,0,0,-1,4229,0,0,0,-1,4229,0,NONE,NONE,NONE,0,0,-1
119,RANDOM,73,260.460266,529.408233,4.156274,1631129,377,9,1.636018,3,3.20048,166,39,86,0.195708,1,35,3,0.061344,0.03501,333.278829,8112,284,0.098064,0.055966,464.820967,8112,454,0.107784,0.061514,425.508697,8112,499,0.821448,0.548773,465.212157,6930,3803,0.6264,0.357495,475.910579,8112,2900,0.147528,0.084196,507.072568,8112,683,OLSR,OLSR,AODV-AERS1,0.821448,0.548773,333.278829
854,HOTSPOT,52,53.295045,987.77551,4.545261,571646,441,8,0.943,3,5.371798,80,17,48,0.156744,39,51,5,0,0,-1,2430,0,0,0,-1,2430,0,0,0,-1,2430,0,0,0,-1,0,0,0,0,-1,2430,0,0,0,-1,2430,0,NONE,NONE,NONE,0,0,-1
364,HOTSPOT,33,16.070712,1432.977616,3.824874,202373,262,10,2.334051,2,4.580864,76,17,38,0.060072,27,31,8,0,0,-1,1448,0,0,0,-1,1448,0,0,0,-1,1448,0,0,0,-1,0,0,0,0,-1,1448,0,0,0,-1,1448,0,NONE,NONE,NONE,0,0,-1
809,RANDOM,44,63.865988,830.025665,1.5384,421350,1268,8,3.283582,1,4.962631,27,5,14,0.030636,1,12,5,0.411955,0.956661,11.103702,623,596,0.402278,0.934189,12.687644,623,582,0.384307,0.892456,13.149545,623,556,0.349056,1,7.212096,505,505,0.429926,0.998395,16.559073,623,622,0.326938,0.75923,22.469435,623,473,DSDV,OLSR,OLSR,0.429926,1,7.212096
930,GRID,64,262.539212,493.733845,3.479493,1090926,1289,5,1.646193,1,4.158842,72,9,41,0.125836,0,63,3,0.168576,0.151324,263.885826,1586,240,0.285174,0.25599,151.577965,1586,406,0.13767,0.123581,173.964207,1586,196,0.07305,0.077209,36.546627,1347,104,0.650422,0.583859,85.884997,1586,926,0.196672,0.176545,160.078858,1586,280,DSDV,DSDV,OLSR,0.650422,0.583859,36.546627
815,LINE,52,167.84903,556.598785,0.971461,879263,998,6,3.146917,4,3.62988,39,8,26,0.044928,0,51,2,0.330509,0.365839,37.744538,1651,604,0.552125,0.611145,188.114412,1651,1009,0.329414,0.364627,45.853636,1651,602,0.667037,0.73834,3.980355,1651,1219,0.837763,0.927317,12.178873,1651,1531,0.44159,0.488795,53.497025,1651,807,DSDV,DSDV,OLSR,0.837763,0.927317,3.980355
638,TWO_CLUSTER,37,18.775721,1403.791317,8.466986,174825,485,11,2.016579,2,3.177817,63,15,40,0.148071,13,28,6,0.165802,0.897778,13.03093,675,606,0.159509,0.863704,13.620848,675,583,0.164434,0.89037,63.553932,675,601,0.036389,0.393491,6.13387,338,133,0,0,-1,675,0,0.167443,0.906667,13.20657,675,612,AODV,AODV,OLSR,0.167443,0.906667,6.13387
112,LINE,45,34.567293,1140.968286,7.996855,505670,1145,12,2.234149,2,4.758129,108,15,49,0.184823,0,44,5,0.194562,0.375604,45.616002,828,311,0.484214,0.934783,10.743122,828,774,0.49047,0.94686,10.930079,828,784,0.184552,0.443609,17.097353,665,295,0.198941,0.384058,79.304352,828,318,0.495475,0.956522,11.332612,828,792,AODV,AODV,AODV-AERS2,0.495475,0.956522,10.743122
602,CORRIDOR,78,25.292787,1756.098846,5.341336,740659,210,10,3.314923,3,4.864195,117,16,71,0.197617,34,40,7,0.201443,0.239982,492.576165,6613,1587,0.032241,0.038409,108.435132,6613,254,0.154224,0.183729,274.777333,6613,1215,0.0985,0.156294,448.850734,4965,776,0.179103,0.213368,726.576032,6613,1411,0.052931,0.063058,293.164729,6613,417,AODV-AERS1,AODV-AERS1,AODV-AERS2,0.201443,0.239982,108.435132
121,LINE,42,23.68407,1331.669562,4.401959,250976,220,9,2.111683,1,4.538948,168,42,78,0.181583,0,41,6,0.254349,0.899439,6.048671,2138,1923,0.243238,0.86015,5.761143,2138,1839,0,0,-1,2138,0,0.117717,0.923237,75.263474,964,890,0.275115,0.972872,23.424552,2138,2080,0.269559,0.953227,4.715308,2138,2038,DSDV,DSDV,AODV,0.275115,0.972872,4.715308
534,TWO_CLUSTER,59,216.698243,521.793075,5.042947,1313079,300,6,1.896963,3,1.402904,54,13,26,0.162052,8,57,2,0.194176,0.135267,437.749379,8206,1110,0.463398,0.322813,153.206184,8206,2649,0.328875,0.229101,436.909943,8206,1880,0.795247,0.754272,340.263128,6027,4546,1.042428,0.726176,165.686306,8206,5959,0.171435,0.119425,367.812156,8206,980,DSDV,OLSR,AODV-AERS2,1.042428,0.754272,153.206184
454,GRID,71,111.283066,798.756918,0.363079,1455442,162,9,2.031683,4,4.169944,48,8,33,0.028395,8,63,5,0.097179,0.056931,542.148684,16845,959,0.303392,0.177738,547.284067,16845,2994,0.1976,0.115761,513.268868,16845,1950,0.330651,0.234681,660.023234,13904,3263,0.376757,0.220718,753.532511,16845,3718,0.189291,0.110893,482.171617,16845,1868,DSDV,OLSR,AODV,0.376757,0.234681,482.171617
596,TWO_CLUSTER,20,13.733564,1206.766853,12.883167,105565,317,7,1.25859,3,3.165384,37,8,25,0.103373,8,9,5,0.10764,0.9375,44.096713,624,585,0.089792,0.782051,20.676895,624,488,0.10764,0.9375,38.397311,624,585,0.0368,0.390625,41.452267,512,200,0.063848,0.55609,42.639287,624,347,0.107088,0.932692,8.440009,624,582,AODV-AERS1,AODV-AERS1,AODV,0.10764,0.9375,8.440009
894,CORRIDOR,54,67.774561,892.613649,0.636533,1506877,1194,9,1.777126,2,4.142241,36,5,23,0.164543,8,21,4,1.471614,0.954353,8.85623,2366,2258,0.823139,0.533812,17.686779,2366,1263,1.311287,0.85038,13.793037,2366,2012,1.187458,0.943553,49.784729,1931,1822,1.386889,0.899408,119.077986,2366,2128,0.666071,0.431953,36.487088,2366,1022,AODV-AERS1,AODV-AERS1,AODV-AERS1,1.471614,0.954353,8.85623
735,CORRIDOR,53,105.926058,707.353538,8.101089,1856345,607,9,0.639802,2,5.324542,37,7,20,0.127169,5,47,3,0.639064,0.32909,381.968769,5734,1887,0.427397,0.220091,361.306005,5734,1262,0.178816,0.092082,408.034782,5734,528,0.726101,0.569758,460.320952,3763,2144,0.681397,0.350889,621.430087,5734,2012,0.336296,0.173178,458.954046,5734,993,OLSR,OLSR,AODV-AERS2,0.726101,0.569758,361.306005
398,TWO_CLUSTER,72,148.849898,695.491741,0.785577,891495,181,8,1.926328,4,1.144963,145,19,79,0.158965,30,37,3,0.117151,0.113806,394.064691,9235,1051,0.049491,0.048078,314.164993,9235,444,0.001561,0.001516,522.494608,9235,14,0.482428,0.552746,485.791873,7830,4328,0.583639,0.566973,458.101733,9235,5236,0.024523,0.023822,443.209748,9235,220,DSDV,DSDV,AODV-AERS2,0.583639,0.566973,314.164993
310,RANDOM,74,152.240182,697.190102,4.784188,83330,511,9,3.202198,3,1.052101,157,26,85,0.136201,27,59,4,0.077041,0.878689,17.581135,305,268,0.079628,0.908197,22.278481,305,277,0.079628,0.908197,14.470559,305,277,0.073017,1,3.832091,254,254,0.084803,0.967213,15.3555,305,295,0.067555,0.770492,28.902264,305,235,DSDV,OLSR,OLSR,0.084803,1,3.832091
346,RING,44,26.007171,1300.707917,6.737433,555534,203,11,0.864337,2,3.263553,111,27,55,0.10422,4,27,6,0.436867,0.691093,321.426813,5131,3546,0.459536,0.726954,274.235055,5131,3730,0.42467,0.671799,241.817168,5131,3447,0.282251,0.556608,467.881916,4116,2291,0.243566,0.385305,362.16742,5131,1977,0.176792,0.279673,122.098957,5131,1435,AODV-AERS2,AODV-AERS2,AODV,0.459536,0.726954,122.098957
968,TWO_CLUSTER,77,455.185937,411.292646,0.104216,1570707,444,5,3.328401,3,3.626571,98,23,46,0.064255,27,56,2,0.072247,0.043269,507.462488,6633,287,0.735061,0.440223,394.493258,6633,2920,0.28169,0.168702,435.636513,6633,1119,1.43488,0.85934,372.639721,6633,5700,1.329404,0.796171,142.064058,6633,5281,0.29629,0.177446,486.344393,6633,1177,OLSR,OLSR,DSDV,1.43488,0.85934,142.064058
562,RING,68,87.199792,883.073256,2.445254,1206376,972,10,1.317061,2,1.718213,30,5,16,0.167671,25,60,4,0,0,-1,2327,0,0.890133,0.717232,27.54914,2327,1669,1.215467,0.979373,5.999752,2327,2279,0.773333,0.752856,13.218849,1926,1450,0.6976,0.562097,153.701437,2327,1308,1.004267,0.809196,9.263745,2327,1883,AODV-AERS3,AODV-AERS3,AODV-AERS3,1.215467,0.979373,5.999752
907,RING,55,22.214806,1573.475837,10.98223,392230,378,8,2.564197,3,4.903547,76,16,50,0.092976,13,36,6,0.336709,0.799486,8.917859,1945,1555,0.306395,0.727506,7.159744,1945,1415,0.373087,0.885861,6.912968,1945,1723,0.014508,0.042513,122.528565,1576,67,0,0,-1,1945,0,0.327831,0.778406,30.622696,1945,1514,AODV-AERS3,AODV-AERS3,AODV-AERS3,0.373087,0.885861,6.912968
328,RING,36,63.412842,753.464236,1.71188,616387,261,9,1.067586,1,1.397907,170,24,78,0.142353,8,24,3,0.670326,0.982159,2.521537,4428,4349,0.662927,0.971319,3.69672,4428,4301,0.670172,0.981933,13.95376,4428,4348,0.577383,0.999733,2.186666,3747,3746,0.62686,0.918473,5.700403,4428,4067,0.625935,0.917118,3.354964,4428,4061,AODV-AERS1,OLSR,OLSR,0.670326,0.999733,2.186666
342,TWO_CLUSTER,38,63.09516,776.057275,11.295766,196252,754,8,1.455124,3,3.456173,149,29,94,0.044843,6,29,3,0.125537,0.616803,8.468336,488,301,0.167244,0.821721,24.861253,488,401,0.143888,0.706967,16.797535,488,345,0.025858,0.149398,123.854667,415,62,0.203529,1,8.300567,488,488,0.187263,0.920082,10.161483,488,449,DSDV,DSDV,DSDV,0.203529,1,8.300567
528,CORRIDOR,40,35.242888,1065.354756,9.693651,1524179,940,10,3.123377,4,3.115576,63,14,38,0.060218,31,35,5,0.850291,0.541776,320.694333,3040,1647,0.784209,0.499671,235.344646,3040,1519,0.833254,0.530921,155.516693,3040,1614,0.672179,0.914326,455.807258,1424,1302,0.215799,0.1375,504.091986,3040,418,0.912759,0.581579,106.518441,3040,1768,AODV,OLSR,AODV,0.912759,0.914326,106.518441
382,RING,22,6.417416,1851.532156,4.160603,364787,138,14,1.188951,3,1.533779,148,25,69,0.050575,4,15,11,0.352009,0.80226,9.494812,4956,3976,0.286759,0.653551,8.128435,4956,3239,0.351743,0.801655,11.1466,4956,3973,0.235233,0.710808,73.800516,3738,2657,0.233197,0.531477,15.441819,4956,2634,0.352717,0.803874,11.043338,4956,3984,AODV,AODV,AODV-AERS2,0.352717,0.803874,8.128435
94,LINE,32,17.410985,1355.699127,13.260442,914494,208,13,1.734853,3,1.022155,141,29,90,0.197446,0,31,6,0.346259,0.333738,405.140639,8243,2751,0.268474,0.258765,328.02903,8243,2133,0.178857,0.172389,375.190959,8243,1421,0.083827,0.101078,452.692418,6589,666,0.469986,0.45299,681.497525,8243,3734,0.106609,0.102754,375.055295,8243,847,DSDV,DSDV,AODV-AERS2,0.469986,0.45299,328.02903
115,GRID,70,308.191411,476.583228,2.359436,1595806,510,8,2.717104,3,4.217338,163,34,111,0.117639,8,63,3,0.151214,0.08984,228.034967,5866,527,0.323087,0.191954,341.733147,5866,1126,0.220078,0.130753,521.491279,5866,767,0.92536,0.646163,385.911833,4991,3225,1.030378,0.612172,488.593393,5866,3591,0.315627,0.187521,322.126802,5866,1100,DSDV,OLSR,AODV-AERS1,1.030378,0.646163,228.034967
530,GRID,46,57.633746,893.388777,2.054351,839770,468,13,1.944448,1,1.01812,125,22,74,0.156978,6,42,6,0.626415,0.703924,9.618774,3364,2368,0.71133,0.799346,8.828861,3364,2689,0.829312,0.931926,14.520055,3364,3135,0.68567,0.942203,76.424928,2751,2592,0.825079,0.92717,75.980623,3364,3119,0.758946,0.852854,8.346394,3364,2869,AODV-AERS3,OLSR,AODV,0.829312,0.942203,8.346394
527,LINE,60,32.200337,1365.040113,7.438227,1299992,280,9,0.755418,4,4.961792,60,11,38,0.070148,0,59,6,0.179379,0.125445,507.354425,8705,1092,0.187757,0.131304,427.078729,8705,1143,0.090511,0.063297,280.558015,8705,551,0,0,-1,0,0,0.064228,0.044917,678.767501,8705,391,0.340032,0.237794,442.677269,8705,2070,AODV,AODV,AODV-AERS3,0.340032,0.237794,280.558015
63,HOTSPOT,49,19.65536,1578.910582,13.033143,618271,1052,13,2.100375,4,2.896418,101,20,52,0.097225,37,40,9,0,0,-1,1101,0,0,0,-1,1101,0,0,0,-1,1101,0,0,0,-1,0,0,0,0,-1,1101,0,0,0,-1,1101,0,NONE,NONE,NONE,0,0,-1
956,TWO_CLUSTER,77,510.756372,388.274139,4.733456,1135993,585,5,3.033346,3,3.316328,29,5,15,0.107272,17,46,2,0.409321,0.343862,95.87203,3641,1252,0.203353,0.170832,70.032062,3641,622,0.60025,0.504257,137.268531,3641,1836,1.011205,0.849492,57.212863,3641,3093,1.060899,0.891239,42.727061,3641,3245,0.374339,0.314474,159.646837,3641,1145,DSDV,DSDV,DSDV,1.060899,0.891239,42.727061
906,RING,54,440.100512,350.284518,5.817555,597113,582,8,1.224817,2,5.344488,28,6,19,0.185496,22,49,1,0.60512,0.967239,34.817335,1923,1860,0.625616,1,0.76922,1923,1923,0.625616,1,2.419071,1923,1923,0.625616,1,1.402059,1923,1923,0.601867,0.962038,11.574716,1923,1850,0.605445,0.967759,12.02148,1923,1861,AODV-AERS2,AODV-AERS2,AODV-AERS2,0.625616,1,0.76922
233,GRID,34,104.187741,571.25649,10.031248,825627,1335,9,2.60807,3,2.310229,62,12,38,0.172648,5,30,4,0.82725,0.981881,6.667489,1159,1138,0.36274,0.430544,17.942695,1159,499,0.689133,0.817947,16.847545,1159,948,0.60917,0.861254,36.460855,973,838,0.777092,0.922347,9.52166,1159,1069,0.8178,0.970664,6.984638,1159,1125,AODV-AERS1,AODV-AERS1,AODV-AERS1,0.82725,0.981881,6.667489
373,RANDOM,29,38.105435,872.379672,8.333065,103450,1313,9,0.557219,3,4.934325,38,9,19,0.02371,11,28,6,0.094406,0.897959,33.416559,147,132,0.097982,0.931973,10.874007,147,137,0.09083,0.863946,44.101601,147,127,0.086539,1,8.944891,121,121,0.050779,0.482993,254.09175,147,71,0.098698,0.938776,32.872036,147,138,AODV,OLSR,OLSR,0.098698,1,8.944891
768,CORRIDOR,49,151.03517,569.585592,1.32572,2034636,1205,6,2.771547,2,3.639632,58,11,32,0.025675,27,34,3,0.620774,0.298262,297.122178,3165,944,0.57803,0.277725,296.832089,3165,879,0.720072,0.345972,325.651119,3165,1095,0.518846,0.339355,120.166002,2325,789,1.026514,0.493207,373.82321,3165,1561,0.717442,0.344708,292.412347,3165,1091,DSDV,DSDV,OLSR,1.026514,0.493207,120.166002
449,RANDOM,55,201.732358,522.147932,0.844382,280748,802,8,2.779539,4,1.900702,178,31,105,0.023272,25,29,3,0.079237,0.272866,119.117612,656,179,0.266485,0.917683,7.612108,656,602,0.285963,0.984756,4.590832,656,646,0.190347,0.758377,4.125806,567,430,0.148736,0.512195,12.596964,656,336,0.284635,0.980183,4.998927,656,643,AODV-AERS3,AODV-AERS3,OLSR,0.285963,0.984756,4.125806
469,RING,76,35.705784,1458.940265,10.878065,1690137,144,8,1.509222,2,2.880586,176,22,93,0.192611,20,58,6,0.168422,0.083432,555.503909,22006,1836,0.073754,0.036535,460.508334,22006,804,0.029446,0.014587,660.534246,22006,321,0.000367,0.000236,1435.762282,16958,4,0.05082,0.025175,889.305223,22006,554,0.156038,0.077297,632.08309,22006,1701,AODV-AERS1,AODV-AERS1,AODV-AERS2,0.168422,0.083432,460.508334
282,RING,38,56.089665,823.09578,8.539542,184155,1245,6,1.424777,2,2.159657,90,20,56,0.109085,19,37,4,0,0,-1,277,0,0.106593,0.566787,26.665829,277,157,0.145971,0.776173,16.724933,277,215,0.117455,0.762115,4.95807,227,173,0.175165,0.931408,19.431014,277,258,0.150044,0.797834,8.940268,277,221,DSDV,DSDV,OLSR,0.175165,0.931408,4.95807
20,GRID,58,286.859364,449.655056,3.516271,765714,317,6,1.748728,4,4.387729,168,28,102,0.188855,7,56,3,0.000552,0.000662,1206.908849,4529,3,0.333592,0.400309,8.49319,4529,1813,0.341688,0.410024,310.437302,4529,1857,0.676752,0.951125,78.870824,3867,3678,0.749248,0.899095,133.557497,4529,4072,0.64768,0.777214,11.140287,4529,3520,DSDV,OLSR,AODV-AERS2,0.749248,0.951125,8.49319
779,RING,34,52.28652,806.388994,13.771395,421853,1356,7,0.630961,4,1.344024,50,12,31,0.129543,0,18,3,0.38752,0.900515,13.580627,583,525,0.121792,0.283019,7.101464,583,165,0.350613,0.814751,20.29474,583,475,0.172723,0.482474,6.733039,485,234,0.403759,0.93825,16.112365,583,547,0.084885,0.197256,64.418453,583,115,DSDV,DSDV,OLSR,0.403759,0.93825,6.733039
144,LINE,37,19.160759,1389.615035,5.721228,1448176,146,8,0.570255,1,4.011918,71,10,43,0.11559,0,36,6,0.324707,0.188139,582.194871,18598,3499,0.330368,0.191418,501.088334,18598,3560,0.286938,0.166254,478.804034,18598,3092,0.322294,0.244715,766.134294,14192,3473,0.200726,0.116303,1175.954529,18598,2163,0.060877,0.035273,566.925983,18598,656,AODV-AERS2,OLSR,AODV-AERS3,0.330368,0.244715,478.804034
915,LINE,32,21.661178,1215.441189,5.412436,635904,913,11,2.527037,1,1.754335,46,8,30,0.054226,0,31,5,0.460212,0.702682,17.431636,1305,917,0.530975,0.810728,12.413569,1305,1058,0.59421,0.90728,9.203895,1305,1184,0.070763,0.324138,6.951663,435,141,0.348797,0.532567,13.774088,1305,695,0.582165,0.888889,11.375682,1305,1160,AODV-AERS3,AODV-AERS3,OLSR,0.59421,0.90728,6.951663
62,LINE,60,48.813903,1108.673986,5.030227,646773,974,12,1.759272,4,2.570169,125,19,76,0.173062,0,59,5,0.352704,0.53012,81.317555,1245,660,0.171542,0.257831,85.218745,1245,321,0.07161,0.107631,304.897235,1245,134,0.175283,0.320939,6.988716,1022,328,0.036874,0.055422,53.236497,1245,69,0.634333,0.953414,8.310442,1245,1187,AODV,AODV,OLSR,0.634333,0.953414,6.988716
128,RANDOM,63,278.151576,475.91513,4.183931,312000,1008,9,1.211095,4,3.166402,169,32,117,0.193389,33,37,3,0.114927,0.358621,60.962886,580,208,0.146421,0.456897,38.348952,580,265,0.109954,0.343103,40.52148,580,199,0.107191,0.395918,50.785186,490,194,0.28345,0.884483,15.202123,580,513,0.075697,0.236207,37.243787,580,137,DSDV,DSDV,DSDV,0.28345,0.884483,15.202123
36,RING,31,29.794615,1020.027685,14.844311,715028,1295,10,2.654473,4,1.558454,39,6,19,0.199965,3,19,5,0.675259,0.924638,9.417112,1035,957,0.667498,0.91401,15.75796,1035,946,0.633629,0.867633,13.000318,1035,898,0.484747,0.814947,41.7363,843,687,0.191218,0.261836,113.365806,1035,271,0,0,-1,1035,0,AODV-AERS1,AODV-AERS1,AODV-AERS1,0.675259,0.924638,9.417112
771,GRID,33,110.027243,547.654744,12.093398,112859,962,6,1.636995,3,2.105914,128,27,73,0.087003,5,30,3,0.101376,0.876712,44.773137,219,192,0.088176,0.762557,37.011334,219,167,0.106128,0.917808,22.723063,219,201,0.061248,0.630435,4.88292,184,116,0.106656,0.922374,7.034705,219,202,0.1056,0.913242,28.233396,219,200,DSDV,DSDV,OLSR,0.106656,0.922374,4.88292
104,RING,60,151.457342,629.405394,3.111403,1796665,1144,6,1.366343,3,4.721679,180,27,115,0.169581,12,44,3,0.193146,0.104959,216.210881,2944,309,0.673822,0.366168,335.273556,2944,1078,0.248777,0.13519,59.878498,2944,398,1.226381,0.793048,168.378519,2474,1962,1.248258,0.678329,298.168261,2944,1997,0.523181,0.284307,325.979402,2944,837,DSDV,OLSR,AODV-AERS3,1.248258,0.793048,59.878498
728,CORRIDOR,49,102.917392,690.007251,8.570018,1958088,252,10,1.77695,4,3.943676,147,31,73,0.178498,42,43,3,0.134848,0.061981,572.208172,14569,903,0.002987,0.001373,329.948923,14569,20,0.156651,0.072002,482.958194,14569,1049,0.165013,0.154157,687.323565,7168,1105,0.53536,0.24607,508.282952,14569,3585,0.207573,0.095408,463.215645,14569,1390,DSDV,DSDV,AODV-AERS2,0.53536,0.24607,329.948923
986,RANDOM,38,34.981422,1042.252799,1.526691,321489,305,10,2.557679,3,4.553339,150,22,97,0.151083,13,18,7,0.321101,0.91498,6.695384,1976,1808,0.287534,0.819332,5.964884,1976,1619,0.320746,0.913968,6.639865,1976,1806,0.054701,0.993548,5.441862,310,308,0,0,-1,1976,0,0.32039,0.912955,5.897378,1976,1804,AODV-AERS1,OLSR,OLSR,0.321101,0.993548,5.441862
966,TWO_CLUSTER,74,98.099216,868.526536,1.304145,1842298,196,7,1.674445,4,3.095722,106,13,66,0.128881,20,71,4,0.034884,0.016568,573.918418,17624,292,0.025805,0.012256,373.735054,17624,216,0.247415,0.11751,528.292247,17624,2071,0.406545,0.237972,551.160503,14300,3403,0.466637,0.22163,672.52332,17624,3906,0.133444,0.063379,596.013105,17624,1117,DSDV,OLSR,AODV-AERS2,0.466637,0.237972,373.735054
730,RANDOM,40,62.903206,797.431901,5.693036,965408,747,11,1.618989,2,5.643496,115,15,75,0.103655,3,10,5,0.8246,0.823359,9.222607,2423,1995,0.798147,0.796946,7.041821,2423,1931,0.831627,0.830376,17.502243,2423,2012,0.4216,0.507968,9.507379,2008,1020,0.805587,0.804375,71.135565,2423,1949,0.9548,0.953364,6.383502,2423,2310,AODV,AODV,AODV,0.9548,0.953364,6.383502
800,GRID,70,206.978107,581.549672,0.706966,827065,1365,5,2.47642,4,4.314575,47,11,29,0.188265,8,63,3,0.200592,0.237676,87.406096,1136,270,0.297916,0.352993,96.705248,1136,401,0.221394,0.262324,151.8892,1136,298,0.664925,0.924587,9.619215,968,895,0.799396,0.947183,19.713036,1136,1076,0.114412,0.135563,95.914174,1136,154,DSDV,DSDV,OLSR,0.799396,0.947183,9.619215
586,LINE,73,516.901664,375.800596,4.241325,495228,874,7,2.358986,3,1.364747,110,22,55,0.193407,0,72,2,0.405539,0.793785,59.038486,1062,843,0.277575,0.543315,14.334449,1062,577,0.389183,0.76177,36.052313,1062,809,0.290564,0.568738,83.51804,1062,604,0.45557,0.891714,6.348615,1062,947,0.124115,0.242938,115.291807,1062,258,DSDV,DSDV,DSDV,0.45557,0.891714,6.348615
196,RING,49,42.794508,1070.049875,2.150982,332221,762,12,0.720672,2,4.439742,112,26,55,0.188725,18,41,5,0.329061,0.955936,8.165684,817,781,0.254485,0.73929,25.731836,817,604,0.329061,0.955936,8.059359,817,781,0.257856,0.910714,23.419731,672,612,0.048875,0.141983,121.635239,817,116,0.32864,0.954712,8.19499,817,780,AODV-AERS1,AODV-AERS1,AODV-AERS3,0.329061,0.955936,8.059359
222,LINE,44,116.69267,614.051151,3.512976,1062505,394,6,2.683869,4,1.465296,145,19,70,0.083648,0,43,3,0.395442,0.347508,192.971489,5056,1757,0.0853,0.07496,163.583767,5056,379,0.390491,0.343157,309.653632,5056,1735,0.644141,0.677396,410.66488,4225,2862,0.890814,0.782832,258.217637,5056,3958,0.140892,0.123813,179.113142,5056,626,DSDV,DSDV,AODV-AERS2,0.890814,0.782832,163.583767
259,HOTSPOT,27,16.149101,1293.027318,9.867307,361324,1109,8,1.074282,3,4.02244,107,21,53,0.133417,22,23,5,0,0,-1,610,0,0,0,-1,610,0,0,0,-1,610,0,0,0,-1,0,0,0,0,-1,610,0,0,0,-1,610,0,NONE,NONE,NONE,0,0,-1
371,GRID,51,128.774701,629.317505,1.450627,603653,283,6,0.52616,2,3.796777,49,9,32,0.145458,7,48,4,0.354125,0.533883,46.049477,3999,2135,0.4631,0.698175,12.336381,3999,2792,0.423789,0.63891,223.123969,3999,2555,0.443196,0.799043,8.15082,3344,2672,0.617522,0.930983,63.764396,3999,3723,0.650861,0.981245,4.409275,3999,3924,AODV,AODV,AODV,0.650861,0.981245,4.409275
829,HOTSPOT,46,32.885617,1182.703594,14.656367,213378,688,14,1.028838,1,2.563781,180,31,121,0.027636,43,45,8,0.085156,0.383821,310.089208,581,223,0.034368,0.154905,63.239761,581,90,0.085156,0.383821,314.601818,581,223,0.014511,0.138686,315.336293,274,38,0,0,-1,581,0,0.001527,0.006885,962.212134,581,4,AODV-AERS1,AODV-AERS1,AODV-AERS2,0.085156,0.383821,63.239761
824,HOTSPOT,48,47.634939,1003.824544,6.244425,375287,148,10,3.357513,1,3.207738,41,7,25,0.029084,35,41,5,0.424747,0.95183,8.545196,4754,4525,0.303189,0.679428,193.818718,4754,3230,0.097809,0.219184,46.773822,4754,1042,0.183228,0.514632,39.6205,3793,1952,0.330692,0.74106,29.787235,4754,3523,0.141175,0.316365,223.101714,4754,1504,AODV-AERS1,AODV-AERS1,AODV-AERS1,0.424747,0.95183,8.545196
345,CORRIDOR,67,135.527802,703.109884,13.417417,732652,1335,8,0.523521,3,1.960553,129,18,89,0.117602,55,59,3,0.162106,0.216715,160.540828,1029,223,0.501584,0.670554,14.76832,1029,690,0.11849,0.158406,29.441281,1029,163,0.382367,1,6.475872,526,526,0.547381,0.731778,30.389303,1029,753,0.351109,0.469388,84.971815,1029,483,DSDV,OLSR,OLSR,0.547381,1,6.475872
134,CORRIDOR,41,20.766271,1405.11759,4.999982,1072801,378,11,1.278821,2,2.248533,140,25,85,0.153918,3,5,7,0.457102,0.39673,393.330398,5321,2111,0.325666,0.282654,312.829946,5321,1504,0.196612,0.170645,373.28824,5321,908,0.059763,0.119688,153.371732,2306,276,0.576845,0.500658,548.610399,5321,2664,0.084665,0.073482,253.697291,5321,391,DSDV,DSDV,OLSR,0.576845,0.500658,153.371732
372,HOTSPOT,58,219.412506,514.142266,2.084841,1689770,310,10,2.563561,1,3.196497,53,11,31,0.121953,42,54,3,0.145295,0.078865,452.636204,10220,806,0.163322,0.08865,445.098013,10220,906,0.266795,0.144814,396.267826,10220,1480,0.604795,0.387861,410.241448,8650,3355,0.856988,0.465166,469.272017,10220,4754,0.187117,0.101566,392.755358,10220,1038,DSDV,DSDV,AODV,0.856988,0.465166,392.755358
647,CORRIDOR,68,31.885607,1460.350526,5.875135,1455735,634,13,2.029984,2,5.662366,173,22,111,0.04864,4,35,6,0.222785,0.146574,361.351704,4305,631,0.659882,0.434146,368.606322,4305,1869,0.002118,0.001394,795.84454,4305,6,0,0,-1,2154,0,0.828647,0.54518,457.036534,4305,2347,0.448748,0.295238,245.894625,4305,1271,DSDV,DSDV,AODV,0.828647,0.54518,245.894625
731,GRID,62,108.407179,756.2525,7.417665,427168,1007,9,1.786053,3,1.074823,90,13,48,0.150584,7,56,5,0.147936,0.337107,13.400005,795,268,0.390816,0.890566,14.134883,795,708,0.312984,0.713208,28.69952,795,567,0.144072,0.396055,60.233614,659,261,0.203136,0.462893,49.412727,795,368,0.428352,0.976101,6.853921,795,776,AODV,AODV,AODV,0.428352,0.976101,6.853921
957,TWO_CLUSTER,30,27.630023,1042.005477,6.674853,639987,523,11,2.81502,2,1.472944,36,5,25,0.137612,11,24,5,0.447265,0.66347,10.584969,2294,1522,0.30856,0.457716,4.740369,2294,1050,0.598313,0.887533,6.594846,2294,2036,0.336477,0.633296,4.596437,1808,1145,0.396132,0.58762,15.084871,2294,1348,0,0,-1,2294,0,AODV-AERS3,AODV-AERS3,OLSR,0.598313,0.887533,4.596437
126,CORRIDOR,49,191.449304,505.907531,8.471045,546348,1182,8,1.154381,2,3.20025,152,30,76,0.165077,18,44,2,0.351061,0.628176,112.713071,866,544,0.558213,0.998845,2.820642,866,865,0.473029,0.84642,13.822852,866,733,0.480773,0.860277,14.016573,866,745,0.531755,0.951501,7.324283,866,824,0.334928,0.599307,57.364413,866,519,AODV-AERS2,AODV-AERS2,AODV-AERS2,0.558213,0.998845,2.820642
737,TWO_CLUSTER,54,328.583026,405.391201,2.390037,1405456,769,6,0.5381,4,4.442542,130,21,62,0.140669,14,17,2,0,0,-1,3426,0,0.41274,0.283421,141.996097,3426,971,0,0,-1,3426,0,1.358088,0.932574,14.98587,3426,3195,1.074143,0.737595,67.001033,3426,2527,0,0,-1,3426,0,OLSR,OLSR,OLSR,1.358088,0.932574,14.98587
399,CORRIDOR,52,19.034306,1652.848863,2.421011,242224,204,14,3.338932,2,2.334317,125,25,70,0.106928,32,38,7,0.190302,0.690925,29.571193,2226,1538,0.224329,0.814465,6.569709,2226,1813,0.238805,0.867026,6.192274,2226,1930,0.220245,0.994413,5.257391,1790,1780,0.252787,0.91779,10.164051,2226,2043,0.251179,0.91195,6.947292,2226,2030,DSDV,OLSR,OLSR,0.252787,0.994413,5.257391
272,CORRIDOR,32,127.09514,501.77673,5.085532,1223399,1148,9,2.844469,3,3.203517,93,16,63,0.179896,7,13,2,1.197325,0.955455,28.379941,1998,1909,1.085056,0.865866,37.139224,1998,1730,0.954598,0.761762,61.078802,1998,1522,0.785882,0.627127,24.355583,1998,1253,0.226419,0.180681,15.294088,1998,361,0.883098,0.704705,10.130714,1998,1408,AODV-AERS1,AODV-AERS1,AODV,1.197325,0.955455,10.130714
981,TWO_CLUSTER,24,7.004639,1851.026967,2.553711,388372,485,14,1.997151,4,2.82587,72,12,45,0.069056,8,17,9,0.355954,0.866755,9.112275,1501,1301,0.315461,0.768155,9.338271,1501,1153,0.35568,0.866089,9.159924,1501,1300,0.279072,0.998043,7.782365,1022,1020,0,0,-1,1501,0,0.328046,0.798801,9.28518,1501,1199,AODV-AERS1,OLSR,OLSR,0.355954,0.998043,7.782365
111,HOTSPOT,34,22.923314,1217.869502,6.146355,252112,1219,9,2.800462,4,4.600361,116,17,54,0.18458,27,30,5,0,0,-1,387,0,0.010641,0.041344,286.30366,387,16,0,0,-1,387,0,0.021282,0.172043,8.792024,186,32,0,0,-1,387,0,0.24674,0.958656,13.853717,387,371,AODV,AODV,OLSR,0.24674,0.958656,8.792024
548,LINE,49,29.855291,1281.112855,1.866283,666792,1122,8,1.389305,3,1.576148,29,5,18,0.086161,0,48,5,0.644613,0.943447,11.19121,1114,1051,0.615787,0.901257,11.372224,1114,1004,0.608427,0.890485,11.548872,1114,992,0.545253,1,6.716343,889,889,0.681413,0.997307,17.976293,1114,1111,0.648907,0.949731,9.334631,1114,1058,DSDV,OLSR,OLSR,0.681413,1,6.716343
428,RANDOM,31,10.612771,1709.09595,13.380483,230724,1317,8,1.106426,1,5.791194,109,24,62,0.1461,3,7,-1,0,0,-1,328,0,0,0,-1,328,0,0,0,-1,328,0,0,0,-1,0,0,0,0,-1,328,0,0,0,-1,328,0,NONE,NONE,NONE,0,0,-1
427,CORRIDOR,38,35.970589,1027.822274,3.138771,1750890,422,10,2.649148,2,5.489237,155,31,90,0.096534,25,37,5,0.5868,0.314308,474.219236,7779,2445,0.69768,0.373698,466.348312,7779,2907,0.48384,0.259159,424.144932,7779,2016,0.49152,0.517041,516.823732,3961,2048,0.26136,0.139992,542.616832,7779,1089,0.48768,0.261216,434.914092,7779,2032,AODV-AERS2,OLSR,AODV-AERS3,0.69768,0.517041,424.144932
46,RANDOM,34,44.020439,878.844974,3.342533,1649564,243,12,1.344099,3,4.196438,53,9,34,0.07166,4,19,5,0.513961,0.279384,451.215527,12728,3556,0.54359,0.29549,428.104726,12728,3761,0.535062,0.290855,414.264871,12728,3702,0.526246,0.347126,484.990279,10489,3641,0.605739,0.329274,697.71607,12728,4191,0.176475,0.09593,390.610372,12728,1221,DSDV,OLSR,AODV,0.605739,0.347126,390.610372
878,GRID,63,85.139077,860.212611,10.645728,980739,1114,8,0.544978,4,5.581624,42,5,27,0.102299,7,56,5,0.800314,0.796364,17.967071,1650,1314,0.340468,0.338788,15.321181,1650,559,0.782042,0.778182,16.203971,1650,1284,0.420256,0.834341,66.887852,827,690,0.380058,0.378182,45.802619,1650,624,0.872793,0.868485,10.098029,1650,1433,AODV,AODV,AODV,0.872793,0.868485,10.098029
28,HOTSPOT,47,17.261625,1650.091719,2.934452,694610,217,5,2.597509,3,3.524184,99,15,54,0.029456,36,39,-1,0,0,-1,6001,0,0,0,-1,6001,0,0,0,-1,6001,0,0,0,-1,0,0,0,0,-1,6001,0,0,0,-1,6001,0,NONE,NONE,NONE,0,0,-1
284,GRID,39,19.332506,1420.326615,1.023886,487476,841,15,3.309735,1,5.087621,126,15,80,0.076602,6,35,11,0.370773,0.736648,15.785842,1086,800,0.329525,0.654696,16.052465,1086,711,0.375408,0.745856,18.863046,1086,810,0.374018,1,12.929023,807,807,0,0,-1,1086,0,0.40507,0.804788,15.472356,1086,874,AODV,OLSR,OLSR,0.40507,1,12.929023
48,GRID,60,159.947965,612.472038,7.740731,282035,1283,7,2.008325,2,3.971369,155,37,76,0.140099,7,56,4,0.211158,0.73301,37.746451,412,302,0.15732,0.546117,82.32223,412,225,0.281078,0.975728,8.857105,412,402,0.134946,0.557803,58.159191,346,193,0.19228,0.667476,32.18743,412,275,0.144734,0.502427,86.702151,412,207,AODV-AERS3,AODV-AERS3,AODV-AERS3,0.281078,0.975728,8.857105
578,HOTSPOT,27,35.369073,873.715507,13.751956,159491,993,9,1.208428,1,1.091124,71,9,42,0.120212,19,20,4,0.135589,0.827243,20.439526,301,249,0,0,-1,301,0,0.003812,0.023256,110.566311,301,7,0.041385,0.535211,5.529561,142,76,0.159004,0.9701,8.400438,301,292,0.011435,0.069767,43.212795,301,21,DSDV,DSDV,OLSR,0.159004,0.9701,5.529561
439,LINE,44,53.586351,906.148232,4.746752,715447,273,7,3.129699,2,4.144235,68,12,44,0.13093,0,43,4,0.428624,0.543456,335.60906,4913,2670,0.669906,0.849379,244.178675,4913,4173,0.625598,0.793202,213.574783,4913,3897,0.295381,0.457825,108.954945,4019,1840,0.699283,0.886627,388.131188,4913,4356,0.626883,0.79483,165.896425,4913,3905,DSDV,DSDV,OLSR,0.699283,0.886627,108.954945
421,GRID,46,28.709099,1265.811786,14.332842,207192,252,11,2.214777,3,2.281979,146,35,71,0.124985,6,42,8,0,0,-1,1541,0,0.139477,0.6061,10.124982,1541,934,0.022251,0.09669,21.51849,1541,149,0.028971,0.158367,49.582073,1225,194,0,0,-1,1541,0,0.119317,0.518494,33.242924,1541,799,AODV-AERS2,AODV-AERS2,AODV-AERS2,0.139477,0.6061,10.124982
837,LINE,41,169.663412,491.584102,4.962226,1160812,1222,9,3.232278,2,1.901733,137,21,85,0.111409,0,40,2,1.184,0.997193,3.046234,1781,1776,1.108667,0.933745,4.092052,1781,1663,0.257333,0.216732,19.577526,1781,386,1.186,0.998877,3.327459,1781,1779,0.587333,0.494666,13.782191,1781,881,1.107333,0.932622,4.164828,1781,1661,OLSR,OLSR,AODV-AERS1,1.186,0.998877,3.046234
424,HOTSPOT,48,87.09825,742.362294,10.599288,1304091,193,6,1.85083,2,2.376057,112,18,71,0.078665,35,41,4,0.326962,0.21896,424.781587,12669,2774,0.347235,0.232536,453.068473,12669,2946,0.263196,0.176257,387.819286,12669,2233,0.000707,0.003123,1769.518448,1921,6,0.073667,0.049333,649.418838,12669,625,0.274983,0.18415,400.078732,12669,2333,AODV-AERS2,AODV-AERS2,AODV-AERS3,0.347235,0.232536,387.819286
479,CORRIDOR,50,20.376682,1566.456243,6.530014,689840,156,9,3.216212,1,5.178916,63,9,31,0.064231,35,48,7,0.029146,0.035822,481.374294,8291,297,0,0,-1,8291,0,0.216286,0.26583,535.295543,8291,2204,0.193911,0.343294,604.626706,5756,1976,0.140233,0.172356,720.431863,8291,1429,0.345724,0.424919,439.901045,8291,3523,AODV,AODV,AODV,0.345724,0.424919,439.901045
283,GRID,69,62.443044,1051.19313,16.458182,478797,211,14,1.874721,4,1.406524,156,35,105,0.181097,8,63,7,0.392342,0.723554,90.004737,4254,3078,0.31701,0.584626,79.318157,4254,2487,0.000255,0.00047,2200.964087,4254,2,0.101973,0.231817,103.104954,3451,800,0.001147,0.002116,676.198858,4254,9,0.347347,0.640574,140.446473,4254,2725,AODV-AERS1,AODV-AERS1,AODV-AERS2,0.392342,0.723554,79.318157
113,LINE,70,30.282238,1520.390114,2.873856,1843749,547,8,3.32088,4,4.866518,115,26,53,0.066374,0,69,6,0.271707,0.140212,443.508414,6319,886,0.42596,0.219813,395.362532,6319,1389,0.333653,0.172179,429.929559,6319,1088,0.305133,0.345127,497.622305,2883,995,0.866333,0.447064,633.843916,6319,2825,0.429947,0.221871,405.537657,6319,1402,DSDV,DSDV,AODV-AERS2,0.866333,0.447064,395.362532
603,LINE,36,35.787568,1002.963571,10.955261,697350,1360,11,1.318661,2,4.033317,115,23,72,0.055533,0,35,4,0.586291,0.824142,20.65536,961,792,0.61146,0.859521,13.885791,961,826,0.677344,0.952133,12.146484,961,915,0.386419,0.647643,17.017775,806,522,0.449342,0.631634,17.017869,961,607,0.635889,0.893861,13.280602,961,859,AODV-AERS3,AODV-AERS3,AODV-AERS3,0.677344,0.952133,12.146484
995,GRID,69,215.933294,565.281458,2.24008,1704712,569,7,0.776717,1,4.91123,35,5,21,0.061053,8,63,3,0.212691,0.118925,342.827134,5617,668,0,0,-1,5617,0,0.192314,0.107531,405.466528,5617,604,0.93737,0.617968,478.994226,4764,2944,0.86764,0.485134,592.43084,5617,2725,0.105072,0.05875,389.140577,5617,330,OLSR,OLSR,AODV-AERS1,0.93737,0.617968,342.827134
136,HOTSPOT,70,146.286434,691.746538,4.710974,306098,1393,8,3.362086,2,3.805909,173,36,89,0.14609,49,67,4,0.203108,0.650485,33.709184,412,268,0,0,-1,412,0,0.302389,0.968447,15.772471,412,399,0.107617,0.416422,49.371848,341,142,0.290263,0.929612,13.742856,412,383,0.168246,0.538835,53.198892,412,222,AODV-AERS3,AODV-AERS3,DSDV,0.302389,0.968447,13.742856
423,HOTSPOT,45,117.616688,618.545688,16.110956,505529,355,6,1.741162,2,1.286442,37,9,18,0.125819,36,44,3,0.290876,0.533333,12.431711,2670,1424,0,0,-1,2670,0,0.500658,0.917978,4.712792,2670,2451,0.41793,0.896582,49.338084,2282,2046,0.496777,0.910861,21.265839,2670,2432,0.10867,0.199251,203.657456,2670,532,AODV-AERS3,AODV-AERS3,AODV-AERS3,0.500658,0.917978,4.712792
892,RANDOM,32,18.082415,1330.291376,3.454879,338359,372,6,2.125992,2,4.78309,139,28,76,0.05499,10,31,-1,0,0,-1,1705,0,0,0,-1,1705,0,0,0,-1,1705,0,0,0,-1,0,0,0,0,-1,1705,0,0,0,-1,1705,0,NONE,NONE,NONE,0,0,-1
389,HOTSPOT,52,81.287053,799.817647,8.610213,1281247,139,12,3.183041,4,2.109209,26,3,16,0.101003,43,45,5,0.165753,0.107678,657.451224,17283,1861,0.283321,0.184054,592.840994,17283,3181,0.235938,0.153272,555.835546,17283,2649,0.233711,0.181078,693.568177,14491,2624,0,0,-1,17283,0,0.18517,0.120292,500.550122,17283,2079,AODV-AERS2,AODV-AERS2,AODV,0.283321,0.184054,500.550122
979,TWO_CLUSTER,30,32.14249,966.097304,15.685833,844412,1391,10,1.243941,1,4.294623,49,11,30,0.179504,27,28,4,0.73788,0.856766,13.670141,1138,975,0.715176,0.830404,11.561789,1138,945,0.69777,0.810193,15.549273,1138,922,0.497974,0.710583,12.238319,926,658,0.047678,0.05536,843.076124,1138,63,0,0,-1,1138,0,AODV-AERS1,AODV-AERS1,AODV-AERS2,0.73788,0.856766,11.561789
799,LINE,65,30.899071,1450.387228,3.539332,636165,278,9,0.909246,3,4.115504,25,5,13,0.041626,0,64,6,0.306326,0.437529,222.694541,4290,1877,0.328358,0.468998,66.403121,4290,2012,0.044227,0.06317,68.313256,4290,271,0.348595,0.645707,140.334112,3308,2136,0.451574,0.644988,312.676699,4290,2767,0.000816,0.001166,306.6636,4290,5,DSDV,OLSR,AODV-AERS2,0.451574,0.645707,66.403121
822,LINE,27,62.120902,659.26953,13.207329,477140,536,5,0.629457,3,5.200264,138,22,86,0.1156,0,26,3,0.327872,0.653086,24.514912,1669,1090,0,0,-1,1669,0,0.382918,0.762732,5.888721,1669,1273,0.204544,0.756396,25.528221,899,680,0.021357,0.04254,45.326715,1669,71,0.459322,0.914919,9.22861,1669,1527,AODV,AODV,AODV-AERS3,0.459322,0.914919,5.888721
156,GRID,56,62.476199,946.753054,17.165219,732847,1319,12,2.843401,4,3.797934,142,28,89,0.134009,7,48,6,0.50719,0.678194,16.054132,1041,706,0.262934,0.351585,32.992303,1041,366,0.191813,0.256484,202.819238,1041,267,0.06753,0.109942,261.586676,855,94,0.254314,0.340058,238.657413,1041,354,0.403022,0.538905,32.794125,1041,561,AODV-AERS1,AODV-AERS1,AODV-AERS1,0.50719,0.678194,16.054132
386,GRID,69,167.239213,642.325979,4.852747,1230757,793,11,0.715244,2,3.473535,119,25,83,0.020813,8,63,4,0,0,-1,2910,0,1.175672,0.92268,35.996068,2910,2685,0.473334,0.371478,196.802862,2910,1081,0.924337,0.844738,230.175403,2499,2111,0.430861,0.338144,181.472496,2910,984,0.40021,0.314089,338.171321,2910,914,AODV-AERS2,AODV-AERS2,AODV-AERS2,1.175672,0.92268,35.996068
888,HOTSPOT,33,30.668441,1037.316111,6.898273,412522,443,13,2.686466,1,4.714896,73,11,51,0.069044,23,25,8,0.350173,0.798396,32.633305,1746,1394,0.356955,0.81386,7.848739,1746,1421,0.383834,0.875143,8.760654,1746,1528,0.256475,0.781178,27.215041,1307,1021,0,0,-1,1746,0,0.371022,0.845934,8.116442,1746,1477,AODV-AERS3,AODV-AERS3,AODV-AERS2,0.383834,0.875143,7.848739
541,HOTSPOT,59,145.401664,637.002766,1.567515,1153070,818,6,3.114284,2,3.845214,115,21,56,0.136655,55,56,4,0.884803,0.74196,87.588735,2643,1961,1.145597,0.960651,7.227967,2643,2539,0.95113,0.797579,10.99776,2643,2108,0.576182,0.948737,75.079293,1346,1277,0.53377,0.447597,102.705479,2643,1183,0.700262,0.587212,77.808533,2643,1552,AODV-AERS2,AODV-AERS2,AODV-AERS2,1.145597,0.960651,7.227967
704,GRID,37,21.257751,1319.295866,7.928641,563451,366,14,0.895294,2,5.66626,89,22,58,0.166213,6,35,11,0.523442,0.863132,8.157932,2886,2491,0.396311,0.6535,9.493589,2886,1886,0.461873,0.761608,18.874203,2886,2198,0.44065,0.997621,8.105394,2102,2097,0.102965,0.169785,9.640974,2886,490,0.524073,0.864172,8.160906,2886,2494,AODV,OLSR,OLSR,0.524073,0.997621,8.105394
681,HOTSPOT,23,7.240929,1782.242352,12.400035,725593,447,5,2.736511,4,3.524019,164,39,89,0.065385,16,18,-1,0,0,-1,3043,0,0,0,-1,3043,0,0,0,-1,3043,0,0,0,-1,0,0,0,0,-1,3043,0,0,0,-1,3043,0,NONE,NONE,NONE,0,0,-1
857,TWO_CLUSTER,35,37.496759,966.13354,13.373077,518298,284,7,3.07302,3,2.413037,134,29,79,0.144536,12,25,4,0.452109,0.794212,6.181688,3421,2717,0,0,-1,3421,0,0.539469,0.947676,4.693091,3421,3242,0.423322,0.887339,4.260174,2867,2544,0.278387,0.489038,28.869643,3421,1673,0.526157,0.924291,4.205685,3421,3162,AODV-AERS3,AODV-AERS3,AODV,0.539469,0.947676,4.205685
657,HOTSPOT,56,18.655169,1732.58446,14.9342,574040,492,5,2.928502,4,1.654877,132,26,74,0.089109,52,53,-1,0,0,-1,2187,0,0,0,-1,2187,0,0,0,-1,2187,0,0,0,-1,0,0,0,0,-1,2187,0,0,0,-1,2187,0,NONE,NONE,NONE,0,0,-1
490,RANDOM,47,51.067075,959.352997,4.374659,254226,1308,9,2.035505,2,5.492291,57,13,34,0.121307,9,19,7,0.238699,0.92033,21.690475,364,335,0.224448,0.865385,29.858905,364,315,0.22231,0.857143,24.307565,364,312,0.133244,0.65614,18.236243,285,187,0,0,-1,364,0,0.21091,0.813187,36.692827,364,296,AODV-AERS1,AODV-AERS1,OLSR,0.238699,0.92033,18.236243
181,RANDOM,74,91.268191,900.442817,8.399689,1759005,171,8,1.970873,1,2.195682,31,6,15,0.096193,37,45,5,0.287409,0.140405,576.796691,19287,2708,0.323282,0.15793,535.406714,19287,3046,0.306938,0.149946,568.968561,19287,2892,0.164082,0.098666,1031.542257,15669,1546,0.125662,0.061389,856.685373,19287,1184,0.25663,0.125369,708.348846,19287,2418,AODV-AERS2,AODV-AERS2,AODV-AERS2,0.323282,0.15793,535.406714
514,RANDOM,70,74.995785,966.118931,11.673184,207108,1267,10,1.475802,3,4.4591,158,21,79,0.196047,37,51,6,0.187171,0.885621,21.182417,306,271,0.118795,0.562092,57.304737,306,172,0.023483,0.111111,75.67865,306,34,0.017267,0.101215,15.115549,247,25,0.116723,0.552288,44.564479,306,169,0.198221,0.937908,18.815822,306,287,AODV,AODV,OLSR,0.198221,0.937908,15.115549
239,TWO_CLUSTER,24,45.117758,729.343082,10.47768,1826015,441,7,1.510444,1,2.577245,138,31,95,0.101017,11,18,3,0.80618,0.415175,399.09212,7763,3223,0,0,-1,7763,0,0.39421,0.203014,390.306023,7763,1576,0.511022,0.313873,540.376191,6509,2043,0.46975,0.241917,502.226582,7763,1878,0.660602,0.340204,410.865337,7763,2641,AODV-AERS1,AODV-AERS1,AODV-AERS3,0.80618,0.415175,390.306023
626,TWO_CLUSTER,58,47.138423,1109.242426,0.454507,170197,177,12,2.707644,4,1.833719,78,11,51,0.166165,10,15,5,0.136229,0.691454,62.068243,1802,1246,0.183133,0.929523,4.564958,1802,1675,0.187616,0.952275,5.085645,1802,1716,0.154269,0.922825,5.479675,1529,1411,0.163672,0.830744,10.511018,1802,1497,0.187397,0.951165,4.370058,1802,1714,AODV-AERS3,AODV-AERS3,AODV,0.187616,0.952275,4.370058
974,CORRIDOR,75,34.604195,1472.198117,9.061405,553379,253,10,2.226861,3,5.019902,97,12,46,0.033661,38,74,6,0.023829,0.038771,312.341437,4101,159,0.324611,0.528164,22.85742,4101,2166,0.249378,0.405755,15.858534,4101,1664,0.016785,0.034136,103.210696,3281,112,0.00045,0.000732,1374.998749,4101,3,0.216258,0.351865,96.072659,4101,1443,AODV-AERS2,AODV-AERS2,AODV-AERS3,0.324611,0.528164,15.858534
703,CORRIDOR,23,11.898518,1390.328701,3.799127,1183319,172,10,3.391868,3,4.806532,173,41,88,0.18131,1,12,7,0.430613,0.31297,517.870955,12899,4037,0,0,-1,12899,0,0.39616,0.287929,434.069706,12899,3714,0.290133,0.265989,517.170612,10226,2720,0.257173,0.186914,506.834522,12899,2411,0.40864,0.297,440.670342,12899,3831,AODV-AERS1,AODV-AERS1,AODV-AERS3,0.430613,0.31297,434.069706
77,CORRIDOR,55,71.541958,876.800794,7.573466,618381,991,8,1.052086,3,4.33581,138,22,69,0.024169,4,29,4,0.07989,0.125749,54.922554,1169,147,0.194561,0.306245,108.429354,1169,358,0.121193,0.190761,87.93264,1169,223,0.302711,0.589418,16.852374,945,557,0.24619,0.387511,13.375361,1169,453,0,0,-1,1169,0,OLSR,OLSR,DSDV,0.302711,0.589418,13.375361
764,LINE,63,45.365103,1178.44501,4.733629,1075364,774,11,2.961122,1,5.705421,92,23,64,0.092625,0,62,5,0.523546,0.469866,34.098467,2605,1224,0.474784,0.426104,51.111539,2605,1110,0.803283,0.720921,14.055409,2605,1878,0,0,-1,0,0,0.989347,0.887908,258.705435,2605,2313,0.247658,0.222265,100.775564,2605,579,DSDV,DSDV,AODV-AERS3,0.989347,0.887908,14.055409
525,CORRIDOR,65,41.607893,1249.881436,1.524096,308661,835,9,3.120207,1,2.156368,113,27,61,0.063217,14,41,5,0.217246,0.681097,26.692547,693,472,0.287667,0.901876,13.212758,693,625,0.300554,0.94228,10.757547,693,653,0.231054,0.921101,21.736639,545,502,0.22507,0.705628,42.005738,693,489,0.127034,0.398268,42.029606,693,276,AODV-AERS3,AODV-AERS3,AODV-AERS3,0.300554,0.94228,10.757547
30,TWO_CLUSTER,61,86.034503,842.031989,8.366612,467065,1327,11,1.127621,1,4.158195,155,27,106,0.145544,20,41,4,0.059259,0.124431,100.709662,659,82,0.165491,0.347496,41.769124,659,229,0.026016,0.054628,454.324939,659,36,0.072989,0.189139,36.073818,534,101,0.396744,0.83308,21.390521,659,549,0.179944,0.377845,102.237853,659,249,DSDV,DSDV,DSDV,0.396744,0.83308,21.390521
686,HOTSPOT,20,34.008906,766.864555,12.446068,1619596,128,11,2.7218,4,5.502427,135,23,83,0.058343,15,18,4,0.317741,0.160976,532.278911,23724,3819,0.220563,0.111743,522.859495,23724,2651,0.335962,0.170207,510.888722,23724,4038,0.201926,0.126518,864.208704,19183,2427,0.30759,0.155834,1592.841833,23724,3697,0.408678,0.207048,521.33207,23724,4912,AODV,AODV,AODV-AERS3,0.408678,0.207048,510.888722
711,TWO_CLUSTER,48,44.456036,1039.094985,11.757041,149334,339,9,2.062705,1,4.511508,144,20,81,0.108725,4,43,5,0.13075,0.809697,7.953325,825,668,0.15091,0.934545,7.981561,825,771,0.135839,0.841212,11.117826,825,694,0.023488,0.29703,65.560268,404,120,0.153455,0.950303,11.097208,825,784,0.096301,0.596364,36.638943,825,492,DSDV,DSDV,AODV-AERS1,0.153455,0.950303,7.953325
254,GRID,63,112.755612,747.482779,11.169023,602128,1382,7,2.805966,1,5.46484,33,8,16,0.170599,7,56,5,0.251168,0.409314,123.240415,816,334,0.514368,0.838235,15.702735,816,684,0.197024,0.321078,63.772662,816,262,0.261696,0.520179,50.90887,669,348,0.21056,0.343137,105.454434,816,280,0.451952,0.73652,34.314686,816,601,AODV-AERS2,AODV-AERS2,AODV-AERS2,0.514368,0.838235,15.702735
716,GRID,55,122.822057,669.180323,0.118051,2098945,593,7,1.635503,1,3.00152,81,16,40,0.113892,7,48,4,0.37823,0.172092,461.501059,6636,1142,0.601128,0.273508,413.45281,6636,1815,0.675648,0.307414,500.353205,6636,2040,0.961805,0.52381,680.819015,5544,2904,0.955512,0.43475,657.984555,6636,2885,0.693533,0.315552,523.938357,6636,2094,OLSR,OLSR,AODV-AERS2,0.961805,0.52381,413.45281
124,GRID,57,39.282668,1204.583585,3.729434,765740,1103,12,0.620067,1,2.307083,49,12,26,0.142702,7,56,7,0.715395,0.911606,12.890277,1301,1186,0.562786,0.717141,13.076706,1301,933,0.718411,0.91545,12.588845,1301,1191,0.604406,1,9.43014,1002,1002,0.36192,0.461184,65.693995,1301,600,0.682219,0.869331,11.187501,1301,1131,AODV-AERS3,OLSR,OLSR,0.718411,1,9.43014
972,RING,41,37.965007,1039.202509,6.60038,764034,233,11,3.110426,4,1.188214,157,39,97,0.185891,11,33,5,0.561254,0.655823,365.148221,6148,4032,0.401174,0.46877,397.689196,6148,2882,0.488174,0.570429,344.917093,6148,3507,0.566822,0.812288,471.147715,5013,4072,0.604128,0.705921,451.991795,6148,4340,0.500146,0.584418,300.268289,6148,3593,DSDV,OLSR,AODV,0.604128,0.812288,300.268289
898,LINE,31,11.154915,1667.046518,8.631606,640786,1375,9,0.634175,4,2.363531,82,16,44,0.080867,0,30,7,0,0,-1,873,0,0.489366,0.749141,16.991065,873,654,0.543242,0.831615,17.672721,873,726,0.097275,0.185185,27.643134,702,130,0.335972,0.514318,69.872727,873,449,0.597865,0.915235,16.327049,873,799,AODV,AODV,AODV,0.597865,0.915235,16.327049
350,GRID,50,127.687421,625.764534,1.812549,796841,1384,8,0.782293,1,2.804334,111,16,63,0.179062,7,48,4,0.579108,0.712697,69.15968,1079,769,0.78093,0.961075,8.361249,1079,1037,0,0,-1,1079,0,0.534677,0.78022,10.645235,910,710,0.792979,0.975904,17.856192,1079,1053,0.597935,0.735867,101.754079,1079,794,DSDV,DSDV,AODV-AERS2,0.792979,0.975904,8.361249
786,HOTSPOT,71,46.744892,1232.429525,4.161188,542446,752,5,3.334297,1,4.568122,109,21,71,0.154138,66,68,-1,0,0,-1,1352,0,0,0,-1,1352,0,0,0,-1,1352,0,0,0,-1,0,0,0,0,-1,1352,0,0,0,-1,1352,0,NONE,NONE,NONE,0,0,-1
329,RING,46,36.608589,1120.953038,11.09075,491097,1240,12,2.628163,3,5.407875,162,40,97,0.176928,2,27,5,0.470005,0.936658,9.515842,742,695,0.428077,0.8531,15.4163,742,633,0.259686,0.51752,14.393069,742,384,0.250219,1,8.590789,370,370,0.230607,0.459569,59.619505,742,341,0.440926,0.878706,13.410361,742,652,AODV-AERS1,OLSR,OLSR,0.470005,1,8.590789
61,GRID,65,66.76327,986.706248,13.067733,2075485,957,9,3.054317,1,2.584627,99,24,69,0.068163,8,63,6,0.577867,0.270536,439.069698,4066,1100,0.227995,0.106739,337.702469,4066,434,0.563683,0.263896,407.063865,4066,1073,0.250584,0.142601,910.875095,3345,477,0.202253,0.094688,520.151651,4066,385,0.277901,0.130103,360.418045,4066,529,AODV-AERS1,AODV-AERS1,AODV-AERS2,0.577867,0.270536,337.702469
942,GRID,70,223.323937,559.862504,1.4919,1117304,373,8,3.230876,1,1.541929,129,29,65,0.067138,8,63,3,0.364429,0.303419,320.853159,5616,1704,0.294708,0.24537,316.295257,5616,1378,0.286367,0.238426,313.630245,5616,1339,0.752811,0.728175,455.853362,4834,3520,0.803069,0.668625,387.147584,5616,3755,0.029086,0.024217,543.665084,5616,136,DSDV,OLSR,AODV-AERS3,0.803069,0.728175,313.630245
549,TWO_CLUSTER,59,64.515401,956.300329,5.913087,512251,442,8,0.572704,2,5.299715,26,6,16,0.055187,8,31,4,0.177221,0.325357,60.575112,2173,707,0.367477,0.674643,17.643832,2173,1466,0.529157,0.971468,4.991168,2173,2111,0.409339,0.894795,53.304652,1825,1633,0.239888,0.440405,30.956557,2173,957,0.358704,0.658537,20.293221,2173,1431,AODV-AERS3,AODV-AERS3,AODV-AERS3,0.529157,0.971468,4.991168
940,GRID,28,12.516063,1495.702259,5.720462,536445,318,5,2.239807,4,1.874163,69,8,36,0.163995,5,24,-1,0,0,-1,3163,0,0,0,-1,3163,0,0,0,-1,3163,0,0,0,-1,0,0,0,0,-1,3163,0,0,0,-1,3163,0,NONE,NONE,NONE,0,0,-1
339,GRID,55,77.78897,840.857366,0.60095,1710540,412,8,2.56969,3,5.337508,146,24,67,0.1637,7,48,5,0.731456,0.400437,443.970949,7784,3117,0.353877,0.193731,418.988627,7784,1508,0.671616,0.367677,433.523598,7784,2862,0.523776,0.481346,463.481968,4637,2232,0.733803,0.401721,563.269463,7784,3127,0.693909,0.379882,404.238065,7784,2957,DSDV,OLSR,AODV,0.733803,0.481346,404.238065
577,GRID,44,26.21943,1295.43227,10.114808,818279,396,13,0.669821,3,5.964448,90,19,52,0.028811,6,42,10,0.236988,0.270521,29.240147,3874,1048,0.468322,0.53459,29.9348,3874,2071,0.700561,0.79969,21.31427,3874,3098,0.216636,0.309232,551.886332,3098,958,0.1895,0.216314,313.33477,3874,838,0.312969,0.357253,29.568623,3874,1384,AODV-AERS3,AODV-AERS3,AODV-AERS3,0.700561,0.79969,21.31427
524,TWO_CLUSTER,42,79.423576,727.193397,4.451179,1165838,512,8,2.268609,2,3.435977,28,7,13,0.020604,19,30,3,0.872064,0.7093,250.678727,4269,3028,0.896256,0.728976,167.123894,4269,3112,1.126656,0.916374,240.405309,4269,3912,0.866592,0.822806,201.70292,3657,3009,1.168128,0.950105,102.136654,4269,4056,0.931968,0.758023,90.284557,4269,3236,DSDV,DSDV,AODV,1.168128,0.950105,90.284557
218,CORRIDOR,64,225.403051,532.856285,1.063653,1216663,414,8,2.596487,3,1.627227,34,8,18,0.084599,33,44,2,0.363029,0.279492,85.298897,5510,1540,0.264729,0.203811,36.33751,5510,1123,1.125155,0.866243,8.356475,5510,4773,1.275317,0.981851,74.226224,5510,5410,1.088145,0.83775,221.606835,5510,4616,0.51602,0.397278,331.396611,5510,2189,OLSR,OLSR,AODV-AERS3,1.275317,0.981851,8.356475
142,CORRIDOR,62,23.694835,1617.592037,12.910162,1544298,129,13,1.122531,4,3.723558,127,23,86,0.128557,6,39,7,0.086413,0.045977,531.645804,22446,1032,0.014151,0.007529,215.127919,22446,169,0.088339,0.047002,561.820106,22446,1055,0,0,-1,9345,0,0.087166,0.046378,1611.83215,22446,1041,0.040276,0.021429,721.384864,22446,481,AODV-AERS3,AODV-AERS3,AODV-AERS2,0.088339,0.047002,215.127919
872,TWO_CLUSTER,28,17.181609,1276.577261,14.737189,161537,150,10,2.520991,2,2.341951,170,42,90,0.077326,10,21,5,0.147431,0.769193,5.286462,2019,1553,0.162811,0.84943,5.068177,2019,1715,0.067687,0.353145,11.234117,2019,713,0.019461,0.208122,86.418588,985,205,0,0,-1,2019,0,0.160627,0.838039,5.745009,2019,1692,AODV-AERS2,AODV-AERS2,AODV-AERS2,0.162811,0.84943,5.068177
848,CORRIDOR,70,103.78695,821.25428,16.690214,664992,580,7,2.795817,1,2.8621,118,21,65,0.161083,38,46,4,0.164079,0.235458,12.114165,2149,506,0.085282,0.122383,198.323477,2149,263,0.055125,0.079107,90.612481,2149,170,0.00681,0.075812,185.032459,277,21,0.290543,0.416938,18.068112,2149,896,0.200721,0.288041,78.25799,2149,619,DSDV,DSDV,AODV-AERS1,0.290543,0.416938,12.114165
939,TWO_CLUSTER,32,22.916145,1181.691767,4.446232,766936,608,10,2.801006,3,2.967889,114,26,63,0.175985,18,21,5,0.766253,0.95518,6.390511,2365,2259,0.745562,0.929387,6.842258,2365,2198,0.764896,0.953488,5.844292,2365,2255,0.625146,0.947558,5.06511,1945,1843,0.469114,0.584778,26.674466,2365,1383,0.765235,0.953911,6.803761,2365,2256,AODV-AERS1,AODV-AERS1,OLSR,0.766253,0.95518,5.06511
834,GRID,58,378.518069,391.444945,5.822938,849806,841,5,3.312473,3,4.744134,108,14,59,0.031683,7,56,2,0.494982,0.563886,33.372981,1894,1068,0.804578,0.916579,4.312269,1894,1736,0.552916,0.629884,43.553867,1894,1193,0.754987,0.992083,13.448291,1642,1629,0.796699,0.907603,20.403718,1894,1719,0.639584,0.728617,38.929315,1894,1380,AODV-AERS2,OLSR,AODV-AERS2,0.804578,0.992083,4.312269
692,CORRIDOR,22,24.091489,955.607426,6.680397,108322,809,7,1.009733,3,2.741046,110,26,57,0.104272,5,21,5,0.108029,0.964143,13.55245,251,242,0.104904,0.936255,18.084958,251,235,0.098208,0.876494,31.8141,251,220,0.056246,0.636364,28.208196,198,126,0.053122,0.474104,208.576542,251,119,0.083477,0.74502,65.248916,251,187,AODV-AERS1,AODV-AERS1,AODV-AERS1,0.108029,0.964143,13.55245
788,CORRIDOR,68,30.664913,1489.133355,11.176376,201569,390,9,1.458526,3,2.79613,29,7,16,0.033822,7,11,6,0.099874,0.462332,29.450755,969,448,0.044587,0.206398,59.067045,969,200,0.107231,0.496388,20.694042,969,481,0.000669,0.003745,1026.835162,801,3,0.143123,0.662539,27.273226,969,642,0.177901,0.823529,14.847217,969,798,AODV,AODV,AODV,0.177901,0.823529,14.847217
355,TWO_CLUSTER,33,15.50883,1458.704925,7.182289,82746,424,13,2.709114,4,1.626313,43,9,25,0.052303,18,25,7,0.034231,0.389041,35.127349,365,142,0.059302,0.673973,46.64699,365,246,0.0769,0.873973,20.504717,365,319,0.019526,0.271812,12.326286,298,81,0.049901,0.567123,145.288314,365,207,0,0,-1,365,0,AODV-AERS3,AODV-AERS3,OLSR,0.0769,0.873973,12.326286
851,LINE,53,37.420104,1190.105436,2.029117,722187,1353,10,2.491511,3,3.192365,71,12,45,0.160113,0,52,5,0.702653,0.954,9.826648,1000,954,0.359428,0.488,81.993047,1000,488,0.64373,0.874,12.518582,1000,874,0.097222,0.287582,21.822211,459,132,0.730641,0.992,39.898213,1000,992,0.500106,0.679,27.06793,1000,679,DSDV,DSDV,AODV-AERS1,0.730641,0.992,9.826648
985,TWO_CLUSTER,37,25.785397,1197.881753,3.748291,1322448,128,9,0.800752,2,1.773895,39,5,27,0.085438,27,28,5,0.258918,0.160653,481.918443,19371,3112,0.269235,0.167054,521.538973,19371,3236,0.35751,0.221826,454.877804,19371,4297,0.29511,0.225063,1015.779884,15760,3547,0.397197,0.246451,937.000292,19371,4774,0.302598,0.187755,512.764504,19371,3637,DSDV,DSDV,AODV-AERS3,0.397197,0.246451,454.877804
853,LINE,64,60.998718,1024.305803,1.636666,336062,394,10,2.23564,1,4.66215,69,11,34,0.088633,0,63,4,0.060318,0.167605,44.635446,1599,268,0.074947,0.208255,90.85901,1599,333,0.281108,0.781113,33.706658,1599,1249,0.25275,0.844361,22.637625,1330,1123,0.053791,0.149468,188.765807,1599,239,0.044113,0.122577,145.00272,1599,196,AODV-AERS3,OLSR,OLSR,0.281108,0.844361,22.637625
305,CORRIDOR,57,132.853653,655.014144,6.911726,1716261,198,10,1.725546,1,1.653729,169,40,109,0.16504,3,16,3,0.198639,0.101403,408.722175,16252,1648,0.163202,0.083313,540.064833,16252,1354,0.170314,0.086943,554.061893,16252,1413,0.49033,0.296156,491.027333,13736,4068,0.295427,0.150812,507.128664,16252,2451,0.346533,0.176901,483.801422,16252,2875,OLSR,OLSR,AODV-AERS1,0.49033,0.296156,408.722175
492,TWO_CLUSTER,50,25.415748,1402.599105,12.49978,355553,755,12,2.222437,2,5.151685,35,5,18,0.045459,29,46,7,0.347443,0.943311,9.394849,882,832,0.032155,0.087302,12.119909,882,77,0.316958,0.860544,30.158231,882,759,0.075168,0.258621,40.643272,696,180,0.058882,0.159864,79.206823,882,141,0.31153,0.845805,16.817877,882,746,AODV-AERS1,AODV-AERS1,AODV-AERS1,0.347443,0.943311,9.394849
740,GRID,41,185.933321,469.584027,8.177374,1671541,1261,6,1.874501,4,4.498235,96,14,67,0.066342,6,35,3,0.855209,0.500604,48.272103,2485,1244,1.061449,0.621328,19.273594,2485,1544,0.692966,0.405634,207.71973,2485,1008,0.327234,0.223579,14.092037,2129,476,1.575674,0.922334,54.550885,2485,2292,1.594923,0.933602,15.087579,2485,2320,AODV,AODV,OLSR,1.594923,0.933602,14.092037
171,CORRIDOR,25,10.50082,1542.973259,8.068188,776325,789,10,3.167123,2,3.446889,146,24,96,0.074543,1,7,6,0.612641,0.762473,11.684291,1844,1406,0,0,-1,1844,0,0.600441,0.747289,9.955016,1844,1378,0,0,-1,766,0,0.183879,0.22885,15.698024,1844,422,0.651857,0.81128,11.171263,1844,1496,AODV,AODV,AODV-AERS3,0.651857,0.81128,9.955016
618,TWO_CLUSTER,53,113.096684,684.562332,9.804856,134658,859,6,2.366886,3,4.498908,65,12,44,0.107589,13,26,3,0.01845,0.133106,27.525326,293,39,0.11874,0.856655,13.014794,293,251,0,0,-1,293,0,0.045887,1,3.560516,97,97,0.069541,0.501706,46.321817,293,147,0.102655,0.740614,32.985516,293,217,AODV-AERS2,OLSR,OLSR,0.11874,1,3.560516
991,LINE,68,242.258935,529.803172,0.643074,1677292,542,8,2.893379,1,3.383946,177,44,99,0.060777,0,67,2,1.762592,0.999311,16.69216,5802,5798,0.343824,0.194933,408.575169,5802,1131,0.554496,0.314374,220.024622,5802,1824,1.609984,0.916422,176.273077,5779,5296,0.703152,0.398656,220.875313,5802,2313,1.645248,0.932782,17.074751,5802,5412,AODV-AERS1,AODV-AERS1,AODV-AERS1,1.762592,0.999311,16.69216
8,LINE,62,146.567433,650.394865,1.240618,1372086,1297,6,2.898323,1,1.437137,179,41,114,0.196681,0,61,3,0.0212,0.015129,314.502643,1983,30,0.098933,0.0706,168.234939,1983,140,0.332133,0.237015,350.309873,1983,470,1.13844,0.975182,27.462062,1652,1611,1.154693,0.824004,71.321495,1983,1634,0.322947,0.230459,239.945019,1983,457,DSDV,OLSR,OLSR,1.154693,0.975182,27.462062
773,RING,62,60.231966,1014.570717,5.947369,2164960,128,6,1.099087,3,2.146894,32,7,21,0.073983,15,46,4,0.199181,0.07549,1504.516067,31713,2394,0.155002,0.058746,575.536741,31713,1863,0.148262,0.056191,498.817012,31713,1782,0.411923,0.186366,3062.12907,26566,4951,0.263578,0.099896,2555.669312,31713,3168,0.000166,0.000063,3014.491189,31713,2,OLSR,OLSR,AODV-AERS3,0.411923,0.186366,498.817012
406,GRID,27,15.052685,1339.29084,13.95923,497010,1152,15,2.478661,2,3.189103,80,12,53,0.129702,5,24,11,0,0,-1,808,0,0,0,-1,808,0,0,0,-1,808,0,0,0,-1,0,0,0,0,-1,808,0,0,0,-1,808,0,NONE,NONE,NONE,0,0,-1
252,RANDOM,76,253.028539,548.052347,0.862002,1417287,315,6,1.942018,1,2.935144,27,5,14,0.041318,15,34,4,0.232508,0.150664,428.587953,8436,1271,0.109577,0.071005,398.494037,8436,599,0.249338,0.161569,488.327663,8436,1363,0.583557,0.442502,615.068534,7209,3190,0.59618,0.386321,497.53091,8436,3259,0.183665,0.119014,408.541149,8436,1004,DSDV,OLSR,AODV-AERS2,0.59618,0.442502,398.494037
918,RING,55,24.923782,1485.505881,14.946809,1358422,337,14,1.777447,2,4.682037,68,17,37,0.086492,5,33,7,0,0,-1,7557,0,0.220752,0.15006,338.285564,7557,1134,0.000389,0.000265,2077.653975,7557,2,0.053923,0.052156,412.195797,5311,277,0.226981,0.154294,496.945406,7557,1166,0.364416,0.247717,347.190128,7557,1872,AODV,AODV,AODV-AERS2,0.364416,0.247717,338.285564
500,HOTSPOT,53,70.213384,868.816347,0.86086,1249015,613,10,1.449731,2,4.232441,94,12,51,0.086933,40,45,4,1.034489,0.792147,328.288098,3820,3026,1.074487,0.822775,204.860316,3820,3143,0.631086,0.483246,256.792423,3820,1846,0.828343,0.881091,521.53367,2750,2423,0.721339,0.552356,350.463134,3820,2110,0.544594,0.417016,274.336603,3820,1593,AODV-AERS2,OLSR,AODV-AERS2,1.074487,0.881091,204.860316
76,GRID,79,26.698838,1720.154157,8.932225,911778,258,19,0.881034,1,3.923515,118,19,81,0.059358,8,72,12,0.321083,0.317688,454.86905,6626,2105,0.287678,0.284636,403.564761,6626,1886,0.107536,0.106399,345.206023,6626,705,0.091062,0.114697,502.552806,5205,597,0,0,-1,6626,0,0.239935,0.237398,459.545333,6626,1573,AODV-AERS1,AODV-AERS1,AODV-AERS3,0.321083,0.317688,345.206023
60,TWO_CLUSTER,47,18.707479,1585.043888,2.702639,416324,383,11,1.457673,3,3.148653,173,39,79,0.122921,38,39,8,0.408589,0.914622,7.308936,2038,1864,0,0,-1,2038,0,0.386888,0.866045,8.096402,2038,1765,0.361242,0.999394,6.482149,1649,1648,0.073213,0.163886,13.237726,2038,334,0.408808,0.915113,7.137445,2038,1865,AODV,OLSR,OLSR,0.408808,0.999394,6.482149
434,RANDOM,59,197.177359,547.012793,10.107948,631049,788,10,2.221851,4,2.657729,65,14,38,0.095396,6,38,3,0.217165,0.332445,76.566106,1501,499,0.161024,0.246502,95.708556,1501,370,0.173645,0.265823,106.933891,1501,399,0.370355,0.664325,7.865116,1281,851,0.575334,0.880746,16.287505,1501,1322,0.32553,0.498334,20.02509,1501,748,DSDV,DSDV,OLSR,0.575334,0.880746,7.865116
179,TWO_CLUSTER,56,127.099247,663.777495,2.024334,1550557,382,8,2.548629,1,1.505067,152,38,87,0.09519,6,53,3,0.275083,0.165309,361.235613,7610,1258,0.10824,0.065046,321.482149,7610,495,0.132512,0.079632,457.32858,7610,606,0.369328,0.433188,462.287109,3899,1689,1.002587,0.602497,499.757077,7610,4585,0.017931,0.010775,426.955203,7610,82,DSDV,DSDV,AODV-AERS2,1.002587,0.602497,321.482149
685,CORRIDOR,42,20.957217,1415.65635,12.525159,203660,720,9,2.663717,1,3.808364,36,7,24,0.054877,19,39,7,0.163962,0.775472,24.82767,530,411,0.182711,0.864151,18.977463,530,458,0.02234,0.10566,7.686453,530,56,0.098537,0.701705,22.299259,352,247,0.140823,0.666038,13.694853,530,353,0.088962,0.420755,37.476296,530,223,AODV-AERS2,AODV-AERS2,AODV-AERS3,0.182711,0.864151,7.686453
49,GRID,71,97.843296,851.851001,8.21027,1250163,427,10,1.673615,1,4.036423,127,22,74,0.154343,8,63,5,0.330512,0.248133,437.155048,5489,1362,0.373221,0.280197,320.593428,5489,1538,0.095368,0.071598,386.38833,5489,393,0.011891,0.017645,556.871018,2777,49,0.520035,0.390417,459.706204,5489,2143,0.220341,0.165422,409.913447,5489,908,DSDV,DSDV,AODV-AERS2,0.520035,0.390417,320.593428
308,LINE,40,14.325069,1671.019935,5.864747,223525,459,9,2.214243,1,2.13345,31,4,22,0.041611,0,39,7,0,0,-1,913,0,0.17558,0.740416,14.081078,913,676,0.217657,0.917853,10.628741,913,838,0,0,-1,0,0,0.106491,0.449069,22.402933,913,410,0.134542,0.56736,18.57121,913,518,AODV-AERS3,AODV-AERS3,AODV-AERS3,0.217657,0.917853,10.628741
122,HOTSPOT,44,45.882845,979.267113,5.417305,683381,208,10,2.227771,4,2.58859,55,13,30,0.119526,32,40,5,0.57433,0.740747,367.358821,6160,4563,0.357461,0.461039,451.282556,6160,2840,0.354315,0.456981,372.241054,6160,2815,0.33619,0.645013,570.245121,4141,2671,0.453623,0.585065,667.42178,6160,3604,0.453498,0.584903,503.921777,6160,3603,AODV-AERS1,AODV-AERS1,AODV-AERS1,0.57433,0.740747,367.358821
249,TWO_CLUSTER,62,44.08701,1185.879394,10.762525,515977,493,8,3.407809,1,3.075842,102,13,61,0.172714,36,55,5,0.078081,0.143221,10.871016,1962,281,0.249802,0.458206,14.198095,1962,899,0.330939,0.607034,27.688183,1962,1191,0.031121,0.118393,7.517742,946,112,0.039457,0.072375,355.263375,1962,142,0,0,-1,1962,0,AODV-AERS3,AODV-AERS3,OLSR,0.330939,0.607034,7.517742
205,TWO_CLUSTER,41,17.491783,1530.998947,8.582694,770788,1021,9,1.539039,2,1.7355,178,38,93,0.151121,4,39,6,0.736258,0.930035,11.143734,1415,1316,0.668003,0.843816,41.537501,1415,1194,0.698214,0.881979,17.052484,1415,1248,0.468274,0.75884,75.131473,1103,837,0.165043,0.208481,93.619576,1415,295,0.596951,0.754064,14.400876,1415,1067,AODV-AERS1,AODV-AERS1,AODV-AERS1,0.736258,0.930035,11.143734
884,TWO_CLUSTER,28,12.085283,1522.126017,5.533395,683236,689,13,1.509526,2,4.539171,62,14,31,0.151905,23,24,8,0.648933,0.912856,9.044201,1859,1697,0.581248,0.817644,9.210676,1859,1520,0.605722,0.852071,9.892715,1859,1584,0.433642,0.788047,8.092319,1439,1134,0.676848,0.952125,10.002411,1859,1770,0.648933,0.912856,9.084409,1859,1697,DSDV,DSDV,OLSR,0.676848,0.952125,8.092319
917,GRID,60,89.999932,816.496887,12.303426,87526,1019,10,1.696083,2,3.277714,124,23,81,0.136695,7,56,5,0.02792,0.310559,308.669198,161,50,0.00335,0.037267,342.290106,161,6,0.061982,0.689441,88.616674,161,111,0.015077,0.201493,215.138317,134,27,0.035738,0.397516,8.791198,161,64,0.079293,0.881988,59.595847,161,142,AODV,AODV,DSDV,0.079293,0.881988,8.791198
69,HOTSPOT,51,116.839803,660.677748,17.503418,809805,1350,9,3.432196,1,3.060172,85,14,39,0.062787,44,47,4,0.375551,0.454626,102.873539,1124,511,0.251347,0.30427,239.871963,1124,342,0.038951,0.047153,133.941377,1124,53,0.184468,0.435764,72.89567,576,251,0.571778,0.692171,39.555959,1124,778,0.219745,0.266014,42.128449,1124,299,DSDV,DSDV,DSDV,0.571778,0.692171,39.555959
535,TWO_CLUSTER,51,303.465722,409.949411,2.057343,1148314,1317,9,1.321242,1,1.90009,54,7,26,0.188455,12,27,2,0.356515,0.304162,311.929918,1634,497,0.425379,0.362913,119.441035,1634,593,0.543021,0.46328,105.455634,1634,757,0.713029,0.608323,33.386303,1634,994,0.642013,0.547736,21.294053,1634,895,0.855779,0.73011,131.177461,1634,1193,AODV,AODV,DSDV,0.855779,0.73011,21.294053
808,TWO_CLUSTER,40,24.56885,1275.961541,10.754054,399347,698,12,1.537168,1,5.290915,26,6,14,0.079983,21,28,5,0.089443,0.215485,7.183383,1072,231,0.056918,0.137127,28.959906,1072,147,0.053434,0.128731,68.310673,1072,138,0.113837,0.344262,61.943424,854,294,0.124291,0.29944,87.780407,1072,321,0.126227,0.304104,33.308311,1072,326,AODV,OLSR,AODV-AERS1,0.126227,0.344262,7.183383
3,CORRIDOR,42,37.655656,1056.110923,7.765345,1218097,415,7,2.170261,2,4.093785,176,23,91,0.084564,29,32,5,0.432604,0.332728,388.623661,5503,1831,0.197991,0.152281,256.961075,5503,838,0.432368,0.332546,336.738633,5503,1830,0,0,-1,0,0,0.287773,0.221334,619.330836,5503,1218,0,0,-1,5503,0,AODV-AERS1,AODV-AERS1,AODV-AERS2,0.432604,0.332728,256.961075
969,RING,46,81.549723,751.047958,6.214745,1946144,810,7,2.128225,2,2.805573,93,18,54,0.198657,18,40,3,1.149513,0.571048,294.986625,4504,2572,0,0,-1,4504,0,0.905934,0.450044,309.268591,4504,2027,0.394642,0.231334,374.198975,3817,883,1.073087,0.533082,436.192068,4504,2401,0.128717,0.063943,347.84973,4504,288,AODV-AERS1,AODV-AERS1,AODV-AERS1,1.149513,0.571048,294.986625
564,RING,52,107.891929,694.2361,1.827006,1949367,591,6,3.10337,2,2.064079,27,4,13,0.05701,7,33,3,0.527883,0.258571,370.039311,6184,1599,0.985448,0.482697,394.263693,6184,2985,0.651683,0.319211,470.342769,6184,1974,0.979175,0.572366,439.149981,5182,2966,1.002285,0.490944,473.51116,6184,3036,0.89169,0.436772,361.972179,6184,2701,DSDV,OLSR,AODV,1.002285,0.572366,361.972179
976,RING,25,87.867516,533.403462,14.27849,861652,1293,8,1.86453,4,4.744058,114,28,53,0.036768,9,22,2,0.80035,0.909528,5.70391,1249,1136,0.175429,0.199359,3.431234,1249,249,0.749623,0.851882,8.248766,1249,1064,0.389607,0.457781,13.101661,1208,553,0.266314,0.302642,3.495611,1249,378,0.664375,0.755004,15.969614,1249,943,AODV-AERS1,AODV-AERS1,AODV-AERS2,0.80035,0.909528,3.431234
840,HOTSPOT,22,15.243741,1201.338967,2.495834,186923,380,7,2.563652,4,3.510853,53,11,33,0.102868,19,20,4,0.189965,0.946855,6.127373,922,873,0.193011,0.962039,5.214051,922,887,0.194099,0.967462,4.481562,922,892,0.087475,0.54251,7.307734,741,402,0.191923,0.956616,3.766145,922,882,0.196928,0.981562,4.215205,922,905,AODV,AODV,DSDV,0.196928,0.981562,3.766145
294,GRID,53,81.074984,808.526947,1.847451,1951323,1269,8,1.541701,1,2.138311,148,37,94,0.065358,7,48,5,1.206383,0.604925,333.622864,2883,1744,1.207075,0.605272,319.63058,2883,1745,0.932457,0.467569,326.862427,2883,1348,1.210533,0.730689,448.406511,2395,1750,1.230594,0.617066,487.018151,2883,1779,0.83008,0.416233,286.214578,2883,1200,DSDV,OLSR,AODV,1.230594,0.730689,286.214578
858,RANDOM,49,39.533915,1113.30235,2.435813,128722,1263,12,1.000969,1,1.520379,74,18,48,0.052931,5,26,7,0.110854,0.842932,39.413341,191,161,0.114297,0.86911,47.876251,191,166,0.112231,0.853403,37.686004,191,163,0.044066,0.410256,10.331009,156,64,0.026853,0.204188,90.523087,191,39,0.121182,0.921466,32.782204,191,176,AODV,AODV,OLSR,0.121182,0.921466,10.331009
713,HOTSPOT,57,118.524613,693.478747,5.43647,993446,561,11,1.66085,4,3.762655,108,18,75,0.053092,43,52,4,1.024075,0.981928,7.482522,3320,3260,0.500414,0.479819,168.311161,3320,1593,0.799155,0.766265,92.750251,3320,2544,0.285861,0.328046,109.973609,2774,910,0,0,-1,3320,0,0.665334,0.637952,82.566033,3320,2118,AODV-AERS1,AODV-AERS1,AODV-AERS1,1.024075,0.981928,7.482522
304,TWO_CLUSTER,74,94.515207,884.840546,2.366175,1703289,1398,6,2.106282,1,2.062673,124,20,69,0.060712,33,68,4,0.551387,0.317426,31.749135,2284,725,0.050956,0.029335,537.582814,2284,67,0.644172,0.370841,201.1648,2284,847,0.781068,0.543386,215.825502,1890,1027,0.744562,0.428634,414.435218,2284,979,0.201541,0.116025,282.380118,2284,265,OLSR,OLSR,AODV-AERS1,0.781068,0.543386,31.749135
677,GRID,40,28.123582,1192.599662,3.345649,587733,1343,13,3.360322,3,4.433775,96,24,58,0.194539,6,35,8,0.519152,0.865854,20.051033,820,710,0.429946,0.717073,20.999867,820,588,0.544744,0.908537,17.496527,820,745,0.482592,1,12.602512,660,660,0.142584,0.237805,18.221137,820,195,0.482592,0.804878,19.693823,820,660,AODV-AERS3,OLSR,OLSR,0.544744,1,12.602512
311,RING,25,77.330889,568.58252,8.877353,940859,251,7,2.318804,1,3.623076,30,7,16,0.026783,8,22,2,0.685522,0.655521,114.073275,7028,4607,0.66841,0.639158,137.435825,7028,4492,0.724656,0.692943,127.333165,7028,4870,0.643709,0.760014,339.753381,5692,4326,0.805008,0.769778,526.106319,7028,5410,0.740726,0.70831,119.736865,7028,4978,DSDV,DSDV,AODV-AERS1,0.805008,0.769778,114.073275
337,HOTSPOT,47,41.047917,1070.048262,1.546189,814579,749,6,0.927583,1,1.496866,104,15,73,0.030994,39,44,-1,0,0,-1,2039,0,0,0,-1,2039,0,0,0,-1,2039,0,0,0,-1,0,0,0,0,-1,2039,0,0,0,-1,2039,0,NONE,NONE,NONE,0,0,-1
73,RING,77,383.158601,448.286926,1.404896,971701,1332,5,0.656861,2,4.650519,93,12,50,0.113245,2,39,2,0.158848,0.160205,103.09053,1367,219,0.254592,0.256767,94.682299,1367,351,0.002176,0.002195,2824.255655,1367,3,0.880555,0.888076,33.701424,1367,1214,0.879829,0.887345,10.7006,1367,1213,0.105173,0.106072,136.683167,1367,145,OLSR,OLSR,DSDV,0.880555,0.888076,10.7006
927,RING,76,285.706197,515.75918,1.615052,1530040,474,5,3.309371,1,5.736709,158,28,85,0.073254,33,71,2,0,0,-1,6052,0,1.406135,0.867812,15.465352,6052,5252,0.083533,0.051553,31.932918,6052,312,1.269324,0.783377,119.872893,6052,4741,1.352589,0.834765,142.612362,6052,5052,0.447115,0.275942,19.386537,6052,1670,AODV-AERS2,AODV-AERS2,AODV-AERS2,1.406135,0.867812,15.465352
928,HOTSPOT,69,30.860293,1495.286891,17.035665,124556,1144,5,1.696242,1,1.354743,45,6,31,0.123533,62,63,-1,0,0,-1,204,0,0,0,-1,204,0,0,0,-1,204,0,0,0,-1,0,0,0,0,-1,204,0,0,0,-1,204,0,NONE,NONE,NONE,0,0,-1
384,TWO_CLUSTER,63,33.930518,1362.620846,4.431439,174773,164,13,1.93874,3,2.167307,159,29,110,0.038322,33,50,6,0.161075,0.787287,7.762312,1998,1573,0.184115,0.8999,4.811577,1998,1798,0.160358,0.783784,7.547229,1998,1566,0.100762,0.618868,14.970858,1590,984,0.174899,0.854855,9.002896,1998,1708,0.186266,0.91041,5.554319,1998,1819,AODV,AODV,AODV-AERS2,0.186266,0.91041,4.811577
595,LINE,75,201.221943,610.510253,1.674768,1599216,331,5,2.242297,4,5.474031,67,10,36,0.053244,0,74,3,0.305964,0.176399,441.059697,9059,1598,0,0,-1,9059,0,0.069694,0.040181,353.471236,9059,364,0.608098,0.411133,445.385979,7725,3176,0.697896,0.402362,458.183835,9059,3645,0.075438,0.043493,558.757959,9059,394,DSDV,OLSR,AODV-AERS3,0.697896,0.411133,353.471236
886,GRID,36,39.020899,960.511602,2.667457,1999209,1360,9,1.595287,4,3.037093,162,20,86,0.16112,5,30,6,1.376896,0.674891,390.893308,2756,1860,1.406507,0.689405,378.477885,2756,1900,1.607859,0.788099,251.459325,2756,2172,1.272518,0.788894,382.21825,2179,1719,1.043036,0.511248,511.938858,2756,1409,1.596755,0.782656,381.725906,2756,2157,AODV-AERS3,OLSR,AODV-AERS3,1.607859,0.788894,251.459325
666,LINE,51,30.315731,1297.033115,13.355599,901540,147,10,3.382849,3,4.175492,62,9,42,0.070354,0,50,5,0.168933,0.157405,474.958155,11499,1810,0.028093,0.026176,629.652297,11499,301,0.027907,0.026002,272.392569,11499,299,0.00028,0.000439,3524.733328,6833,3,0.067947,0.06331,339.265691,11499,728,0,0,-1,11499,0,AODV-AERS1,AODV-AERS1,AODV-AERS3,0.168933,0.157405,272.392569
392,RANDOM,60,122.067343,701.093401,4.387138,1751492,1360,9,2.242612,4,3.163249,42,9,27,0.053759,15,46,4,1.134089,0.634631,212.966061,2414,1532,0,0,-1,2414,0,0.631447,0.353355,211.48578,2414,853,0.435277,0.291956,162.934446,2014,588,1.02601,0.574151,450.648881,2414,1386,0,0,-1,2414,0,AODV-AERS1,AODV-AERS1,OLSR,1.134089,0.634631,162.934446
594,HOTSPOT,66,83.055752,891.42972,1.739246,1508043,926,11,3.042117,4,5.494159,107,27,65,0.038965,47,51,6,0.629894,0.405503,163.923,3053,1238,0.621754,0.400262,297.64939,3053,1222,1.273018,0.819522,242.794728,3053,2502,0.590717,0.473878,323.616463,2450,1161,1.26793,0.816246,520.54125,3053,2492,0.329194,0.211923,262.856923,3053,647,AODV-AERS3,AODV-AERS3,AODV-AERS1,1.273018,0.819522,163.923
641,GRID,71,169.526979,647.157163,10.422993,1036372,174,10,3.497539,2,2.066974,158,25,101,0.023721,8,63,4,0.084032,0.069849,486.237277,11167,780,0.153628,0.127698,456.602764,11167,1426,0.089634,0.074505,418.689708,11167,832,0.234212,0.232315,472.585477,9358,2174,0.337852,0.280827,616.340971,11167,3136,0.035229,0.029283,282.338855,11167,327,DSDV,DSDV,AODV,0.337852,0.280827,282.338855
911,GRID,45,58.747353,875.209664,4.556057,1018219,213,12,0.630365,1,1.903045,171,35,79,0.020552,6,42,6,0.23226,0.201607,440.938965,8963,1807,0.469661,0.407676,411.824074,8963,3654,0.501023,0.434899,425.331564,8963,3898,0.240486,0.25743,475.010114,7268,1871,0.279817,0.242887,759.084359,8963,2177,0.479943,0.416602,480.834036,8963,3734,AODV-AERS3,AODV-AERS3,AODV-AERS2,0.501023,0.434899,411.824074
959,CORRIDOR,58,163.863122,594.940296,3.878552,892790,1248,5,1.813541,3,3.217425,60,14,31,0.0544,8,50,2,0.911915,0.999254,3.031415,1341,1340,0.373613,0.409396,42.635204,1341,549,0.705033,0.772558,25.488386,1341,1036,0.664881,0.728561,4.232226,1341,977,0.860194,0.94258,10.53623,1341,1264,0.911915,0.999254,3.268942,1341,1340,AODV-AERS1,AODV-AERS1,AODV-AERS1,0.911915,0.999254,3.031415
742,RANDOM,49,137.883993,596.130187,0.623164,2006802,426,9,1.508363,2,4.188776,84,16,42,0.064576,20,45,4,0.481119,0.224977,412.765147,8832,1987,0.629789,0.294497,403.075005,8832,2601,0.613324,0.286798,420.486447,8832,2533,0.794439,0.435666,605.57096,7531,3281,0.699523,0.327106,601.811932,8832,2889,0.413079,0.193161,438.924068,8832,1706,OLSR,OLSR,AODV-AERS2,0.794439,0.435666,403.075005
627,RANDOM,50,23.587297,1455.948176,8.262525,551355,161,14,1.585267,4,1.47453,108,26,70,0.197327,12,42,9,0,0,-1,6421,0,0.107251,0.165706,496.855067,6421,1064,0,0,-1,6421,0,0,0,-1,0,0,0,0,-1,6421,0,0,0,-1,6421,0,AODV-AERS2,AODV-AERS2,AODV-AERS2,0.107251,0.165706,496.855067
78,GRID,59,222.453716,514.998748,2.358756,887327,972,5,2.909119,1,3.183864,169,42,81,0.14574,7,56,3,0.5392,0.590883,5.955527,1711,1011,0.6064,0.664524,26.011745,1711,1137,0.835733,0.915839,7.148194,1711,1567,0.770133,0.998617,5.15086,1446,1444,0.821333,0.900058,18.720745,1711,1540,0.8928,0.978375,5.117304,1711,1674,AODV,OLSR,AODV,0.8928,0.998617,5.117304
493,RING,28,36.946217,870.550621,12.107112,329686,1081,8,0.724629,1,4.668136,128,31,64,0.170814,10,24,4,0.332404,0.984238,6.561259,571,562,0.301648,0.89317,14.413289,571,510,0.306971,0.908932,16.973472,571,519,0.069793,0.256522,1748.984555,460,118,0.037854,0.112084,6.941202,571,64,0,0,-1,571,0,AODV-AERS1,AODV-AERS1,AODV-AERS1,0.332404,0.984238,6.561259
25,RING,22,23.731972,962.818501,9.613326,365619,154,8,2.681286,3,5.634556,179,34,107,0.166,2,12,4,0.378075,0.875084,3.591757,4451,3895,0.396711,0.918221,9.259891,4451,4087,0.357108,0.826556,5.346842,4451,3679,0.287706,0.83871,43.63755,3534,2964,0.199569,0.461919,257.208353,4451,2056,0.404962,0.937317,7.245497,4451,4172,AODV,AODV,AODV-AERS1,0.404962,0.937317,3.591757
23,CORRIDOR,62,82.698812,865.857072,1.450137,1358788,1228,11,3.293356,2,2.230056,52,11,31,0.114108,11,31,4,0.367087,0.264224,204.924933,2074,548,1.045662,0.752652,14.48286,2074,1561,1.270067,0.914176,9.526936,2074,1896,0,0,-1,312,0,1.208439,0.869817,161.526648,2074,1804,0.478955,0.344744,178.27633,2074,715,AODV-AERS3,AODV-AERS3,AODV-AERS3,1.270067,0.914176,9.526936
830,CORRIDOR,22,9.625813,1511.794073,3.912111,235972,379,14,3.432251,2,1.308419,53,9,30,0.148588,17,20,7,0.231827,0.915167,7.652208,1167,1068,0.218803,0.863753,7.876598,1167,1008,0.232478,0.917738,7.730725,1167,1071,0.198182,0.998906,5.388401,914,913,0.133713,0.527849,40.693314,1167,616,0.232044,0.916024,7.689265,1167,1069,AODV-AERS3,OLSR,OLSR,0.232478,0.998906,5.388401
209,LINE,62,95.272966,806.69804,10.626386,941365,910,8,2.663414,2,1.275295,123,22,60,0.071431,0,61,3,0.797425,0.822073,9.303989,1939,1594,0.286153,0.294997,266.265051,1939,572,0.025013,0.025786,198.006618,1939,50,0.372699,0.495017,21.768851,1505,745,0.003002,0.003094,1704.450386,1939,6,0.260639,0.268695,63.282944,1939,521,AODV-AERS1,AODV-AERS1,AODV-AERS1,0.797425,0.822073,9.303989
789,RANDOM,25,8.261262,1739.589605,5.466975,177976,1199,5,1.481581,1,1.897369,113,19,69,0.196797,14,23,-1,0,0,-1,278,0,0,0,-1,278,0,0,0,-1,278,0,0,0,-1,0,0,0,0,-1,278,0,0,0,-1,278,0,NONE,NONE,NONE,0,0,-1
85,LINE,78,320.872151,493.039016,1.540197,988978,204,9,3.071131,1,2.143128,43,10,24,0.178341,0,77,2,0,0,-1,9089,0,0.628318,0.558697,323.474439,9089,5078,0.529702,0.471009,325.48452,9089,4281,0.869227,0.772912,472.750843,9089,7025,0.291268,0.258994,288.80868,9089,2354,0.384068,0.341512,361.721149,9089,3104,OLSR,OLSR,DSDV,0.869227,0.772912,288.80868
793,RANDOM,37,46.082185,896.054309,2.471961,632480,1376,9,3.07165,1,1.380752,171,33,114,0.136091,15,20,6,0.616262,0.955865,11.581654,861,823,0.556358,0.86295,13.943753,861,743,0.57433,0.890825,13.385574,861,767,0.543629,1,11.920187,726,726,0.602035,0.933798,14.888446,861,804,0.445536,0.691057,12.644442,861,595,AODV-AERS1,OLSR,AODV-AERS1,0.616262,1,11.581654
154,CORRIDOR,62,202.647923,553.126882,2.066056,873014,1289,6,2.007426,3,2.105652,55,8,28,0.026251,5,45,2,0.872381,0.978723,4.19445,1269,1242,0.871678,0.977935,3.591984,1269,1241,0.422845,0.474389,41.538371,1269,602,0.818296,0.918046,13.025781,1269,1165,0.815486,0.914894,8.536046,1269,1161,0.347688,0.390071,35.460858,1269,495,AODV-AERS1,AODV-AERS1,AODV-AERS2,0.872381,0.978723,3.591984
52,RANDOM,22,10.921016,1419.318385,12.759206,403939,1227,5,1.63079,3,5.90317,130,31,74,0.102997,1,5,-1,0,0,-1,617,0,0,0,-1,617,0,0,0,-1,617,0,0,0,-1,0,0,0,0,-1,617,0,0,0,-1,617,0,NONE,NONE,NONE,0,0,-1
718,RANDOM,44,66.513697,813.337497,4.692033,1130456,640,8,0.751826,2,1.686399,89,14,55,0.147557,0,6,5,1.126159,0.954696,9.200774,3311,3161,1.058112,0.89701,10.546664,3311,2970,1.079844,0.915433,8.282548,3311,3031,0.446046,0.452967,45.095372,2764,1252,0.627029,0.531561,382.423165,3311,1760,0.696501,0.590456,159.821682,3311,1955,AODV-AERS1,AODV-AERS1,AODV-AERS3,1.126159,0.954696,8.282548
558,HOTSPOT,52,110.030612,687.456002,10.880397,713023,385,6,0.639927,3,2.519121,147,30,81,0.122764,43,44,4,0.092732,0.121256,18.970648,3472,421,0.49538,0.647753,13.009732,3472,2249,0.000881,0.001152,1823.801579,3472,4,0.068943,0.286106,300.956644,1094,313,0.201544,0.263537,207.196934,3472,915,0.333043,0.435484,130.581822,3472,1512,AODV-AERS2,AODV-AERS2,AODV-AERS2,0.49538,0.647753,13.009732
358,CORRIDOR,65,158.303131,640.784393,17.257101,489463,913,5,0.686496,2,1.297678,118,15,57,0.15972,8,21,3,0.04567,0.090547,94.705578,1005,91,0.047677,0.094527,171.834185,1005,95,0.200245,0.397015,74.290057,1005,399,0.238889,0.612613,30.458941,777,476,0.071767,0.142289,47.093033,1005,143,0.20978,0.41592,52.02805,1005,418,OLSR,OLSR,OLSR,0.238889,0.612613,30.458941
663,RING,43,24.322243,1329.634931,5.650899,357767,253,12,2.468347,1,3.129984,43,7,21,0.119851,0,20,6,0.364026,0.916258,4.639346,2651,2429,0.341546,0.859676,4.746953,2651,2279,0.362977,0.913618,5.339918,2651,2422,0.270809,0.86253,5.758679,2095,1807,0.340947,0.858167,10.25932,2651,2275,0.378413,0.952471,4.821349,2651,2525,AODV,AODV,AODV-AERS1,0.378413,0.952471,4.639346
215,GRID,55,53.764308,1011.42647,15.460928,700551,197,9,2.294969,1,5.950866,158,25,85,0.08708,7,48,7,0.26568,0.332083,360.478395,6667,2214,0.30852,0.385631,367.509763,6667,2571,0.32364,0.40453,407.467959,6667,2697,0.20844,0.322323,647.099727,5389,1737,0.20976,0.262187,578.498873,6667,1748,0.4128,0.515974,383.985783,6667,3440,AODV,AODV,AODV-AERS1,0.4128,0.515974,360.478395
129,RANDOM,59,127.985147,678.963176,10.843052,702957,1201,11,2.089305,1,1.731569,164,22,89,0.133287,20,41,4,0.312002,0.433911,64.511627,1097,476,0.335599,0.466727,40.277435,1097,512,0.467348,0.649954,89.242907,1097,713,0.184842,0.303879,53.164185,928,282,0.48439,0.673655,56.5688,1097,739,0.650223,0.904284,22.761074,1097,992,AODV,AODV,AODV,0.650223,0.904284,22.761074
506,RING,57,45.003709,1125.416491,17.838689,413022,793,10,2.706291,2,5.258466,96,12,64,0.038676,21,52,5,0.292933,0.685451,13.048837,976,669,0.305631,0.715164,15.801703,976,698,0.261844,0.612705,16.394254,976,598,0.001314,0.007026,1010.0478,427,3,0.152815,0.357582,28.83415,976,349,0.275418,0.644467,20.808119,976,629,AODV-AERS2,AODV-AERS2,AODV-AERS1,0.305631,0.715164,13.048837
331,LINE,50,75.655891,812.949609,4.484315,1162977,737,7,1.150866,2,2.855083,137,21,63,0.171139,0,49,3,0.432888,0.358688,188.172164,2958,1061,0.22236,0.184246,148.03226,2958,545,0.651984,0.54023,67.137691,2958,1598,0.21012,0.331403,117.2996,1554,515,0.739704,0.612914,94.521836,2958,1813,0.372504,0.308654,41.193702,2958,913,DSDV,DSDV,AODV,0.739704,0.612914,41.193702
613,RING,57,30.522487,1366.556103,15.078817,737322,737,13,2.032157,4,3.255025,76,18,38,0.039361,11,40,6,0.033864,0.044267,44.477565,1875,83,0,0,-1,1875,0,0.28356,0.370667,13.989818,1875,695,0.054264,0.086196,157.365397,1543,133,0,0,-1,1875,0,0.044064,0.0576,66.08032,1875,108,AODV-AERS3,AODV-AERS3,AODV-AERS3,0.28356,0.370667,13.989818
2,HOTSPOT,61,161.878013,613.862331,2.104348,1680055,1237,6,0.740429,3,2.354278,150,35,88,0.185389,51,52,3,0.476315,0.277298,484.303145,2546,706,0.746181,0.434407,214.363248,2546,1106,0.149101,0.086803,124.670069,2546,221,1.288613,0.898824,161.834241,2125,1910,0.014843,0.008641,1517.10212,2546,22,0.622717,0.362529,409.486947,2546,923,OLSR,OLSR,AODV-AERS3,1.288613,0.898824,124.670069
260,CORRIDOR,66,379.673664,416.933442,1.92719,2042506,806,9,2.874087,2,5.767074,85,14,41,0.032891,11,44,2,1.765411,0.835403,105.358632,4751,3969,0.181478,0.085877,542.641418,4751,408,0.465706,0.220375,439.93767,4751,1047,2.021616,0.957447,132.696614,4747,4545,1.560358,0.738371,100.356295,4751,3508,0.572013,0.27068,203.687071,4751,1286,OLSR,OLSR,DSDV,2.021616,0.957447,100.356295
563,RING,63,153.330204,640.997622,9.11928,664557,256,10,2.613925,1,3.325926,103,22,54,0.187802,25,57,3,0.448493,0.608383,76.850472,4867,2961,0.463034,0.628108,12.191756,4867,3057,0.336407,0.456339,236.89772,4867,2221,0.479089,0.821558,34.983496,3850,3163,0.282788,0.383604,72.804201,4867,1867,0.189182,0.256626,244.23132,4867,1249,OLSR,OLSR,AODV-AERS2,0.479089,0.821558,12.191756
274,HOTSPOT,67,41.627213,1268.670181,6.147226,919361,794,12,1.118854,3,1.995557,96,22,55,0.18588,47,61,9,0,0,-1,2171,0,0,0,-1,2171,0,0,0,-1,2171,0,0,0,-1,0,0,0,0,-1,2171,0,0,0,-1,2171,0,NONE,NONE,NONE,0,0,-1
744,RANDOM,63,245.281245,506.801748,4.046136,1473383,231,5,1.228277,2,5.462491,172,34,110,0.174197,14,21,3,0.095726,0.057948,348.24199,11959,693,0.235379,0.142487,395.103794,11959,1704,0.107606,0.065139,446.870691,11959,779,0.537062,0.383092,475.065598,10149,3888,0.575325,0.348273,512.871928,11959,4165,0.05843,0.035371,577.384901,11959,423,DSDV,OLSR,AODV-AERS1,0.575325,0.383092,348.24199
963,RING,70,214.905674,570.722612,1.510165,601496,1400,5,0.605151,3,5.503716,124,29,79,0.143087,6,42,2,0.565107,0.921739,4.426843,805,742,0.24295,0.396273,27.921928,805,319,0.572723,0.934161,6.013741,805,752,0.562061,0.91677,7.918198,805,738,0.512557,0.836025,24.248074,805,673,0.262752,0.428571,108.600556,805,345,AODV-AERS3,AODV-AERS3,AODV-AERS1,0.572723,0.934161,4.426843
543,GRID,20,22.763215,937.342261,14.149232,637638,1012,10,1.722465,2,3.03346,139,33,65,0.196099,4,15,7,0.323925,0.494496,91.174621,1181,584,0.280107,0.427604,197.508229,1181,505,0.336683,0.513971,86.056639,1181,607,0.073216,0.136929,151.449529,964,132,0,0,-1,1181,0,0.292864,0.447079,154.658527,1181,528,AODV-AERS3,AODV-AERS3,AODV-AERS3,0.336683,0.513971,86.056639
432,RANDOM,58,104.182887,746.132236,7.796296,481683,418,11,1.827334,1,5.896112,174,35,89,0.13517,16,33,5,0.457893,0.891204,6.5759,2160,1925,0.40699,0.79213,8.962171,2160,1711,0.384393,0.748148,9.995746,2160,1616,0.040913,0.167478,21.748659,1027,172,0.172691,0.336111,129.090164,2160,726,0.183633,0.357407,41.178912,2160,772,AODV-AERS1,AODV-AERS1,AODV-AERS1,0.457893,0.891204,6.5759
98,HOTSPOT,67,79.943084,915.475976,0.869004,1207744,1395,9,0.898666,1,3.448866,126,15,63,0.128678,49,52,5,0.456119,0.370302,13.203265,1623,601,1.068578,0.867529,10.509478,1623,1408,1.174829,0.953789,10.235731,1623,1548,0.872773,0.876524,37.790091,1312,1150,0,0,-1,1623,0,0.726299,0.589649,36.499892,1623,957,AODV-AERS3,AODV-AERS3,AODV-AERS3,1.174829,0.953789,10.235731
12,RANDOM,62,29.035673,1461.268065,8.615171,585626,1330,17,0.778809,4,1.492421,146,29,85,0.069437,23,29,11,0.371549,0.621818,151.007231,825,513,0.42442,0.710303,21.207788,825,586,0.440354,0.73697,20.996554,825,608,0.022452,0.364706,117.782073,85,31,0.460634,0.770909,36.014602,825,636,0.482362,0.807273,21.994717,825,666,AODV,AODV,AODV-AERS3,0.482362,0.807273,20.996554
710,RING,39,21.77882,1338.181836,10.334768,966147,560,9,0.939133,2,3.580568,156,24,107,0.142715,19,38,6,0.624378,0.615646,20.319692,3234,1991,0.85801,0.846011,7.709649,3234,2736,0,0,-1,3234,0,0.53312,0.671937,12.435539,2530,1700,0.148646,0.146568,39.36229,3234,474,0.755776,0.745207,14.043239,3234,2410,AODV-AERS2,AODV-AERS2,AODV-AERS2,0.85801,0.846011,7.709649
70,CORRIDOR,32,27.24011,1083.853432,11.214748,432024,440,9,1.927726,2,2.50589,34,6,21,0.148307,20,26,5,0.438048,0.953286,5.945866,1841,1755,0.378643,0.824009,8.486913,1841,1517,0.438298,0.953829,5.822781,1841,1756,0.223891,0.624217,52.6685,1437,897,0.277056,0.602933,38.702367,1841,1110,0.438547,0.954373,5.173339,1841,1757,AODV,AODV,AODV,0.438547,0.954373,5.173339
31,LINE,54,20.299621,1630.996089,8.491724,639762,1363,12,1.801019,1,3.551136,148,22,76,0.036028,0,53,7,0.597203,0.914773,16.294872,880,805,0.402834,0.617045,18.948119,880,543,0.47702,0.730682,28.336007,880,643,0.137245,0.263909,69.447969,701,185,0.232946,0.356818,23.009797,880,314,0.494825,0.757955,20.506484,880,667,AODV-AERS1,AODV-AERS1,AODV-AERS1,0.597203,0.914773,16.294872
833,TWO_CLUSTER,55,46.076445,1092.55136,4.548173,411379,1242,8,2.264805,1,2.255649,112,15,68,0.061573,5,46,5,0.371179,0.882448,16.301224,621,548,0.083989,0.199678,72.63585,621,124,0.13208,0.31401,41.561933,621,195,0.163237,0.495885,26.150686,486,241,0.188976,0.449275,33.318196,621,279,0.362373,0.861514,14.981541,621,535,AODV-AERS1,AODV-AERS1,AODV,0.371179,0.882448,14.981541
166,RING,55,41.644584,1149.2171,9.874015,453346,1352,7,1.68781,2,5.757145,25,6,16,0.030161,17,44,5,0.068448,0.148089,37.199544,628,93,0.032384,0.070064,124.321576,628,44,0.023552,0.050955,106.962499,628,32,0.295136,0.75947,47.820247,528,401,0.064032,0.138535,77.874235,628,87,0.398176,0.861465,15.665274,628,541,AODV,AODV,AODV,0.398176,0.861465,15.665274
546,RING,77,607.928694,355.892668,5.234865,930203,845,5,0.890668,4,3.581403,58,10,37,0.172514,13,54,1,0.960998,1,1.243836,2064,2064,0.926544,0.964147,11.229612,2064,1990,0.960998,1,1.883327,2064,2064,0.960998,1,21.229356,2064,2064,0.892555,0.928779,13.773477,2064,1917,0.92701,0.964632,99.599529,2064,1991,AODV-AERS1,AODV-AERS1,AODV-AERS1,0.960998,1,1.243836
931,HOTSPOT,61,158.716712,619.945608,8.519124,1637731,333,6,2.930373,2,4.579178,93,19,50,0.059854,54,56,3,0.208129,0.117232,379.177486,9221,1081,0.435318,0.245201,328.21444,9221,2261,0.397389,0.223837,360.382283,9221,2064,0.228922,0.156447,483.100523,7600,1189,0.099347,0.055959,441.397089,9221,516,0.27667,0.15584,441.871674,9221,1437,AODV-AERS2,AODV-AERS2,AODV-AERS2,0.435318,0.245201,328.21444
960,GRID,43,36.413079,1086.689635,16.084785,412007,206,8,1.498855,4,2.58398,109,14,68,0.157621,6,42,6,0.350314,0.748533,21.78698,3750,2807,0.298397,0.6376,18.446402,3750,2391,0.160118,0.342133,7.485575,3750,1283,0.14352,0.386425,12.906782,2976,1150,0,0,-1,3750,0,0.344448,0.736,11.349869,3750,2760,AODV-AERS1,AODV-AERS1,AODV-AERS3,0.350314,0.748533,7.485575
39,LINE,34,78.17868,659.470377,11.967057,820986,986,9,1.101051,4,3.364819,52,11,24,0.143396,0,33,3,0.792272,0.938501,5.77953,1561,1465,0.299062,0.35426,9.173935,1561,553,0.50727,0.600897,80.211664,1561,938,0.313123,0.586032,29.172455,988,579,0.233626,0.276746,44.651155,1561,432,0.698173,0.827034,10.605376,1561,1291,AODV-AERS1,AODV-AERS1,AODV-AERS1,0.792272,0.938501,5.77953
920,TWO_CLUSTER,60,205.315399,540.586086,5.966989,319035,1274,5,1.285764,1,5.902409,159,25,108,0.081528,16,47,3,0.320813,0.985075,7.528356,469,462,0.228458,0.701493,18.005108,469,329,0.321507,0.987207,6.616557,469,463,0.206237,0.755725,13.804794,393,297,0.054163,0.166311,103.23214,469,78,0.298592,0.916844,10.744827,469,430,AODV-AERS3,AODV-AERS3,AODV-AERS3,0.321507,0.987207,6.616557
96,CORRIDOR,36,19.935166,1343.820684,15.88001,761093,991,10,0.856247,2,2.407617,136,21,85,0.022369,34,35,6,0.617378,0.788889,10.795215,1440,1136,0.385861,0.493056,26.616758,1440,710,0.051086,0.065278,242.786246,1440,94,0.244017,0.471639,33.856351,952,449,0.009782,0.0125,1762.337043,1440,18,0.504337,0.644444,47.662323,1440,928,AODV-AERS1,AODV-AERS1,AODV-AERS1,0.617378,0.788889,10.795215
133,HOTSPOT,48,103.234168,681.881467,2.214802,1104982,1207,7,2.868074,1,1.816713,92,17,64,0.145199,37,39,3,1.105901,0.978438,6.890266,1716,1679,1.085483,0.960373,6.384971,1716,1648,1.030813,0.912005,6.825778,1716,1565,0.888541,0.941382,19.751354,1433,1349,0,0,-1,1716,0,1.108536,0.980769,5.4954,1716,1683,AODV,AODV,AODV,1.108536,0.980769,5.4954
429,RANDOM,44,43.385635,1007.055389,0.226976,601781,425,13,2.978233,3,4.074047,52,12,32,0.071478,13,40,7,0.58588,0.913715,7.293417,2654,2425,0.525238,0.819141,7.339386,2654,2174,0.586846,0.915222,7.158167,2654,2429,0.494314,0.99562,5.993021,2055,2046,0.593128,0.925019,8.508746,2654,2455,0.58733,0.915976,6.39505,2654,2431,DSDV,OLSR,OLSR,0.593128,0.99562,5.993021
204,GRID,45,179.286591,500.993801,9.119076,260930,201,6,1.395101,1,5.568203,86,18,59,0.182731,6,42,3,0,0,-1,2434,0,0.272235,0.915776,4.094037,2434,2229,0.093066,0.313065,24.051916,2434,762,0.187108,0.735831,22.009582,2082,1532,0.269548,0.906738,9.00114,2434,2207,0.219474,0.738291,21.636592,2434,1797,AODV-AERS2,AODV-AERS2,AODV-AERS2,0.272235,0.915776,4.094037
572,GRID,49,33.12362,1216.267611,3.421549,688442,318,14,0.963875,1,4.81767,104,17,48,0.085483,0,48,7,0.56541,0.754866,10.199441,4059,3064,0.509866,0.68071,58.897537,4059,2763,0.651403,0.869672,31.208419,4059,3530,0.403943,0.698023,318.988415,3136,2189,0.462625,0.61764,285.334548,4059,2507,0.520753,0.695245,21.692154,4059,2822,AODV-AERS3,AODV-AERS3,AODV-AERS1,0.651403,0.869672,10.199441
40,RANDOM,65,147.912363,662.909801,17.998604,574543,710,6,2.993236,2,2.461434,127,22,69,0.090498,9,39,4,0.245213,0.410679,47.696643,1517,623,0.238128,0.398813,31.379358,1517,605,0.131069,0.219512,130.545713,1517,333,0.128314,0.255887,15.150934,1274,326,0.26017,0.435728,17.479696,1517,661,0,0,-1,1517,0,DSDV,DSDV,OLSR,0.26017,0.435728,15.150934
694,TWO_CLUSTER,59,56.203764,1024.573939,0.693166,1360935,1367,8,3.482391,1,2.681111,96,24,47,0.149891,20,25,4,1.274472,0.918006,9.3009,1866,1713,1.145016,0.824759,24.126413,1866,1539,0,0,-1,1866,0,0.66588,0.925543,13.41658,967,895,1.308696,0.942658,185.097871,1866,1759,1.226856,0.883708,12.316841,1866,1649,DSDV,DSDV,AODV-AERS1,1.308696,0.942658,9.3009
280,LINE,37,20.24173,1352.001111,5.610152,664812,806,9,2.633261,2,1.622297,160,38,106,0.10206,0,36,6,0.62361,0.906856,8.949174,1546,1402,0.541322,0.787193,11.41608,1546,1217,0.08985,0.13066,9.745854,1546,202,0.246419,0.463211,53.09001,1196,554,0.687216,0.999353,11.8309,1546,1545,0.572458,0.832471,10.784067,1546,1287,DSDV,DSDV,AODV-AERS1,0.687216,0.999353,8.949174
624,LINE,29,12.404502,1529.006527,2.38718,105872,698,10,2.861306,4,4.680073,133,28,83,0.069322,0,28,6,0.100285,0.911972,23.17557,284,259,0.095251,0.866197,32.359562,284,246,0.094477,0.859155,25.166902,284,244,0.029814,0.348416,6.581027,221,77,0.068147,0.619718,7.273261,284,176,0.094477,0.859155,25.30971,284,244,AODV-AERS1,AODV-AERS1,OLSR,0.100285,0.911972,6.581027
467,TWO_CLUSTER,47,46.89654,1001.102454,10.021588,1605531,248,8,2.693177,4,1.367239,83,18,54,0.14114,6,9,5,0.160448,0.089801,510.099331,12138,1090,0.234342,0.131158,421.474809,12138,1592,0.265843,0.148789,433.1504,12138,1806,0.152205,0.117969,534.661899,8765,1034,0.532128,0.297825,509.096406,12138,3615,0.038566,0.021585,467.991788,12138,262,DSDV,DSDV,AODV-AERS2,0.532128,0.297825,421.474809
673,LINE,45,146.712843,553.824533,0.793592,1032574,1351,5,0.654697,2,5.249879,128,29,66,0.156812,0,44,2,1.053924,1,3.412415,1433,1433,0.91345,0.866713,6.152127,1433,1242,1.053188,0.999302,3.126665,1433,1432,0.943604,0.895324,5.684377,1433,1283,1.018621,0.966504,15.663625,1433,1385,0.872263,0.827634,9.525155,1433,1186,AODV-AERS1,AODV-AERS1,AODV-AERS3,1.053924,1,3.126665
451,LINE,66,324.03474,451.311272,0.539856,1924516,1156,5,0.88249,2,4.762334,162,29,89,0.060224,0,65,2,0.342886,0.173983,454.428762,3121,543,0,0,-1,3121,0,0.454025,0.230375,351.777388,3121,719,1.339341,0.891926,102.495387,2378,2121,1.651285,0.837872,17.541731,3121,2615,0.586001,0.297341,133.55007,3121,928,DSDV,OLSR,DSDV,1.651285,0.891926,17.541731
877,CORRIDOR,32,32.010366,999.838077,12.308205,298594,958,8,1.576684,3,1.804667,70,11,40,0.050014,12,16,4,0.230855,0.751712,29.405055,584,439,0.28502,0.928082,12.08979,584,542,0.293959,0.957192,9.747148,584,559,0.013673,0.094891,7.704585,274,26,0.048906,0.159247,160.09428,584,93,0.279761,0.910959,13.64059,584,532,AODV-AERS3,AODV-AERS3,OLSR,0.293959,0.957192,7.704585
588,TWO_CLUSTER,34,28.379158,1094.560342,9.586675,581299,927,7,3.443038,4,1.837832,113,26,65,0.033495,8,17,5,0.531744,0.888511,10.651134,1175,1044,0.558229,0.932766,8.161323,1175,1096,0.570963,0.954043,9.07749,1175,1121,0.372832,0.771338,22.939184,949,732,0.104923,0.175319,199.573024,1175,206,0.571981,0.955745,7.701053,1175,1123,AODV,AODV,AODV,0.571981,0.955745,7.701053
187,TWO_CLUSTER,40,37.653501,1030.688229,10.213826,490882,779,12,2.277814,3,5.944959,121,19,61,0.124573,10,23,5,0.458376,0.901778,6.791992,1181,1065,0.474731,0.933954,7.56951,1181,1103,0.413184,0.81287,9.523298,1181,960,0.134715,0.52605,5.571426,595,313,0.233277,0.458933,39.028827,1181,542,0.408019,0.80271,7.998533,1181,948,AODV-AERS2,AODV-AERS2,OLSR,0.474731,0.933954,5.571426
652,HOTSPOT,32,61.587491,720.823163,10.299644,312608,242,9,2.196179,2,2.326397,97,12,59,0.118328,29,30,3,0.272304,0.78076,5.570885,2422,1891,0.286992,0.822874,34.188826,2422,1993,0,0,-1,2422,0,0.096912,0.333168,50.242581,2020,673,0.169488,0.485962,4.58172,2422,1177,0.2376,0.681255,76.781101,2422,1650,AODV-AERS2,AODV-AERS2,DSDV,0.286992,0.822874,4.58172
836,GRID,32,9.960943,1792.35804,10.630618,1162634,691,5,1.547823,3,4.491868,162,27,79,0.023622,5,30,-1,0,0,-1,3154,0,0,0,-1,3154,0,0,0,-1,3154,0,0,0,-1,0,0,0,0,-1,3154,0,0,0,-1,3154,0,NONE,NONE,NONE,0,0,-1
746,TWO_CLUSTER,51,62.58942,902.681669,8.586752,1349741,1278,8,0.977637,4,3.660349,106,25,66,0.137695,7,32,4,1.165997,0.845455,11.941936,1980,1674,0.112838,0.081818,202.022787,1980,162,0.741111,0.537374,83.357945,1980,1064,0.947982,0.853827,11.221688,1594,1361,1.193162,0.865152,95.622411,1980,1713,0.847681,0.614646,120.291631,1980,1217,DSDV,DSDV,OLSR,1.193162,0.865152,11.221688
517,CORRIDOR,36,26.875469,1157.372678,4.911714,81916,913,7,2.41527,1,1.730877,102,23,60,0.061621,5,15,5,0.004517,0.053571,223.689152,168,9,0.071265,0.845238,26.186632,168,142,0.075782,0.89881,27.407475,168,151,0.034127,0.62963,6.685031,108,68,0.069759,0.827381,8.074971,168,139,0.076786,0.910714,37.449231,168,153,AODV,AODV,OLSR,0.076786,0.910714,6.685031
992,RING,47,88.910644,727.063011,17.782414,706675,153,9,0.918106,1,5.638645,93,23,49,0.151914,9,31,3,0.151075,0.180716,397.076807,8660,1565,0.358911,0.42933,344.631948,8660,3718,0.219903,0.263048,319.984076,8660,2278,0.286125,0.440678,360.024672,6726,2964,0.503711,0.60254,521.214978,8660,5218,0.339604,0.406236,372.562517,8660,3518,DSDV,DSDV,AODV-AERS3,0.503711,0.60254,319.984076
375,RING,51,125.30045,637.98251,10.906719,1624235,275,5,1.317119,3,1.668438,86,14,59,0.11823,9,33,3,0.143662,0.080278,416.751396,11074,889,0.419998,0.234694,465.76037,11074,2599,0.218483,0.122088,384.533042,11074,1352,0.426947,0.285869,463.241205,9242,2642,0.837088,0.467762,469.563914,11074,5180,0.303162,0.169406,420.258987,11074,1876,DSDV,DSDV,AODV-AERS3,0.837088,0.467762,384.533042
672,CORRIDOR,41,30.795097,1153.854742,4.335014,418066,922,9,3.133582,4,4.63113,131,31,65,0.066449,21,26,5,0.400267,0.929412,5.974272,850,790,0.37088,0.861176,14.633444,850,732,0,0,-1,850,0,0.35416,1,5.969092,699,699,0.423573,0.983529,14.050085,850,836,0.410907,0.954118,9.728311,850,811,DSDV,OLSR,OLSR,0.423573,1,5.969092
388,LINE,67,99.743282,819.587969,0.801719,1445432,1349,9,2.149114,3,3.002088,106,16,48,0.133093,0,66,3,0.485438,0.329019,23.189965,2009,661,0.493517,0.334495,198.936792,2009,672,0.207101,0.140368,40.970127,2009,282,0.748354,0.99902,24.292698,1020,1019,1.422533,0.964161,126.864352,2009,1937,0.260712,0.176705,87.491964,2009,355,DSDV,OLSR,AODV-AERS1,1.422533,0.99902,23.189965
874,LINE,69,63.697896,1040.787338,3.818897,179586,645,10,0.507571,4,3.678065,131,29,76,0.194736,0,68,4,0.041277,0.220307,37.080488,522,115,0.125268,0.668582,27.150173,522,349,0.173724,0.927203,8.349558,522,484,0,0,-1,0,0,0.155777,0.831418,35.733799,522,434,0.170493,0.909962,13.103739,522,475,AODV-AERS3,AODV-AERS3,AODV-AERS3,0.173724,0.927203,8.349558
790,TWO_CLUSTER,24,7.42778,1797.52983,10.075791,712708,1393,14,3.246914,2,2.59636,73,14,49,0.149753,4,7,8,0.66086,0.909281,16.376557,959,872,0.582042,0.800834,23.909349,959,768,0.662375,0.911366,15.842779,959,874,0,0,-1,0,0,0,0,-1,959,0,0.617661,0.849844,15.989985,959,815,AODV-AERS3,AODV-AERS3,AODV-AERS3,0.662375,0.911366,15.842779
343,RING,46,55.164038,913.168437,10.871344,367387,909,10,1.702978,1,1.144918,114,26,79,0.136632,15,37,4,0.360807,0.953765,7.678612,757,722,0.363306,0.96037,8.705708,757,727,0.020989,0.055482,50.846197,757,42,0.066465,0.226962,32.050846,586,133,0.058469,0.154557,4.909702,757,117,0,0,-1,757,0,AODV-AERS2,AODV-AERS2,DSDV,0.363306,0.96037,4.909702
362,TWO_CLUSTER,27,9.499488,1685.899887,1.984055,406019,609,10,2.177357,4,1.285794,126,26,62,0.072429,15,24,8,0.388655,0.9152,9.50566,1250,1144,0.346868,0.8168,9.754499,1250,1021,0.361476,0.8512,10.653788,1250,1064,0.327503,0.998964,7.52703,965,964,0.197385,0.4648,49.222251,1250,581,0.388315,0.9144,9.564964,1250,1143,AODV-AERS1,OLSR,OLSR,0.388655,0.998964,7.52703
639,HOTSPOT,40,33.695027,1089.549815,2.117035,430125,584,13,0.577392,1,4.774873,150,33,71,0.035051,34,39,7,0.41257,0.915942,8.29928,1380,1264,0.35904,0.797101,8.809985,1380,1100,0.412243,0.915217,8.432519,1380,1263,0.345331,1,6.355957,1058,1058,0.448474,0.995652,13.696019,1380,1374,0.383194,0.850725,8.418182,1380,1174,DSDV,OLSR,OLSR,0.448474,1,6.355957
498,RANDOM,33,70.091444,686.158532,2.728951,930298,543,9,3.432829,1,4.889602,140,26,96,0.050843,3,9,5,0.932786,0.953611,5.432286,3212,3063,0.911773,0.93213,5.560492,3212,2994,0.896851,0.916874,5.374797,3212,2945,0.548769,0.684131,6.965007,2634,1802,0.464718,0.475093,424.468491,3212,1526,0.868834,0.888232,6.38704,3212,2853,AODV-AERS1,AODV-AERS1,AODV-AERS3,0.932786,0.953611,5.374797
667,TWO_CLUSTER,70,52.277089,1157.159755,4.443794,1299858,522,11,0.748954,1,2.834746,66,9,39,0.053212,35,66,5,0.404507,0.295352,420.977852,4669,1379,0,0,-1,4669,0,0.32208,0.235168,357.385015,4669,1098,0.170133,0.742638,379.088664,781,580,0.8492,0.620047,590.679325,4669,2895,0.506,0.369458,345.138661,4669,1725,DSDV,OLSR,AODV,0.8492,0.742638,345.138661
932,TWO_CLUSTER,80,108.139349,860.108258,1.870018,1465613,448,11,0.920057,1,1.178015,95,24,43,0.036137,59,66,4,0.314541,0.202022,405.038284,6133,1239,0.31911,0.204957,382.634476,6133,1257,0.045188,0.029023,338.690775,6133,178,0.683409,0.5294,526.047323,5085,2692,0.702703,0.451329,553.318252,6133,2768,0.142165,0.091309,316.974919,6133,560,DSDV,OLSR,AODV,0.702703,0.5294,316.974919
138,GRID,42,85.415287,701.224113,9.012115,735610,145,11,1.420516,2,4.476774,148,19,97,0.179198,6,35,4,0.081471,0.09283,268.862958,9512,883,0.225407,0.256833,422.377078,9512,2443,0.249397,0.284167,390.733509,9512,2703,0.09199,0.124314,405.177194,8020,997,0.111827,0.127418,538.398372,9512,1212,0.181027,0.206266,363.381167,9512,1962,AODV-AERS3,AODV-AERS3,AODV-AERS1,0.249397,0.284167,268.862958
186,CORRIDOR,35,10.910393,1791.075215,7.76931,179434,151,15,1.758458,3,1.617248,83,12,51,0.045268,3,29,8,0.161911,0.761221,8.458922,2228,1696,0.122675,0.57675,27.089624,2228,1285,0.161434,0.758977,7.780758,2228,1691,0,0,-1,0,0,0.074846,0.351885,69.125892,2228,784,0.129644,0.609515,48.874231,2228,1358,AODV-AERS1,AODV-AERS1,AODV-AERS3,0.161911,0.761221,7.780758
999,RANDOM,38,30.582619,1114.690916,6.584771,154826,1120,15,2.310385,1,5.062962,126,27,57,0.040912,0,13,8,0,0,-1,259,0,0,0,-1,259,0,0,0,-1,259,0,0,0,-1,0,0,0,0,-1,259,0,0,0,-1,259,0,NONE,NONE,NONE,0,0,-1
643,LINE,21,16.818026,1117.434649,9.917804,216492,176,11,1.49397,2,3.1568,169,21,81,0.177357,0,20,5,0.213357,0.85039,5.572945,2306,1961,0.214662,0.855594,4.411028,2306,1973,0.149274,0.59497,13.643546,2306,1372,0.0544,0.653595,124.126478,765,500,0.131757,0.525152,3.358313,2306,1211,0.224019,0.892888,3.999836,2306,2059,AODV,AODV,DSDV,0.224019,0.892888,3.358313
146,HOTSPOT,72,275.83964,510.902361,1.761419,2100442,1346,8,2.170772,2,2.644455,125,20,63,0.020515,50,69,3,0.833194,0.388718,442.157111,2925,1137,0.447008,0.208547,472.280362,2925,610,0.255014,0.118974,332.917234,2925,348,0.808278,0.781161,325.301542,1412,1103,1.249424,0.582906,281.331875,2925,1705,0.005862,0.002735,934.636333,2925,8,DSDV,OLSR,DSDV,1.249424,0.781161,281.331875
306,CORRIDOR,33,24.078784,1170.684022,6.205114,1250803,765,12,0.64222,1,4.910293,101,25,51,0.112321,26,31,6,0.760011,0.586297,164.37774,3065,1797,1.113583,0.859054,11.116839,3065,2633,1.139382,0.878956,11.48714,3065,2694,0.341307,0.623166,18.424461,1295,807,0,0,-1,3065,0,0.155217,0.119739,14.628678,3065,367,AODV-AERS3,AODV-AERS3,AODV-AERS2,1.139382,0.878956,11.116839
268,TWO_CLUSTER,22,29.154064,868.683929,7.607078,249133,164,9,2.946535,3,2.163471,45,9,21,0.057873,6,21,4,0.245043,0.840239,3.470554,2848,2393,0.171315,0.58743,5.541005,2848,1673,0.246272,0.844452,3.677967,2848,2405,0.083968,0.347605,2.426364,2359,820,0.134861,0.46243,16.054201,2848,1317,0.286106,0.981039,2.67844,2848,2794,AODV,AODV,OLSR,0.286106,0.981039,2.426364
925,HOTSPOT,59,89.096993,813.756522,3.572002,1336708,753,8,1.466745,2,2.071742,178,29,95,0.050002,42,47,5,1.033836,0.745793,309.850946,3328,2482,0.95761,0.690805,268.541003,3328,2299,0.866806,0.6253,301.157158,3328,2081,0.477764,0.412442,350.886796,2781,1147,0,0,-1,3328,0,1.157546,0.835036,267.283288,3328,2779,AODV,AODV,AODV,1.157546,0.835036,267.283288
633,RANDOM,57,84.034224,823.586711,1.567217,1575651,1087,11,3.449251,4,2.518506,73,15,33,0.087938,15,49,5,1.183387,0.732425,155.835175,2717,1990,0.923517,0.571586,155.329398,2717,1553,1.538403,0.952153,16.328394,2717,2587,0.567907,0.428059,101.054975,2231,955,0.8474,0.524476,313.033764,2717,1425,1.2042,0.745307,214.794181,2717,2025,AODV-AERS3,AODV-AERS3,AODV-AERS3,1.538403,0.952153,16.328394
220,RANDOM,35,28.491839,1108.341985,16.687901,87802,252,10,0.874423,3,5.500998,156,20,85,0.03578,15,34,7,0.04928,0.50536,16.50318,653,330,0.031509,0.323124,42.194344,653,211,0.02688,0.275651,29.58126,653,180,0,0,-1,0,0,0,0,-1,653,0,0.048235,0.49464,17.441882,653,323,AODV-AERS1,AODV-AERS1,AODV-AERS1,0.04928,0.50536,16.50318
41,CORRIDOR,51,18.816603,1646.320854,5.989576,256956,182,12,1.128181,4,1.928544,164,38,88,0.186927,1,37,7,0.258384,0.871553,6.749463,2647,2307,0.242368,0.817529,5.977797,2647,2164,0.253456,0.85493,8.191221,2647,2263,0.187152,0.784507,69.022704,2130,1671,0.235424,0.794107,104.985802,2647,2102,0.257488,0.86853,6.328199,2647,2299,AODV-AERS1,AODV-AERS1,AODV-AERS2,0.258384,0.871553,5.977797
257,GRID,26,23.893884,1043.141681,11.043375,794959,248,11,2.385049,2,3.961554,73,17,42,0.059144,5,24,9,0.390374,0.441265,329.936482,6010,2652,0.381248,0.430948,362.998011,6010,2590,0.463386,0.523794,384.259851,6010,3148,0.252301,0.372123,505.948012,4606,1714,0.016045,0.018136,396.366741,6010,109,0.332966,0.376373,457.226382,6010,2262,AODV-AERS3,AODV-AERS3,AODV-AERS1,0.463386,0.523794,329.936482
998,TWO_CLUSTER,64,196.685974,570.431227,1.16026,669191,460,8,3.387209,1,4.563241,78,12,46,0.155909,35,62,3,0.01015,0.014301,55.485952,2727,39,0.322731,0.454712,111.682004,2727,1240,0.237884,0.335167,51.85661,2727,914,0.524958,0.913083,10.388793,2209,2017,0.632448,0.891089,34.00504,2727,2430,0.005726,0.008067,385.208682,2727,22,DSDV,OLSR,OLSR,0.632448,0.913083,10.388793
629,LINE,77,113.337947,824.247602,2.260964,1630053,446,6,1.815506,2,4.091337,44,10,26,0.165435,0,76,3,0.097328,0.056188,484.218264,6852,385,0.112496,0.064945,332.214013,6852,445,0,0,-1,6852,0,0.519251,0.354077,545.577273,5801,2054,0.725536,0.418856,557.524949,6852,2870,0.014915,0.008611,517.476188,6852,59,DSDV,DSDV,AODV-AERS2,0.725536,0.418856,332.214013
997,GRID,39,16.740259,1526.339751,8.075994,1427037,1189,15,1.79039,3,5.899632,118,18,64,0.164876,6,35,13,0.205105,0.140444,29.950781,2250,316,0,0,-1,2250,0,0.207052,0.141778,30.464759,2250,319,0,0,-1,0,0,0.049978,0.034222,833.333076,2250,77,0.205754,0.140889,29.269802,2250,317,AODV-AERS3,AODV-AERS3,AODV,0.207052,0.141778,29.269802
101,LINE,30,20.108204,1221.445184,3.598648,309769,296,11,3.439332,1,5.25587,169,38,80,0.188115,0,29,5,0.301882,0.890418,5.311118,1962,1747,0.310176,0.914883,5.544338,1962,1795,0,0,-1,1962,0,0.260582,0.946642,18.669141,1593,1508,0.334022,0.985219,6.75827,1962,1933,0,0,-1,1962,0,DSDV,DSDV,AODV-AERS1,0.334022,0.985219,5.311118
336,LINE,76,191.226398,630.424197,0.889122,2194189,1278,8,1.090048,4,3.891825,163,34,80,0.025223,0,75,3,0.367073,0.163715,299.873414,3219,527,0.05433,0.024231,546.38696,3219,78,0.397024,0.177074,387.28179,3219,570,0.874846,0.8,472.692843,1570,1256,1.649391,0.735632,434.865947,3219,2368,0.199905,0.089158,330.230576,3219,287,DSDV,OLSR,AODV-AERS1,1.649391,0.8,299.873414
200,TWO_CLUSTER,25,15.841641,1256.232184,5.648903,430367,844,8,1.53963,3,4.522977,83,21,38,0.175292,13,22,5,0.392516,0.882845,9.62618,956,844,0.38275,0.860879,11.155524,956,823,0.418095,0.940377,8.092738,956,899,0.236719,0.641058,6.083621,794,509,0.205559,0.462343,13.062397,956,442,0.390191,0.877615,10.780053,956,839,AODV-AERS3,AODV-AERS3,OLSR,0.418095,0.940377,6.083621
965,RANDOM,36,24.870742,1203.114275,9.970965,458069,507,13,2.085869,1,1.956126,117,16,77,0.180328,4,9,8,0.385485,0.797521,8.368551,1694,1351,0.32528,0.672963,31.916217,1694,1140,0.431139,0.891972,8.175822,1694,1511,0.074187,0.300926,8.269233,864,260,0.112421,0.232586,110.195152,1694,394,0.433707,0.897285,8.162863,1694,1520,AODV,AODV,AODV,0.433707,0.897285,8.162863
14,GRID,44,117.786456,611.193407,13.08977,73294,247,11,2.573234,4,3.455833,132,20,76,0.169034,6,42,4,0.07964,0.976619,4.431982,556,543,0.061307,0.751799,24.009208,556,418,0.0748,0.917266,10.078609,556,510,0.055733,0.815451,10.737445,466,380,0.028893,0.354317,32.745573,556,197,0.06952,0.852518,14.669112,556,474,AODV-AERS1,AODV-AERS1,AODV-AERS1,0.07964,0.976619,4.431982
699,RING,33,63.120749,723.054274,1.725207,417814,131,9,1.416858,4,2.065146,142,22,67,0.118486,5,20,3,0.497691,0.981438,6.277769,5980,5869,0.430275,0.848495,6.677542,5980,5074,0.327243,0.645318,9.247428,5980,3859,0.419336,0.991578,105.147681,4987,4945,0.503712,0.993311,217.769313,5980,5940,0.465043,0.917057,4.757936,5980,5484,DSDV,DSDV,AODV,0.503712,0.993311,4.757936
529,RING,77,506.964588,389.723461,2.162397,1144008,935,9,1.473661,2,1.706552,180,40,81,0.132513,27,64,2,0.582936,0.494769,29.440472,2294,1135,0.244987,0.207934,11.079439,2294,477,0.362602,0.307759,14.985975,2294,706,0.622997,0.528771,47.853374,2294,1213,0.580882,0.493025,5.362528,2294,1131,0.287102,0.243679,1.454235,2294,559,OLSR,OLSR,AODV,0.622997,0.528771,1.454235
761,HOTSPOT,51,171.034551,546.063517,0.949891,917028,1161,7,2.299829,2,3.780168,143,23,91,0.150371,38,48,3,0.818666,0.872297,9.561398,1480,1291,0.634133,0.675676,10.425208,1480,1000,0,0,-1,1480,0,0.720375,0.916868,12.463276,1239,1136,0.856714,0.912838,24.803488,1480,1351,0,0,-1,1480,0,DSDV,OLSR,AODV-AERS1,0.856714,0.916868,9.561398
904,LINE,49,72.52331,821.976178,8.028961,629674,773,7,3.118003,3,2.524389,107,24,62,0.116797,0,48,3,0.181133,0.277669,129.365655,1527,424,0.28067,0.430255,10.897994,1527,657,0.3204,0.491159,93.072352,1527,750,0.432326,0.796223,28.955244,1271,1012,0.332362,0.509496,31.303834,1527,778,0.394733,0.605108,46.770437,1527,924,OLSR,OLSR,AODV-AERS2,0.432326,0.796223,10.897994
714,TWO_CLUSTER,52,48.587426,1034.521987,11.240906,531242,651,6,1.187042,2,1.800475,126,19,79,0.089044,23,44,4,0.299484,0.540523,11.752697,1530,827,0.275946,0.498039,7.547697,1530,762,0.459547,0.829412,14.547856,1530,1269,0.230317,0.509615,68.844981,1248,636,0.202795,0.366013,51.578876,1530,560,0.335698,0.605882,12.518563,1530,927,AODV-AERS3,AODV-AERS3,AODV-AERS2,0.459547,0.829412,7.547697
241,CORRIDOR,67,37.365592,1339.064411,12.522521,669551,1052,10,2.719934,4,3.977849,41,8,28,0.196636,12,43,6,0.24768,0.360436,66.366948,1193,430,0.41184,0.599329,19.726619,1193,715,0.165312,0.24057,17.840995,1193,287,0.08928,0.162134,126.207223,956,155,0.052416,0.076278,202.106123,1193,91,0.046656,0.067896,274.97081,1193,81,AODV-AERS2,AODV-AERS2,AODV-AERS3,0.41184,0.599329,17.840995
318,CORRIDOR,55,183.028541,548.178421,10.094031,217501,1330,8,0.657639,4,4.329625,56,8,29,0.088503,10,19,3,0.114434,0.51634,98.773756,306,158,0.050699,0.228758,121.964117,306,70,0.170927,0.771242,29.95945,306,236,0.079669,0.438247,95.556375,251,110,0.158614,0.715686,35.10635,306,219,0.001449,0.006536,1376.329904,306,2,AODV-AERS3,AODV-AERS3,AODV-AERS3,0.170927,0.771242,29.95945
832,LINE,53,203.240432,510.661222,7.436956,1077460,1338,6,3.480592,1,5.745684,84,18,48,0.168573,0,52,2,0.016028,0.014579,219.773854,1509,22,0.805029,0.732273,3.64906,1509,1105,0.517987,0.471173,18.248423,1509,711,0.802115,0.729622,8.39343,1509,1101,0.499774,0.454606,44.63761,1509,686,0.982791,0.89397,51.963845,1509,1349,AODV,AODV,AODV-AERS2,0.982791,0.89397,3.64906
108,CORRIDOR,22,8.011479,1657.123917,5.493096,1532820,158,10,0.796618,4,1.694237,100,16,67,0.15466,12,16,8,0.283216,0.156954,553.043957,18190,2855,0.307818,0.170588,535.364434,18190,3103,0.135309,0.074986,477.600796,18190,1364,0.244131,0.170041,741.821622,14473,2461,0,0,-1,18190,0,0.35087,0.194447,456.882273,18190,3537,AODV,AODV,AODV,0.35087,0.194447,456.882273
214,RANDOM,53,124.532587,652.373678,12.367599,442471,1276,8,2.277779,3,4.828734,126,24,62,0.161696,19,51,4,0.123098,0.272308,95.83106,650,177,0.351211,0.776923,40.466251,650,505,0.404762,0.895385,11.870243,650,582,0.213508,0.553153,30.338604,555,307,0.384593,0.850769,31.27813,650,553,0.048683,0.107692,61.524564,650,70,AODV-AERS3,AODV-AERS3,AODV-AERS3,0.404762,0.895385,11.870243
608,CORRIDOR,56,380.90842,383.427914,2.071568,576535,1389,5,0.930735,4,2.005765,124,22,60,0.075307,5,36,2,0.43757,0.744216,87.769502,778,579,0.423211,0.719794,9.998865,778,560,0.241835,0.411311,65.524847,778,320,0.587961,1,4.200019,778,778,0.534303,0.90874,11.692071,778,707,0,0,-1,778,0,OLSR,OLSR,OLSR,0.587961,1,4.200019
391,CORRIDOR,35,16.324009,1464.268113,9.852022,566112,811,11,2.419997,4,3.789209,174,24,110,0.067677,7,10,6,0.538302,0.919725,9.99667,1308,1203,0.491766,0.840214,10.655766,1308,1099,0.467155,0.798165,11.481175,1308,1044,0.158851,0.327491,32.777983,1084,355,0.331125,0.565749,13.120488,1308,740,0.54233,0.926606,9.33235,1308,1212,AODV,AODV,AODV,0.54233,0.926606,9.33235
766,LINE,48,72.975522,811.020842,4.878767,1401596,966,9,0.909219,3,1.966064,72,15,44,0.059795,0,47,3,1.03323,0.716544,219.011678,2720,1949,0.507868,0.352206,61.971745,2720,958,1.309959,0.908456,56.428452,2720,2471,1.015205,0.852627,57.017232,2246,1915,1.209764,0.838971,28.705435,2720,2282,0.573074,0.397426,248.877867,2720,1081,AODV-AERS3,AODV-AERS3,DSDV,1.309959,0.908456,28.705435
99,LINE,51,65.972109,879.234872,4.03731,957827,1201,8,1.38113,1,5.91897,45,10,29,0.162716,0,50,4,0.475869,0.485619,173.627609,1495,726,0,0,-1,1495,0,0.898645,0.917057,8.738047,1495,1371,0.306103,0.490546,13.042982,952,467,0.932074,0.951171,9.878508,1495,1422,0.635803,0.648829,16.986314,1495,970,DSDV,DSDV,AODV-AERS3,0.932074,0.951171,8.738047
194,LINE,67,178.200353,613.173138,16.802391,361557,219,5,0.883029,2,2.091573,66,9,33,0.173603,0,66,3,0.195624,0.479806,26.182396,3095,1485,0.201289,0.4937,118.91136,3095,1528,0.057436,0.140872,267.214704,3095,436,0.280855,0.833464,20.908988,2558,2132,0.000395,0.000969,2015.674743,3095,3,0.104201,0.255574,195.812367,3095,791,OLSR,OLSR,OLSR,0.280855,0.833464,20.908988
570,RANDOM,75,60.800932,1110.645632,10.09427,1322748,230,9,1.524551,3,3.629652,81,16,49,0.165213,15,37,7,0.022154,0.014931,462.73883,10783,161,0.367805,0.24789,470.58765,10783,2673,0.220573,0.14866,533.404246,10783,1603,0.060957,0.050966,681.327404,8692,443,0,0,-1,10783,0,0.050362,0.033942,222.254702,10783,366,AODV-AERS2,AODV-AERS2,AODV,0.367805,0.24789,222.254702
353,RANDOM,75,24.752549,1740.68694,1.915209,584124,333,15,3.319703,4,5.058364,36,8,23,0.126545,26,73,13,0.427231,0.674878,11.587422,3288,2219,0.329039,0.519769,12.055136,3288,1709,0.464583,0.733881,12.719008,3288,2413,0.395271,0.912444,11.202286,2250,2053,0.070275,0.11101,1300.96057,3288,365,0.464005,0.732968,12.341641,3288,2410,AODV-AERS3,OLSR,OLSR,0.464583,0.912444,11.202286
292,HOTSPOT,66,168.321356,626.184564,1.74774,607277,1359,10,2.285187,2,2.947098,154,35,78,0.092143,49,65,4,0.406853,0.657109,25.195932,837,550,0.58217,0.940263,11.462955,837,787,0.163481,0.264038,99.830896,837,221,0.25003,0.488439,48.275538,692,338,0.042165,0.0681,532.182043,837,57,0.590307,0.953405,9.859799,837,798,AODV,AODV,AODV,0.590307,0.953405,9.859799
496,LINE,67,218.911479,553.226702,1.914728,1338403,1376,9,1.400824,1,5.860225,101,13,66,0.062601,0,66,2,0.468,0.342841,244.598259,1823,625,0.583315,0.427318,10.932051,1823,779,0.405101,0.296764,43.305177,1823,541,0.685152,0.50192,76.552514,1823,915,1.289434,0.944597,20.465016,1823,1722,0.366912,0.268788,140.964948,1823,490,DSDV,DSDV,AODV-AERS2,1.289434,0.944597,10.932051
649,HOTSPOT,36,44.007381,904.458179,4.797138,449310,215,10,3.021186,4,2.314734,96,23,49,0.124943,27,34,5,0.450101,0.886422,6.230989,3918,3473,0.425218,0.837417,6.380765,3918,3281,0.484186,0.953548,5.670762,3918,3736,0.194011,0.601688,110.545065,2488,1497,0,0,-1,3918,0,0.483667,0.952527,4.825959,3918,3732,AODV-AERS3,AODV-AERS3,AODV,0.484186,0.953548,4.825959
265,GRID,73,41.462407,1326.887726,7.238658,863727,1269,10,1.348441,4,4.695706,180,22,117,0.186324,8,72,8,0.594891,0.673981,27.855822,1276,860,0.527793,0.597962,18.65143,1276,763,0.635703,0.720219,17.362174,1276,919,0.556154,0.835759,39.727054,962,804,0.406047,0.460031,61.261941,1276,587,0.6945,0.786834,17.435719,1276,1004,AODV,OLSR,AODV-AERS3,0.6945,0.835759,17.362174
863,CORRIDOR,44,17.339515,1592.971003,5.925246,1556540,195,10,2.681014,1,3.003247,97,12,52,0.107578,2,16,7,0.276044,0.155085,421.806426,14966,2321,0,0,-1,14966,0,0.359773,0.202125,502.999152,14966,3025,0.023668,0.019823,812.028412,10039,199,0.011655,0.006548,625.312687,14966,98,0.300426,0.168783,428.02828,14966,2526,AODV-AERS3,AODV-AERS3,AODV-AERS1,0.359773,0.202125,421.806426
875,RING,74,270.093193,523.430519,1.121517,933720,217,8,3.462095,3,3.570024,166,27,116,0.115716,15,50,2,0.044035,0.041775,264.626896,8067,337,0.006403,0.006074,646.143283,8067,49,0.091989,0.087269,467.616749,8067,704,1.005872,0.954258,202.918847,8067,7698,0.667184,0.632949,328.410194,8067,5106,0.215469,0.204413,29.755143,8067,1649,OLSR,OLSR,AODV,1.005872,0.954258,29.755143
785,RANDOM,48,38.751638,1112.949833,11.471878,1672885,374,10,1.04375,2,2.02391,168,31,90,0.115864,22,29,8,0.53943,0.300024,395.870218,8386,2516,0.195962,0.108991,359.632021,8386,914,0.315597,0.175531,445.836135,8386,1472,0.226621,0.161005,543.945177,6565,1057,0,0,-1,8386,0,0.573734,0.319103,415.882956,8386,2676,AODV,AODV,AODV-AERS2,0.573734,0.319103,359.632021
227,CORRIDOR,40,23.780391,1296.94183,5.695037,298521,623,11,2.157247,2,4.048529,162,25,90,0.036694,9,28,5,0.297203,0.953229,8.515943,898,856,0.287829,0.923163,9.963801,898,829,0,0,-1,898,0,0.098605,0.383266,49.347779,741,284,0.192002,0.615813,12.950832,898,553,0.061454,0.197105,4.647735,898,177,AODV-AERS1,AODV-AERS1,AODV,0.297203,0.953229,4.647735
367,RANDOM,59,27.060481,1476.584317,8.482645,407531,932,17,2.012223,2,1.180588,98,17,52,0.066404,3,51,11,0.328192,0.782662,18.665762,819,641,0.272384,0.649573,19.649206,819,532,0.32768,0.781441,18.501648,819,640,0.063488,0.200647,104.363875,618,124,0.390144,0.930403,21.563452,819,762,0.297472,0.709402,19.656928,819,581,DSDV,DSDV,AODV-AERS3,0.390144,0.930403,18.501648
759,TWO_CLUSTER,44,16.769864,1619.800644,5.979579,652765,456,10,1.629803,1,5.79645,46,6,32,0.082315,8,15,8,0.633975,0.915052,7.447867,2684,2456,0.49097,0.708644,9.250957,2684,1902,0.559891,0.808122,7.858527,2684,2169,0.120548,0.217614,135.403918,2146,467,0,0,-1,2684,0,0.599902,0.865872,7.667117,2684,2324,AODV-AERS1,AODV-AERS1,AODV-AERS1,0.633975,0.915052,7.447867
443,HOTSPOT,56,148.553941,613.976749,14.590187,2025055,449,7,0.836801,4,5.356399,34,6,16,0.177416,39,55,3,0.269664,0.125355,361.17511,8456,1060,0.274498,0.127602,425.069826,8456,1079,0.009158,0.004257,544.118042,8456,36,0.460973,0.260083,427.065447,6967,1812,0.459192,0.213458,782.487276,8456,1805,0.39432,0.183302,441.524557,8456,1550,OLSR,OLSR,AODV-AERS1,0.460973,0.260083,361.17511
51,GRID,45,59.066274,872.843675,1.342844,2106020,1058,11,1.406052,2,3.60706,146,34,96,0.104014,6,42,6,1.336794,0.618435,429.488794,3732,2308,1.419619,0.656752,371.508336,3732,2451,1.190256,0.550643,433.022987,3732,2055,0.723421,0.407238,494.518555,3067,1249,0.96321,0.445606,589.841961,3732,1663,1.086,0.502412,443.139926,3732,1875,AODV-AERS2,AODV-AERS2,AODV-AERS2,1.419619,0.656752,371.508336
82,GRID,45,16.433531,1654.782087,12.41548,700632,506,14,1.091484,2,2.140343,174,23,90,0.106235,6,42,12,0.386189,0.522342,55.783308,2596,1356,0.055251,0.07473,127.059138,2596,194,0.354006,0.478814,55.092429,2596,1243,0,0,-1,0,0,0,0,-1,2596,0,0.309578,0.418721,50.368069,2596,1087,AODV-AERS1,AODV-AERS1,AODV,0.386189,0.522342,50.368069
183,GRID,30,29.714701,1004.789166,11.156272,85188,388,15,1.791602,4,4.547612,59,10,30,0.074016,0,29,8,0.071441,0.783455,14.944713,411,322,0.078097,0.856448,23.726064,411,352,0.080759,0.885645,19.666601,411,364,0.025293,0.336283,7.484909,339,114,0.054579,0.59854,30.553323,411,246,0.048367,0.530414,24.037503,411,218,AODV-AERS3,AODV-AERS3,OLSR,0.080759,0.885645,7.484909
763,HOTSPOT,69,50.123565,1173.285133,7.776573,753460,386,6,2.684302,1,5.596658,50,6,30,0.163899,52,60,-1,0,0,-1,3659,0,0,0,-1,3659,0,0,0,-1,3659,0,0,0,-1,0,0,0,0,-1,3659,0,0,0,-1,3659,0,NONE,NONE,NONE,0,0,-1
93,CORRIDOR,74,171.571252,656.740198,11.201277,2076048,315,10,2.526332,2,3.449004,59,11,33,0.10597,35,53,3,0.297267,0.131504,451.490547,12357,1625,0.142322,0.06296,549.65104,12357,778,0.119273,0.052764,429.69884,12357,652,0.378306,0.199479,435.884378,10367,2068,0.452577,0.20021,456.224596,12357,2474,0.090735,0.040139,361.549661,12357,496,DSDV,DSDV,AODV,0.452577,0.20021,361.549661
575,CORRIDOR,52,27.9613,1363.713033,14.449628,688580,1060,11,2.946751,1,2.240419,135,22,62,0.108517,42,48,6,0.402125,0.568966,30.537763,1218,693,0.045841,0.06486,14.030915,1218,79,0.305801,0.432677,43.74676,1218,527,0,0,-1,0,0,0.236749,0.334975,58.679981,1218,408,0.176981,0.250411,23.775002,1218,305,AODV-AERS1,AODV-AERS1,AODV-AERS2,0.402125,0.568966,14.030915
376,RANDOM,51,56.545627,949.698119,7.028272,1502817,271,8,0.658245,1,2.734533,105,22,59,0.082019,6,23,6,0.300435,0.181206,438.763303,10397,1884,0.402972,0.243051,477.432467,10397,2527,0.318455,0.192075,421.99409,10397,1997,0.095042,0.115976,449.387764,5139,596,0.195506,0.117919,696.290554,10397,1226,0.214642,0.12946,406.465292,10397,1346,AODV-AERS2,AODV-AERS2,AODV,0.402972,0.243051,406.465292
611,CORRIDOR,30,12.51049,1548.543708,10.988502,485771,874,13,3.028274,3,4.236417,174,39,97,0.097265,20,21,8,0.376194,0.75048,14.96548,1042,782,0.369459,0.737044,14.690597,1042,768,0.373308,0.744722,14.814703,1042,776,0.060133,0.275938,130.776372,453,125,0.267473,0.533589,12.535785,1042,556,0.413717,0.825336,28.70455,1042,860,AODV,AODV,DSDV,0.413717,0.825336,12.535785
967,RING,44,13.322688,1817.315836,7.171306,705943,982,13,3.125321,1,3.232936,93,22,51,0.094392,15,39,8,0.567216,0.781737,15.126966,1347,1053,0.003232,0.004454,49.712146,1347,6,0.618389,0.852264,15.673474,1347,1148,0.382453,0.692683,96.543317,1025,710,0.033397,0.046028,30.108144,1347,62,0.388379,0.535264,17.8025,1347,721,AODV-AERS3,AODV-AERS3,AODV-AERS1,0.618389,0.852264,15.126966
619,LINE,31,69.45384,668.08653,5.061713,1408067,169,5,2.335831,2,3.668894,143,28,78,0.130175,0,30,3,0.339786,0.207016,457.692913,15622,3234,0.299755,0.182627,441.308705,15622,2853,0.432139,0.263283,437.815894,15622,4113,0.406083,0.291522,500.321151,13258,3865,0.104121,0.063436,415.151833,15622,991,0.345879,0.210728,426.920849,15622,3292,AODV-AERS3,OLSR,DSDV,0.432139,0.291522,415.151833
173,HOTSPOT,22,9.327596,1535.771028,1.940269,383524,1125,8,2.82613,1,3.620151,55,11,31,0.038556,11,19,-1,0,0,-1,639,0,0,0,-1,639,0,0,0,-1,639,0,0,0,-1,0,0,0,0,-1,639,0,0,0,-1,639,0,NONE,NONE,NONE,0,0,-1
19,TWO_CLUSTER,41,22.335668,1354.853855,6.057067,209582,479,8,1.965448,3,3.621995,105,17,60,0.184304,4,17,5,0.17549,0.791463,15.665347,820,649,0.180086,0.812195,11.655836,820,666,0.171704,0.77439,84.29266,820,635,0.090854,0.499257,5.252404,673,336,0.103293,0.465854,5.358783,820,382,0.171974,0.77561,16.496843,820,636,AODV-AERS2,AODV-AERS2,OLSR,0.180086,0.812195,5.252404
475,HOTSPOT,64,38.59178,1287.78269,14.34141,1500907,143,6,1.883917,1,5.003042,64,14,44,0.099628,51,56,-1,0,0,-1,19679,0,0,0,-1,19679,0,0,0,-1,19679,0,0,0,-1,0,0,0,0,-1,19679,0,0,0,-1,19679,0,NONE,NONE,NONE,0,0,-1
684,HOTSPOT,39,14.893317,1618.216381,4.972096,493719,1190,5,1.453185,4,5.886201,77,19,50,0.157702,32,38,-1,0,0,-1,777,0,0,0,-1,777,0,0,0,-1,777,0,0,0,-1,0,0,0,0,-1,777,0,0,0,-1,777,0,NONE,NONE,NONE,0,0,-1
883,RING,25,42.538883,766.614382,7.153937,162889,259,10,2.948219,2,5.395976,161,33,82,0.116188,3,17,3,0.177251,0.982188,2.928653,1179,1158,0.177557,0.983885,2.563799,1179,1160,0.165618,0.917727,4.273316,1179,1082,0.151842,0.99002,1.962747,1002,992,0.1797,0.995759,5.215652,1179,1174,0.177404,0.983036,2.820952,1179,1159,DSDV,DSDV,OLSR,0.1797,0.995759,1.962747
651,RANDOM,35,26.638796,1146.243081,12.803165,212541,262,15,2.579774,2,2.692067,157,24,105,0.13746,15,33,8,0.009125,0.03879,38.929151,1521,59,0,0,-1,1521,0,0.00928,0.039448,37.961779,1521,60,0,0,-1,0,0,0,0,-1,1521,0,0,0,-1,1521,0,AODV-AERS3,AODV-AERS3,AODV-AERS3,0.00928,0.039448,37.961779
503,LINE,48,151.638976,562.62004,2.480619,1107342,591,9,0.649299,3,3.008509,33,6,15,0.037183,0,47,3,0.574432,0.495303,61.841718,3513,1740,0.017167,0.014802,515.051156,3513,52,0.945172,0.814973,60.136762,3513,2863,0.887398,0.917093,24.86104,2931,2688,1.050484,0.905779,85.452473,3513,3182,0.384935,0.33191,203.643702,3513,1166,DSDV,OLSR,OLSR,1.050484,0.917093,24.86104
947,CORRIDOR,46,80.061405,757.996697,14.677697,199272,1045,5,3.141447,2,2.120237,126,30,81,0.070516,13,40,3,0.001145,0.005602,53.358058,357,2,0.173969,0.851541,22.013601,357,304,0.119604,0.585434,66.908329,357,209,0.079545,0.567347,4.468887,245,139,0.152795,0.747899,33.323489,357,267,0.185987,0.910364,9.342848,357,325,AODV,AODV,OLSR,0.185987,0.910364,4.468887
719,CORRIDOR,32,16.372839,1398.018759,9.975486,164980,211,12,2.342655,3,2.932185,90,16,48,0.171888,0,7,7,0,0,-1,1466,0,0.026513,0.141883,92.74065,1466,208,0.16405,0.877899,6.667731,1466,1287,0,0,-1,1165,0,0,0,-1,1466,0,0.159461,0.853342,7.770005,1466,1251,AODV-AERS3,AODV-AERS3,AODV-AERS3,0.16405,0.877899,6.667731
418,GRID,46,59.347351,880.396379,0.483816,1182416,770,13,0.89407,4,2.357337,167,37,102,0.195679,6,42,6,1.113795,0.908996,140.756021,2879,2617,0.979731,0.799583,10.032409,2879,2302,1.120179,0.914206,9.137422,2879,2632,0.799277,0.776996,26.045879,2417,1878,0.207267,0.169156,27.166138,2879,487,0.582221,0.475165,85.167472,2879,1368,AODV-AERS3,AODV-AERS3,AODV-AERS3,1.120179,0.914206,9.137422
553,TWO_CLUSTER,60,96.863031,787.039626,11.606642,1074771,175,8,0.840051,1,3.0188,127,20,66,0.147986,11,38,3,0.175284,0.140599,428.510404,11515,1619,0.021762,0.017455,445.510726,11515,201,0.175175,0.140512,393.701928,11515,1618,0.039193,0.037109,448.780145,9755,362,0.308343,0.24733,596.428798,11515,2848,0.164241,0.131741,535.058133,11515,1517,DSDV,DSDV,AODV-AERS3,0.308343,0.24733,393.701928
776,TWO_CLUSTER,79,71.410595,1051.797707,5.557174,520853,178,9,1.007884,2,3.907229,147,31,88,0.054286,12,67,4,0.100198,0.166241,176.814638,5486,912,0.117887,0.195589,224.814701,5486,1073,0.038563,0.063981,199.677339,5486,351,0.170074,0.336375,298.228107,4602,1548,0.238081,0.395005,425.815395,5486,2167,0.055483,0.092052,350.247475,5486,505,DSDV,DSDV,AODV-AERS1,0.238081,0.395005,176.814638
145,TWO_CLUSTER,36,38.628873,965.373184,5.591602,457621,298,8,3.166574,1,5.523444,132,17,87,0.131245,22,23,4,0.3912,0.781521,10.147904,2879,2250,0.267755,0.534908,8.584608,2879,1540,0.115447,0.230636,18.711725,2879,664,0.100321,0.402091,71.96124,1435,577,0.122228,0.244182,31.722838,2879,703,0.277143,0.553664,8.133014,2879,1594,AODV-AERS1,AODV-AERS1,AODV,0.3912,0.781521,8.133014
356,RANDOM,61,96.162642,796.455883,10.048652,1303807,337,9,3.069136,4,4.092988,97,13,65,0.024595,2,36,5,0.513725,0.363799,403.653043,7254,2639,0.465253,0.329473,385.186989,7254,2390,0.422037,0.29887,401.547421,7254,2168,0.507107,0.432365,471.326217,6025,2605,0.533971,0.378136,506.346896,7254,2743,0.304069,0.215329,337.253958,7254,1562,DSDV,OLSR,AODV,0.533971,0.432365,337.253958
935,RANDOM,71,97.765429,852.190168,10.062495,301069,212,11,3.289334,2,5.388589,121,19,59,0.022413,3,23,5,0.011904,0.034936,326.351759,2662,93,0,0,-1,2662,0,0.235264,0.690458,11.618358,2662,1838,0.014976,0.052513,561.008607,2228,117,0.286208,0.83997,25.559502,2662,2236,0.203264,0.596544,4.559612,2662,1588,DSDV,DSDV,AODV,0.286208,0.83997,4.559612
977,TWO_CLUSTER,60,34.271207,1323.15562,13.942369,678326,1374,9,3.342173,4,5.624956,78,11,48,0.056854,20,45,5,0,0,-1,925,0,0.586223,0.847568,12.384398,925,784,0.004486,0.006486,534.653506,925,6,0.085989,0.156038,80.696946,737,115,0.305075,0.441081,22.910869,925,408,0.004486,0.006486,537.215316,925,6,AODV-AERS2,AODV-AERS2,AODV-AERS2,0.586223,0.847568,12.384398
648,LINE,36,109.138513,574.330969,12.5975,1834805,358,6,1.039447,3,5.238814,138,25,64,0.167362,0,35,3,0.268862,0.135914,355.492096,9609,1306,0.408439,0.206473,382.143615,9609,1984,0.258774,0.130815,334.016622,9609,1257,0.563251,0.290138,283.474098,9430,2736,0.297683,0.150484,302.777504,9609,1446,0.575603,0.290977,396.914155,9609,2796,AODV,AODV,OLSR,0.575603,0.290977,283.474098
463,LINE,38,35.715769,1031.482342,8.181192,350303,865,6,1.554666,4,4.095483,63,8,42,0.191817,0,37,4,0.299572,0.828722,17.52913,759,629,0.125258,0.346509,57.566303,759,263,0.247182,0.683794,78.252647,759,519,0,0,-1,0,0,0.223369,0.617918,64.856227,759,469,0.346246,0.957839,7.472981,759,727,AODV,AODV,AODV,0.346246,0.957839,7.472981
147,RING,22,12.150679,1345.584766,5.255802,339762,135,8,2.764113,3,2.999513,53,10,32,0.19915,10,21,6,0.303223,0.739296,6.414826,4718,3488,0.268189,0.653879,6.909756,4718,3085,0.307396,0.74947,11.026932,4718,3536,0.327652,0.954902,29.833899,3947,3769,0.190645,0.464816,12.136303,4718,2193,0.289575,0.706019,6.504157,4718,3331,OLSR,OLSR,AODV-AERS1,0.327652,0.954902,6.414826
456,CORRIDOR,61,238.12986,506.125233,12.598852,114125,452,6,3.475494,3,5.716215,102,18,59,0.179231,32,56,2,0.073984,0.610994,108.369832,473,289,0.018944,0.156448,240.001064,473,74,0.00128,0.010571,405.087808,473,5,0.038656,0.370098,34.298495,408,151,0.034816,0.287526,68.20523,473,136,0.054784,0.452431,73.555678,473,214,AODV-AERS1,AODV-AERS1,OLSR,0.073984,0.610994,34.298495
270,CORRIDOR,48,151.25102,563.341133,1.252153,2086012,222,7,2.690963,3,2.419745,168,41,112,0.124031,7,37,2,0.282933,0.120445,480.084652,17618,2122,0.1652,0.070326,475.726343,17618,1239,0.361067,0.153706,404.876539,17618,2708,0.957067,0.456065,615.661684,15739,7178,0.8652,0.368316,577.411768,17618,6489,0.37,0.157509,417.463958,17618,2775,OLSR,OLSR,AODV-AERS3,0.957067,0.456065,404.876539
724,LINE,78,80.246018,985.906107,9.81528,1927805,193,10,0.533009,3,5.573134,161,40,75,0.032687,0,77,4,0.156055,0.070696,643.177242,18728,1324,0.101719,0.046081,519.787279,18728,863,0.021805,0.009878,544.516045,18728,185,0.19837,0.141488,876.878792,11895,1683,0.018034,0.00817,1775.447414,18728,153,0.020391,0.009238,411.688703,18728,173,OLSR,OLSR,AODV,0.19837,0.141488,411.688703
680,GRID,34,133.409677,504.830741,0.689021,663910,1054,10,2.008767,4,1.046771,138,27,90,0.082146,5,30,3,0.669397,0.982218,4.578133,1181,1160,0.659587,0.967824,4.896303,1181,1143,0.66882,0.981372,4.693572,1181,1159,0.553984,1,3.781089,960,960,0.680939,0.999153,9.782247,1181,1180,0.624386,0.916173,7.442463,1181,1082,DSDV,OLSR,OLSR,0.680939,1,3.781089
86,HOTSPOT,61,32.071844,1379.122841,13.870317,117158,186,5,1.27461,2,5.399922,140,21,97,0.111614,45,53,-1,0,0,-1,1181,0,0,0,-1,1181,0,0,0,-1,1181,0,0,0,-1,0,0,0,0,-1,1181,0,0,0,-1,1181,0,NONE,NONE,NONE,0,0,-1
970,RANDOM,38,34.31051,1052.393627,2.900359,479382,972,14,1.958641,4,3.331933,68,13,39,0.189023,19,23,9,0.4272,0.866883,14.84957,924,801,0.2832,0.574675,25.790928,924,531,0.4272,0.866883,14.785873,924,801,0.376,0.998584,10.988602,706,705,0.263467,0.534632,85.249114,924,494,0.427733,0.867965,14.85037,924,802,AODV,OLSR,OLSR,0.427733,0.998584,10.988602
44,RANDOM,37,121.34894,552.182792,4.429586,956637,1310,9,2.846418,3,3.060263,63,13,32,0.063685,16,33,3,0.728586,0.7458,9.73527,1369,1021,0.951229,0.973703,5.530386,1369,1333,0.657939,0.673484,24.680984,1369,922,0.800659,0.975652,4.507664,1150,1122,0.904845,0.926224,10.968677,1369,1268,0.915549,0.93718,69.884837,1369,1283,AODV-AERS2,OLSR,OLSR,0.951229,0.975652,4.507664
656,LINE,27,12.955815,1443.608757,14.283483,125959,1258,12,0.712636,3,2.57515,53,9,32,0.188625,0,26,6,0.113854,0.887701,41.339568,187,166,0.067901,0.529412,72.66315,187,99,0.035665,0.278075,96.535926,187,52,0.004115,0.068966,14.74298,87,6,0.096707,0.754011,31.858127,187,141,0.099451,0.775401,76.834921,187,145,AODV-AERS1,AODV-AERS1,OLSR,0.113854,0.887701,14.74298
775,TWO_CLUSTER,69,366.895144,433.664192,2.005822,1461040,180,8,2.714147,4,2.696621,111,18,59,0.12102,57,66,2,0.140553,0.083251,389.612236,15219,1267,0.082867,0.049083,337.888454,15219,747,0.175275,0.103818,443.979632,15219,1580,0.737374,0.436757,412.883668,15219,6647,0.62278,0.368881,481.688234,15219,5614,0.226193,0.133977,456.612653,15219,2039,OLSR,OLSR,AODV-AERS2,0.737374,0.436757,337.888454
903,CORRIDOR,22,20.370777,1039.220115,8.303769,714299,173,6,1.719415,4,4.598806,71,11,38,0.173336,15,17,4,0.459245,0.553417,361.003188,7741,4284,0.294586,0.354993,383.392898,7741,2748,0.302197,0.364165,352.930702,7741,2819,0.213114,0.320593,668.499621,6201,1988,0.516275,0.622142,473.561165,7741,4816,0.386027,0.465185,408.009297,7741,3601,DSDV,DSDV,AODV-AERS3,0.516275,0.622142,352.930702
273,GRID,80,362.452655,469.806856,2.418682,891134,1214,9,2.375012,4,2.502019,38,6,26,0.059249,8,72,3,0.127181,0.139535,84.77212,1376,192,0.315302,0.34593,61.871682,1376,476,0.54648,0.599564,5.97613,1376,825,0.402739,0.52732,49.197716,1153,608,0.750499,0.823401,111.190984,1376,1133,0.269597,0.295785,204.501956,1376,407,DSDV,DSDV,AODV-AERS3,0.750499,0.823401,5.97613
251,TWO_CLUSTER,76,65.846351,1074.338003,4.906179,189282,230,12,3.111455,3,4.701961,49,9,32,0.194366,38,39,5,0.2064,0.972132,4.747791,1543,1500,0.131958,0.621517,85.346736,1543,959,0.188099,0.885936,6.676771,1543,1367,0.166221,0.948195,18.02841,1274,1208,0.196768,0.926766,7.386842,1543,1430,0.177642,0.836682,8.795923,1543,1291,AODV-AERS1,AODV-AERS1,AODV-AERS1,0.2064,0.972132,4.747791
614,CORRIDOR,32,10.75579,1724.859895,8.355659,305829,1090,10,3.440675,2,2.416943,63,8,29,0.182975,18,25,8,0.272494,0.868821,22.432737,526,457,0.236122,0.752852,31.966279,526,396,0.246854,0.787072,31.447939,526,414,0.093018,0.634146,11.427882,246,156,0.149663,0.477186,138.076684,526,251,0.271898,0.86692,23.845013,526,456,AODV-AERS1,AODV-AERS1,OLSR,0.272494,0.868821,11.427882
397,RANDOM,39,27.621066,1188.261672,7.827158,1714915,818,16,1.140956,1,2.647426,148,29,76,0.064371,6,20,10,0.001354,0.000763,1153.259859,3930,3,0.064522,0.036387,335.985134,3930,143,0.000902,0.000509,1947.788577,3930,2,0,0,-1,0,0,0,0,-1,3930,0,0.001354,0.000763,1153.764967,3930,3,AODV-AERS2,AODV-AERS2,AODV-AERS2,0.064522,0.036387,335.985134
765,RANDOM,51,190.803157,517.002104,0.824181,236319,601,8,0.8141,2,3.416117,139,33,92,0.040623,38,39,3,0.22644,0.915875,9.769465,737,675,0.040927,0.165536,9.442873,737,122,0.22644,0.915875,8.980802,737,675,0.211344,1,2.926432,630,630,0.238181,0.963365,6.835049,737,710,0.22644,0.915875,7.169809,737,675,DSDV,OLSR,OLSR,0.238181,1,2.926432
539,LINE,25,14.351976,1319.818339,12.576681,106952,1217,11,1.149437,4,1.248417,145,32,92,0.038532,0,24,5,0.091632,0.841463,63.457365,164,138,0.084992,0.780488,31.474578,164,128,0.081008,0.743902,49.18252,164,122,0.04316,0.802469,8.95002,81,65,0.048472,0.445122,333.124288,164,73,0.098272,0.902439,40.145363,164,148,AODV,AODV,OLSR,0.098272,0.902439,8.95002
659,RANDOM,63,32.107438,1400.771979,1.92286,1053080,1204,18,1.830321,1,1.708606,143,21,87,0.154849,37,59,11,0.866014,0.804149,18.613702,1639,1318,0.675465,0.627212,19.691795,1639,1028,0.823305,0.764491,20.671534,1639,1253,0.454033,0.998555,16.326537,692,691,0,0,-1,1639,0,0.76614,0.711409,20.076246,1639,1166,AODV-AERS1,OLSR,OLSR,0.866014,0.998555,16.326537
344,HOTSPOT,42,41.706692,1003.510161,15.03182,1494281,956,9,2.850332,2,4.690643,163,29,90,0.024592,38,41,4,1.23328,0.802048,169.265834,2930,2350,1.223309,0.795563,165.627932,2930,2331,1.285235,0.835836,109.508308,2930,2449,0.388877,0.302696,495.216763,2448,741,0.487014,0.316724,273.189872,2930,928,1.135667,0.738567,185.006915,2930,2164,AODV-AERS3,AODV-AERS3,AODV-AERS3,1.285235,0.835836,109.508308
335,CORRIDOR,77,191.938475,633.379996,4.490899,1399578,1141,7,2.408619,2,4.333229,36,7,25,0.093941,3,12,3,0.001247,0.00087,2348.992373,2299,2,0.097261,0.067856,64.530256,2299,156,0.35974,0.250979,241.391777,2299,577,0.586059,0.812446,52.438469,1157,940,1.236334,0.862549,84.73877,2299,1983,0.137786,0.096129,182.579303,2299,221,DSDV,DSDV,OLSR,1.236334,0.862549,52.438469
943,RING,51,112.27676,673.969359,1.119824,1536704,958,6,2.821623,2,2.850058,115,25,57,0.101446,12,36,3,1.34727,0.852012,18.501797,3007,2562,1.446659,0.914865,24.519578,3007,2751,0.001578,0.000998,1327.321681,3007,3,1.344115,0.999609,23.612424,2557,2556,1.526591,0.965414,90.299241,3007,2903,0.984948,0.62288,314.623276,3007,1873,DSDV,OLSR,AODV-AERS1,1.526591,0.999609,18.501797
229,RANDOM,62,166.026908,611.092009,2.773699,1555667,666,7,3.441475,3,3.339349,118,26,57,0.041205,5,34,4,0.405666,0.250285,464.128153,4379,1096,0.349406,0.215574,365.351738,4379,944,0.262054,0.161681,525.679184,4379,708,0.892762,0.651892,522.699598,3700,2412,1.143712,0.705641,571.82427,4379,3090,0.340153,0.209865,420.902773,4379,919,DSDV,DSDV,AODV-AERS2,1.143712,0.705641,365.351738
286,GRID,55,87.002818,795.08706,0.630319,1731546,1052,9,3.22175,2,4.841593,94,17,51,0.122542,7,48,5,0.547776,0.308166,274.369911,3086,951,0.991872,0.558004,323.989651,3086,1722,1.282752,0.721646,308.221214,3086,2227,1.096704,0.737984,341.218548,2580,1904,1.308096,0.735904,413.001731,3086,2271,1.15776,0.651329,322.943879,3086,2010,DSDV,OLSR,AODV-AERS1,1.308096,0.737984,274.369911
141,RING,25,15.091974,1287.054614,10.363184,264771,625,10,0.786868,4,4.353829,81,17,51,0.045542,0,14,6,0.263986,0.95466,8.424076,794,758,0.24518,0.88665,12.026347,794,704,0.258414,0.934509,8.854432,794,742,0.217667,0.984252,5.714947,635,625,0,0,-1,794,0,0.262245,0.948363,8.63655,794,753,AODV-AERS1,OLSR,OLSR,0.263986,0.984252,5.714947
859,GRID,20,6.33988,1776.128919,14.78111,368019,139,5,1.367037,4,3.595132,140,34,95,0.143323,4,15,-1,0,0,-1,4964,0,0,0,-1,4964,0,0,0,-1,4964,0,0,0,-1,0,0,0,0,-1,4964,0,0,0,-1,4964,0,NONE,NONE,NONE,0,0,-1
576,RING,43,29.533535,1206.636656,10.807849,473271,624,12,0.832773,1,5.470477,157,29,86,0.155464,1,22,5,0.44023,0.890295,8.235825,1422,1266,0.283403,0.573136,7.466336,1422,815,0.414846,0.838959,8.558729,1422,1193,0.201338,0.482902,7.206167,1199,579,0.153003,0.309423,41.364936,1422,440,0.094236,0.190577,4.898996,1422,271,AODV-AERS1,AODV-AERS1,AODV,0.44023,0.890295,4.898996
964,GRID,24,16.164305,1218.504413,7.699142,103818,376,17,2.114186,3,1.797956,112,24,60,0.022817,4,20,11,0,0,-1,517,0,0,0,-1,517,0,0,0,-1,517,0,0,0,-1,0,0,0,0,-1,517,0,0,0,-1,517,0,NONE,NONE,NONE,0,0,-1
644,RING,39,37.316768,1022.304549,10.982722,143979,276,11,2.949998,2,1.632828,144,35,76,0.077259,13,31,5,0.129382,0.815951,13.836388,978,798,0.139759,0.881391,6.925918,978,862,0.055125,0.347648,15.63299,978,340,0.000486,0.003741,3554.1833,802,3,0.14819,0.93456,9.262576,978,914,0.110899,0.699387,7.491207,978,684,DSDV,DSDV,AODV-AERS2,0.14819,0.93456,6.925918
825,RANDOM,60,158.505311,615.252966,4.039479,1689132,553,5,2.771217,2,4.441407,88,11,43,0.197706,35,54,3,0.571704,0.322158,381.689611,5727,1845,0.39601,0.223153,482.025134,5727,1278,0.628719,0.354287,380.897501,5727,2029,0.901712,0.609552,559.670528,4774,2910,0.931769,0.525057,530.291999,5727,3007,0.499505,0.281474,342.817676,5727,1612,DSDV,OLSR,AODV,0.931769,0.609552,342.817676
671,GRID,76,255.428448,545.471625,10.920594,1616588,1158,8,1.178419,2,5.901881,65,12,43,0.141576,8,72,3,0.345363,0.208636,332.660228,2617,546,0.234037,0.141383,309.747291,2617,370,0.268194,0.162018,130.924411,2617,424,0.605334,0.423451,268.469664,2260,957,0.842534,0.50898,153.379202,2617,1332,0.099308,0.059992,45.85456,2617,157,DSDV,DSDV,AODV,0.842534,0.50898,45.85456
309,RANDOM,77,111.443427,831.224112,1.365309,1581564,953,10,3.383361,4,3.283059,148,19,102,0.122205,60,72,5,0.442104,0.271617,291.339305,3111,845,0.867466,0.532948,333.083924,3111,1658,0.815146,0.500804,281.994857,3111,1558,0.898334,0.658107,427.974103,2609,1717,0.92868,0.570556,283.76515,3111,1775,1.223765,0.751848,226.013091,3111,2339,AODV,AODV,AODV,1.223765,0.751848,226.013091
125,HOTSPOT,49,29.830066,1281.654392,9.32694,416541,256,6,1.969003,4,3.809747,126,18,68,0.1649,34,45,-1,0,0,-1,3050,0,0,0,-1,3050,0,0,0,-1,3050,0,0,0,-1,0,0,0,0,-1,3050,0,0,0,-1,3050,0,NONE,NONE,NONE,0,0,-1
83,LINE,75,42.849842,1322.98835,4.556373,1221107,199,10,2.71217,2,4.403854,112,15,54,0.106462,0,74,5,0.022882,0.016428,536.257957,11505,189,0.093948,0.067449,464.325741,11505,776,0.009322,0.006693,1324.428052,11505,77,0.240317,0.258902,528.121947,7667,1985,0.376517,0.270317,739.996286,11505,3110,0.170099,0.122121,541.207305,11505,1405,DSDV,DSDV,AODV-AERS2,0.376517,0.270317,464.325741
501,HOTSPOT,39,33.444182,1079.871332,4.832479,397164,168,9,1.401168,2,5.6293,58,11,33,0.055251,30,36,6,0.441131,0.952166,5.374913,4432,4220,0.399213,0.861688,5.622997,4432,3819,0.441235,0.952392,5.078789,4432,4221,0.373602,0.959206,13.492055,3726,3574,0.462351,0.997969,58.367261,4432,4423,0.440713,0.951264,6.451046,4432,4216,DSDV,DSDV,AODV-AERS3,0.462351,0.997969,5.078789
675,RING,44,27.139884,1273.275399,10.658956,640186,607,9,2.269671,2,5.481477,98,17,60,0.112796,8,29,6,0.207941,0.310572,20.57051,1977,614,0.604181,0.902377,6.821814,1977,1784,0.561171,0.838139,9.751864,1977,1657,0.103971,0.194181,6.512068,1581,307,0,0,-1,1977,0,0.046059,0.068791,6.532906,1977,136,AODV-AERS2,AODV-AERS2,OLSR,0.604181,0.902377,6.512068
497,RING,56,33.649508,1290.044387,11.27556,954804,363,12,2.703499,2,3.279561,169,32,91,0.198957,10,38,6,0.485883,0.472521,332.630267,4931,2330,0.570756,0.55506,305.298813,4931,2737,0.481295,0.468059,328.279211,4931,2308,0.552196,0.687257,407.415839,3853,2648,0,0,-1,4931,0,0.369104,0.358954,337.236937,4931,1770,AODV-AERS2,OLSR,AODV-AERS2,0.570756,0.687257,305.298813
635,LINE,54,159.19208,582.419827,1.134695,944561,292,5,0.558275,2,2.264579,49,8,29,0.054831,0,53,3,0.290816,0.280956,282.782643,6065,1704,0.445952,0.430833,369.360875,6065,2613,0.403627,0.389942,288.269086,6065,2365,0.550229,0.810254,322.870641,3979,3224,0.85248,0.823578,376.865255,6065,4995,0.182443,0.176257,442.705157,6065,1069,DSDV,DSDV,AODV-AERS1,0.85248,0.823578,282.782643
354,TWO_CLUSTER,43,19.443885,1487.108685,13.670766,1293221,1173,11,0.522368,3,3.771127,158,29,94,0.053779,34,37,7,0.116577,0.08805,22.028119,2067,182,0.942225,0.711659,15.775325,2067,1471,0.181911,0.137397,41.824626,2067,284,0.041635,0.054668,498.740384,1189,65,0.613631,0.463474,279.463949,2067,958,0.90059,0.680213,89.960514,2067,1406,AODV-AERS2,AODV-AERS2,AODV-AERS2,0.942225,0.711659,15.775325
802,RANDOM,25,18.155343,1173.458593,12.151459,586652,1054,8,2.482628,2,1.982,68,10,41,0.168012,0,5,-1,0,0,-1,1043,0,0,0,-1,1043,0,0,0,-1,1043,0,0,0,-1,0,0,0,0,-1,1043,0,0,0,-1,1043,0,NONE,NONE,NONE,0,0,-1
223,CORRIDOR,47,48.311984,986.328294,13.753623,172504,983,6,1.460913,1,3.059761,44,10,25,0.11861,3,31,4,0.167152,0.942249,7.425908,329,310,0.021029,0.118541,13.479244,329,39,0,0,-1,329,0,0,0,-1,0,0,0.101909,0.574468,66.931661,329,189,0.012402,0.069909,10.968837,329,23,AODV-AERS1,AODV-AERS1,AODV-AERS1,0.167152,0.942249,7.425908
110,CORRIDOR,43,41.969705,1012.199853,5.227301,567517,485,11,1.324042,2,2.925993,151,20,93,0.08422,6,21,4,0.587419,0.978578,4.228176,2194,2147,0.517925,0.862808,7.450803,2194,1893,0.587693,0.979034,4.552044,2194,2148,0.302602,0.999097,3.596422,1107,1106,0.235843,0.39289,28.987064,2194,862,0.571824,0.952598,4.425165,2194,2090,AODV-AERS3,OLSR,OLSR,0.587693,0.999097,3.596422
689,RANDOM,64,44.831074,1194.814308,10.410002,856865,525,15,2.858521,2,3.343262,43,9,28,0.182617,2,6,8,0.809887,0.897386,8.598748,3060,2746,0.471598,0.522549,18.306262,3060,1599,0.422345,0.467974,29.531285,3060,1432,0.39698,0.586748,12.195189,2294,1346,0.17755,0.196732,76.776761,3060,602,0.781573,0.866013,8.918738,3060,2650,AODV-AERS1,AODV-AERS1,AODV-AERS1,0.809887,0.897386,8.598748
729,LINE,27,132.011297,452.247665,5.166735,1325343,1304,5,2.203536,4,5.128156,123,21,81,0.12129,0,26,2,1.34905,0.99685,3.050828,1905,1899,0.256454,0.189501,11.590339,1905,361,1.263091,0.933333,4.152778,1905,1778,1.013741,0.749081,4.18423,1905,1427,1.352602,0.999475,11.137554,1905,1904,1.17287,0.866667,5.268349,1905,1651,DSDV,DSDV,AODV-AERS1,1.352602,0.999475,3.050828
476,RANDOM,67,87.847981,873.316185,8.378071,236847,148,9,1.672164,2,1.309789,172,33,85,0.103115,41,56,6,0.15779,0.560333,28.046738,3000,1681,0.18304,0.65,10.613056,3000,1950,0.241237,0.856667,4.598484,3000,2570,0.148497,0.633053,23.140998,2499,1582,0.18473,0.656,72.324326,3000,1968,0,0,-1,3000,0,AODV-AERS3,AODV-AERS3,AODV-AERS3,0.241237,0.856667,4.598484
536,GRID,36,19.480569,1359.409908,12.102357,145716,336,13,0.929111,4,1.949738,59,13,36,0.035728,0,35,10,0.031255,0.198032,54.506898,813,161,0.015919,0.100861,16.071925,813,82,0.033973,0.215252,333.009893,813,175,0,0,-1,0,0,0,0,-1,813,0,0.042321,0.268143,27.878526,813,218,AODV,AODV,AODV-AERS2,0.042321,0.268143,16.071925
167,CORRIDOR,33,27.752523,1090.449938,14.055982,747495,154,11,1.336147,3,3.074216,130,22,66,0.165028,4,12,5,0.308963,0.34978,372.403141,9100,3183,0.255188,0.288901,420.894071,9100,2629,0.08736,0.098901,431.032402,9100,900,0,0,-1,261,0,0.250335,0.283407,453.941438,9100,2579,0.2581,0.292198,447.463333,9100,2659,AODV-AERS1,AODV-AERS1,AODV-AERS1,0.308963,0.34978,372.403141
823,HOTSPOT,66,208.144373,563.10532,1.624355,1338764,1076,9,0.95656,2,3.070198,25,6,13,0.152197,47,55,3,0.90263,0.657376,191.715171,2332,1533,1.256499,0.915094,14.397134,2332,2134,0.015309,0.011149,400.941033,2332,26,1.105178,0.969024,97.17243,1937,1877,1.297126,0.944683,53.164573,2332,2203,1.347174,0.981132,6.769169,2332,2288,AODV,AODV,AODV,1.347174,0.981132,6.769169
941,TWO_CLUSTER,52,113.003774,678.352138,7.374685,1223747,534,6,1.496293,3,2.102341,61,14,36,0.108521,37,50,3,0.564398,0.438315,332.160856,4296,1883,0.669005,0.519553,256.248446,4296,2232,0.767617,0.596136,297.085555,4296,2561,0.337799,0.305255,178.405684,3692,1127,0.744837,0.578445,382.07806,4296,2485,0.376765,0.292598,289.903927,4296,1257,AODV-AERS3,AODV-AERS3,OLSR,0.767617,0.596136,178.405684
137,TWO_CLUSTER,26,96.832293,518.175131,2.122403,2158537,139,10,0.89375,3,3.237959,90,11,52,0.173278,9,16,3,0.50002,0.192815,994.29577,29116,5614,0.568156,0.219089,1598.86431,29116,6379,0.527809,0.203531,479.454488,29116,5926,0.740857,0.34976,2560.293765,23782,8318,0.621329,0.239593,3061.069618,29116,6976,0.62222,0.239937,956.913485,29116,6986,OLSR,OLSR,AODV-AERS3,0.740857,0.34976,479.454488
926,GRID,52,64.835264,895.56277,0.87105,385666,241,10,1.34963,4,5.699449,165,23,91,0.197859,7,48,6,0.382769,0.889333,5.945809,3000,2668,0.346329,0.804667,6.465017,3000,2414,0.393529,0.914333,32.278336,3000,2743,0.263548,0.768941,88.475926,2389,1837,0.385925,0.896667,172.296624,3000,2690,0.301997,0.701667,8.810921,3000,2105,AODV-AERS3,AODV-AERS3,AODV-AERS1,0.393529,0.914333,5.945809
897,LINE,61,47.455597,1133.760177,8.135749,610999,199,11,2.005995,1,5.292849,152,26,93,0.053714,0,60,5,0.14637,0.210042,312.634838,5756,1209,0.284507,0.40827,346.444405,5756,2350,0.20085,0.288221,289.332465,5756,1659,0.107507,0.31908,258.161238,2783,888,0.489715,0.702745,466.37145,5756,4045,0.014165,0.020327,401.058063,5756,117,DSDV,DSDV,OLSR,0.489715,0.702745,258.161238
664,RING,68,346.118022,443.243474,1.328525,1650246,388,7,2.505245,2,3.255233,94,14,65,0.13914,18,54,2,0,0,-1,7974,0,0,0,-1,7974,0,0,0,-1,7974,0,1.278396,0.722598,245.072514,7974,5762,1.459883,0.825182,292.652441,7974,6580,0.244053,0.137948,186.575894,7974,1100,DSDV,DSDV,AODV,1.459883,0.825182,186.575894
615,RING,37,129.204303,535.133789,4.996394,142784,363,8,1.222255,2,1.278933,70,15,44,0.186004,16,35,2,0.14222,0.925373,4.853037,737,682,0.126788,0.824966,4.323194,737,608,0.044209,0.287653,56.435718,737,212,0.140343,0.913161,17.544346,737,673,0.134504,0.87517,6.343179,737,645,0.140134,0.911805,16.376754,737,672,AODV-AERS1,AODV-AERS1,AODV-AERS2,0.14222,0.925373,4.323194
65,LINE,63,40.230966,1251.382409,15.150016,491601,642,8,2.582295,4,2.013832,57,10,28,0.124203,0,62,5,0.016795,0.032753,107.004296,1435,47,0.399141,0.778397,13.256392,1435,1117,0.182955,0.356794,74.184656,1435,512,0,0,-1,0,0,0.147221,0.287108,162.017905,1435,412,0.160085,0.312195,31.860975,1435,448,AODV-AERS2,AODV-AERS2,AODV-AERS2,0.399141,0.778397,13.256392
923,RING,58,179.48656,568.457538,0.911176,1002770,966,8,2.836219,2,5.529703,99,25,60,0.126319,15,43,2,0.980217,0.950154,5.22918,1946,1849,1.030579,0.998972,2.485008,1946,1944,0.821177,0.795992,19.146698,1946,1549,1.031639,1,2.861031,1946,1946,0.981807,0.951696,5.569692,1946,1852,0.889034,0.861768,45.724374,1946,1677,OLSR,OLSR,AODV-AERS2,1.031639,1,2.485008
72,TWO_CLUSTER,31,11.092681,1671.716331,3.169011,145847,1292,12,1.42393,1,4.875663,163,34,82,0.077394,8,27,8,0.126016,0.848341,36.677306,211,179,0.09152,0.616114,102.024493,211,130,0.126016,0.848341,36.8598,211,179,0.078848,0.717949,64.354927,156,112,0.148544,1,12.845996,211,211,0.127424,0.85782,51.340553,211,181,DSDV,DSDV,DSDV,0.148544,1,12.845996
606,RANDOM,52,22.623983,1516.062603,7.156381,1962391,1242,7,0.783705,2,5.481597,172,36,109,0.062979,31,51,-1,0,0,-1,2962,0,0,0,-1,2962,0,0,0,-1,2962,0,0,0,-1,0,0,0,0,-1,2962,0,0,0,-1,2962,0,NONE,NONE,NONE,0,0,-1
107,LINE,59,87.35631,821.824084,6.603552,516279,380,8,2.877183,4,4.316691,57,14,32,0.172902,0,58,3,0,0,-1,2547,0,0.235443,0.424814,13.351246,2547,1082,0.14231,0.256773,23.896995,2547,654,0.26112,0.923077,4.104594,1300,1200,0.507878,0.916372,73.403588,2547,2334,0.146662,0.264625,52.493231,2547,674,DSDV,OLSR,OLSR,0.507878,0.923077,4.104594
748,GRID,64,150.787255,651.489873,1.903844,799428,1294,7,0.740878,1,4.888897,72,18,50,0.10368,7,56,4,0.497777,0.609672,51.193474,1158,706,0.569694,0.697755,12.172155,1158,808,0.803071,0.983592,7.751164,1158,1139,0.47592,0.688776,6.341385,980,675,0.588026,0.720207,54.956727,1158,834,0.802366,0.982729,9.555705,1158,1138,AODV-AERS3,AODV-AERS3,OLSR,0.803071,0.983592,6.341385
468,TWO_CLUSTER,20,14.496086,1174.598973,3.418016,344321,998,12,1.970745,4,3.271027,177,37,95,0.137185,4,7,5,0.311904,0.882353,12.676059,646,570,0.330509,0.934985,11.091671,646,604,0.302054,0.854489,14.097394,646,552,0.135706,0.505092,18.155375,491,248,0.353491,1,6.500565,646,646,0.337622,0.955108,9.549442,646,617,DSDV,DSDV,DSDV,0.353491,1,6.500565
617,GRID,60,298.730117,448.163126,5.963186,1496512,1268,10,2.76513,3,1.655034,101,20,66,0.055373,7,56,3,0.34007,0.222423,180.208782,2212,492,0.085709,0.056058,62.188538,2212,124,0.561254,0.367089,116.372441,2212,812,0.796954,0.615919,41.462841,1872,1153,0.212198,0.138788,28.44175,2212,307,0.219802,0.143761,303.678329,2212,318,OLSR,OLSR,DSDV,0.796954,0.615919,28.44175
571,LINE,36,130.689695,524.844412,5.419645,1023160,1340,6,3.279826,4,2.243207,49,12,28,0.025677,0,35,2,0.733248,0.702306,32.534195,1431,1005,0.848525,0.812718,42.011284,1431,1163,1.005389,0.962963,4.632854,1431,1378,0.650803,0.62334,21.745291,1431,892,0.696768,0.667365,65.591694,1431,955,0.553766,0.530398,95.664493,1431,759,AODV-AERS3,AODV-AERS3,AODV-AERS3,1.005389,0.962963,4.632854
164,CORRIDOR,62,59.032302,1024.828008,8.392455,1719800,707,10,1.927611,1,4.113976,176,35,97,0.132838,6,18,5,0.526456,0.294518,403.08073,4560,1343,0.78988,0.441886,391.349997,4560,2015,0.520184,0.291009,367.227783,4560,1327,0.29204,0.195026,371.094995,3820,745,0.37436,0.20943,563.038566,4560,955,0.3822,0.213816,324.807262,4560,975,AODV-AERS2,AODV-AERS2,AODV,0.78988,0.441886,324.807262
237,TWO_CLUSTER,29,15.679147,1359.99646,11.152949,763737,1285,9,1.096449,2,2.451009,75,12,40,0.134137,8,19,6,0.436266,0.559246,81.437066,1114,623,0.256998,0.329443,102.647038,1114,367,0.135151,0.17325,30.050895,1114,193,0.176467,0.276316,158.394746,912,252,0.328425,0.421005,62.348872,1114,469,0.321422,0.412029,16.59862,1114,459,AODV-AERS1,AODV-AERS1,AODV,0.436266,0.559246,16.59862
552,GRID,44,37.317228,1085.854531,5.990868,347206,575,11,0.902897,1,5.693056,96,12,55,0.081898,6,42,6,0.333821,0.916961,7.992153,1132,1038,0.328032,0.90106,7.948833,1132,1020,0.347006,0.95318,7.414053,1132,1079,0.292013,0.9989,5.535024,909,908,0.192317,0.528269,32.38591,1132,598,0.323208,0.887809,9.404628,1132,1005,AODV-AERS3,OLSR,OLSR,0.347006,0.9989,5.535024
440,CORRIDOR,41,46.16192,942.431941,1.654697,486679,438,8,1.282853,2,1.703075,30,6,17,0.197998,7,21,4,0.508002,0.981277,5.045791,2083,2044,0.370066,0.714834,6.930783,2083,1489,0.476438,0.920307,4.849307,2083,1917,0.433194,0.999427,3.378235,1744,1743,0.516204,0.99712,33.908444,2083,2077,0.41679,0.805089,15.555076,2083,1677,DSDV,OLSR,OLSR,0.516204,0.999427,3.378235
277,TWO_CLUSTER,54,31.809786,1302.916261,2.367935,479776,150,11,1.585231,3,2.06694,43,6,28,0.156021,7,8,5,0.332172,0.583458,292.339784,5997,3499,0.266573,0.468234,352.680005,5997,2808,0.225751,0.396532,392.682539,5997,2378,0.17145,0.379651,496.93714,4757,1806,0.382676,0.672169,533.171245,5997,4031,0.198695,0.349008,256.732981,5997,2093,DSDV,DSDV,AODV,0.382676,0.672169,256.732981
38,RING,63,28.315315,1491.624721,2.935893,1140837,869,10,1.493434,1,3.163879,138,27,63,0.159163,31,62,7,0.848203,0.720439,14.543284,2461,1773,0.80132,0.680618,9.950367,2461,1675,0.948667,0.80577,13.777638,2461,1983,0.452088,0.481406,100.158274,1963,945,0.926661,0.787078,191.801422,2461,1937,0.776922,0.659894,16.504219,2461,1624,AODV-AERS3,AODV-AERS3,AODV-AERS2,0.948667,0.80577,9.950367
486,HOTSPOT,80,218.470951,605.129247,3.445796,863230,1373,7,3.072136,3,1.692821,46,8,30,0.092442,72,75,3,0.165131,0.187606,150.673852,1178,221,0.169614,0.192699,9.395742,1178,227,0.004483,0.005093,473.021272,1178,6,0.543962,0.725823,68.060315,1003,728,0.390038,0.443124,70.380791,1178,522,0.395269,0.449066,12.574619,1178,529,OLSR,OLSR,AODV-AERS2,0.543962,0.725823,9.395742
472,RANDOM,36,49.192493,855.46419,4.135412,456538,1393,9,2.34952,3,5.072052,87,15,59,0.030644,15,22,6,0.427437,0.918567,15.712433,614,564,0.401669,0.863192,17.794205,614,530,0.42289,0.908795,16.814315,614,558,0.182646,0.484909,16.342509,497,241,0.080334,0.172638,18.868398,614,106,0.415311,0.892508,15.107407,614,548,AODV-AERS1,AODV-AERS1,AODV,0.427437,0.918567,15.107407
871,LINE,68,382.895968,421.418949,3.776465,1123902,894,5,2.854799,2,5.687161,167,23,108,0.158735,0,67,2,0.037863,0.032669,393.214646,2357,77,0.565002,0.487484,50.169874,2357,1149,0.233573,0.201527,111.416004,2357,475,0.917574,0.791684,21.908441,2357,1866,1.045425,0.901994,5.954619,2357,2126,1.03264,0.890963,93.055973,2357,2100,DSDV,DSDV,DSDV,1.045425,0.901994,5.954619
752,CORRIDOR,57,73.481078,880.743947,1.752394,1196520,320,9,2.873097,3,3.310328,127,19,58,0.181887,28,37,4,0.143469,0.110271,466.46801,7010,773,0.19191,0.147504,411.061906,7010,1034,0.273946,0.210556,408.623431,7010,1476,0.561626,0.533122,685.375,5676,3026,0.719757,0.55321,470.551767,7010,3878,0.081478,0.062625,303.713719,7010,439,DSDV,DSDV,AODV,0.719757,0.55321,303.713719
559,RING,42,13.062606,1793.121587,6.49917,786483,1238,12,1.003299,1,2.644283,145,25,75,0.05518,12,34,8,0.52193,0.649034,23.694202,1191,773,0.577296,0.717884,15.588058,1191,855,0.020931,0.026029,156.14824,1191,31,0.326122,1,12.244072,483,483,0.115459,0.143577,17.306708,1191,171,0.014854,0.018472,17.754505,1191,22,AODV-AERS2,OLSR,OLSR,0.577296,1,12.244072
780,RANDOM,57,95.211779,773.734724,0.460307,892352,472,9,3.340911,3,1.721156,92,13,42,0.072004,6,8,5,0.838667,0.887415,6.839983,3544,3145,0.8168,0.864278,12.345125,3544,3063,0.840267,0.889108,7.898535,3544,3151,0.758667,0.967029,20.205757,2942,2845,0.896,0.948081,256.382857,3544,3360,0.901333,0.953725,5.767271,3544,3380,AODV,OLSR,AODV,0.901333,0.967029,5.767271
873,GRID,22,36.473234,776.647956,3.204398,1615328,1060,7,1.306486,3,2.754388,46,9,30,0.149864,4,20,4,1.602697,0.966748,88.581687,2857,2762,1.579486,0.952748,40.283718,2857,2722,1.569621,0.946797,58.449435,2857,2705,1.229005,0.908233,158.087041,2332,2118,1.63229,0.984599,56.185979,2857,2813,1.622426,0.978649,10.118908,2857,2796,DSDV,DSDV,AODV,1.63229,0.984599,10.118908
653,LINE,39,39.777792,990.175028,0.794537,1564589,1365,9,2.473408,4,4.249371,63,15,40,0.155468,0,38,4,1.569075,0.982783,7.988911,2149,2112,1.430147,0.895765,10.564196,2149,1925,1.332079,0.834342,21.13038,2149,1793,1.158976,0.936937,114.958122,1665,1560,1.549759,0.970684,200.938125,2149,2086,1.464322,0.917171,8.563333,2149,1971,AODV-AERS1,AODV-AERS1,AODV-AERS1,1.569075,0.982783,7.988911
622,LINE,52,17.856791,1706.475126,0.598341,1258193,238,13,1.798877,2,2.427442,175,31,88,0.03309,0,51,7,0.322179,0.229116,432.634632,9912,2271,0,0,-1,9912,0,0.394389,0.280468,487.590279,9912,2780,0.410704,0.450935,481.787635,6420,2895,0.542356,0.385694,591.887126,9912,3823,0.377223,0.268261,496.889239,9912,2659,DSDV,OLSR,AODV-AERS1,0.542356,0.450935,432.634632
340,HOTSPOT,69,28.721751,1549.955004,3.023952,2092042,165,8,2.940694,4,2.745398,140,33,82,0.096109,49,59,-1,0,0,-1,23773,0,0,0,-1,23773,0,0,0,-1,23773,0,0,0,-1,0,0,0,0,-1,23773,0,0,0,-1,23773,0,NONE,NONE,NONE,0,0,-1
818,RANDOM,49,101.951912,693.266721,5.309688,1528919,953,8,0.639946,1,2.658136,71,14,49,0.054484,18,23,4,0.053366,0.03391,119.776558,3008,102,0.890486,0.565824,138.138048,3008,1702,1.036459,0.658577,183.853106,3008,1981,0.883685,0.669972,244.632227,2521,1689,1.318987,0.838098,311.992177,3008,2521,0.587554,0.373338,284.987895,3008,1123,DSDV,DSDV,AODV-AERS1,1.318987,0.838098,119.776558
153,TWO_CLUSTER,25,25.268409,994.674655,11.739226,172678,1084,10,3.393068,1,4.86727,171,36,108,0.022515,17,22,4,0.169617,0.959732,13.562729,298,286,0,0,-1,298,0,0,0,-1,298,0,0.024316,1,5.422928,41,41,0.093705,0.530201,7.786844,298,158,0.169617,0.959732,14.857897,298,286,AODV-AERS1,OLSR,OLSR,0.169617,1,5.422928
712,LINE,61,166.214775,605.801165,9.60243,472438,340,7,2.316189,4,5.899863,74,16,34,0.13928,0,60,3,0.082432,0.161228,103.862941,2605,420,0.092442,0.180806,109.845704,2605,471,0.172518,0.337428,101.640074,2605,879,0.155051,0.595777,68.977281,1326,790,0.301269,0.589251,27.239578,2605,1535,0.074778,0.146257,148.700462,2605,381,DSDV,OLSR,DSDV,0.301269,0.595777,27.239578
507,HOTSPOT,30,9.372587,1789.084629,2.864308,565557,1362,5,0.784805,2,1.424531,98,12,68,0.068912,24,25,-1,0,0,-1,778,0,0,0,-1,778,0,0,0,-1,778,0,0,0,-1,0,0,0,0,-1,778,0,0,0,-1,778,0,NONE,NONE,NONE,0,0,-1
291,GRID,63,205.045617,554.300193,4.774171,501004,538,10,3.434164,1,5.79929,107,16,62,0.085675,7,56,3,0,0,-1,1746,0,0.361334,0.685567,31.685209,1746,1197,0.484798,0.919817,3.750547,1746,1606,0.187761,0.424284,8.170112,1466,622,0.402086,0.762887,33.555806,1746,1332,0.517399,0.981672,3.253231,1746,1714,AODV,AODV,AODV,0.517399,0.981672,3.253231
199,TWO_CLUSTER,37,65.218896,753.206639,13.424514,1018175,260,5,3.486436,4,4.308818,150,30,103,0.023405,5,28,3,0.384768,0.341188,453.348375,7342,2505,0.455578,0.403977,432.351977,7342,2966,0.050995,0.045219,214.904651,7342,332,0.277402,0.298118,512.460083,6058,1806,0.229478,0.203487,715.014188,7342,1494,0.004301,0.003814,383.544683,7342,28,AODV-AERS2,AODV-AERS2,AODV-AERS3,0.455578,0.403977,214.904651
338,TWO_CLUSTER,68,103.997239,808.618275,0.947344,1053549,1172,5,2.606651,3,2.259242,106,22,59,0.195125,31,48,3,0.1056,0.097923,77.502556,1685,165,0.79872,0.740653,10.908733,1685,1248,0.29504,0.273591,20.988182,1685,461,0.81344,0.88819,17.890644,1431,1271,0.94464,0.875964,34.821552,1685,1476,1.05088,0.974481,12.142397,1685,1642,AODV,AODV,AODV-AERS2,1.05088,0.974481,10.908733
102,LINE,31,32.885734,970.905762,11.532977,138701,867,9,2.657692,4,4.410202,142,30,96,0.18297,0,30,4,0.108832,0.762542,53.099308,299,228,0.126016,0.882943,24.173306,299,264,0.138427,0.9699,14.935185,299,290,0.073987,0.62249,4.795954,249,155,0.11456,0.802676,32.392962,299,240,0.126493,0.886288,17.853915,299,265,AODV-AERS3,AODV-AERS3,OLSR,0.138427,0.9699,4.795954
519,HOTSPOT,32,26.378688,1101.408418,11.853302,711501,1397,9,2.701262,2,3.309457,104,22,66,0.190401,30,31,6,0.62396,0.860587,81.798516,954,821,0.50084,0.690776,18.518877,954,659,0.45676,0.629979,29.119441,954,601,0.13072,0.388262,89.943535,443,172,0.27816,0.383648,52.43681,954,366,0,0,-1,954,0,AODV-AERS1,AODV-AERS1,AODV-AERS2,0.62396,0.860587,18.518877
826,LINE,35,17.010344,1434.423789,2.687543,321418,178,8,3.42708,4,5.015257,95,20,55,0.060819,0,34,6,0.35465,0.953619,4.275212,3385,3228,0,0,-1,3385,0,0.267635,0.719645,7.303312,3385,2436,0.285324,0.998078,3.949848,2602,2597,0.350255,0.941802,13.98065,3385,3188,0.316636,0.851403,4.872599,3385,2882,AODV-AERS1,OLSR,OLSR,0.35465,0.998078,3.949848
555,RING,63,252.238646,499.763416,5.986959,1181582,222,9,1.674608,3,1.280991,50,6,27,0.123251,6,36,2,0.053333,0.040084,433.423844,9979,400,0.202667,0.15232,373.5921,9979,1520,0.4204,0.315964,316.46841,9979,3153,1.0976,0.824932,340.094417,9979,8232,0.854,0.641848,304.597165,9979,6405,0.103733,0.077964,960.507309,9979,778,OLSR,OLSR,DSDV,1.0976,0.824932,304.597165
152,LINE,44,28.090447,1251.546558,13.515839,307579,965,11,0.501999,2,1.527573,164,22,91,0.187084,0,43,5,0.182712,0.577889,35.696147,597,345,0.292339,0.924623,12.868392,597,552,0.299754,0.948074,11.367458,597,566,0.111216,0.450644,44.406948,466,210,0.113864,0.360134,35.334431,597,215,0.245205,0.775544,16.183875,597,463,AODV-AERS3,AODV-AERS3,AODV-AERS3,0.299754,0.948074,11.367458
889,RING,30,13.525194,1489.322908,5.005648,496941,1340,11,0.877738,4,4.508511,141,21,90,0.103353,12,26,7,0,0,-1,695,0,0.43849,0.864748,17.344077,695,601,0.465485,0.917986,18.038381,695,638,0.396902,1,10.462288,544,544,0.051072,0.100719,493.795869,695,70,0.465485,0.917986,16.326754,695,638,AODV-AERS3,OLSR,OLSR,0.465485,1,10.462288
483,TWO_CLUSTER,60,60.914511,992.4651,8.500787,583906,1397,7,3.032724,4,4.511081,30,6,18,0.051631,6,51,4,0.54188,0.9106,13.115922,783,713,0.16644,0.279693,56.113589,783,219,0.00228,0.003831,1116.147879,783,3,0.48032,1,6.435463,632,632,0.57912,0.97318,23.203891,783,762,0.5016,0.842912,21.979691,783,660,DSDV,OLSR,OLSR,0.57912,1,6.435463
922,RING,33,64.514544,715.201067,1.132192,1172449,535,7,1.339929,4,3.091676,180,45,86,0.153191,2,19,3,0.902902,0.731808,229.462322,4109,3007,1.131705,0.917255,222.050655,4109,3769,1.139212,0.923339,221.235477,4109,3794,1.021807,0.985805,71.417024,3452,3403,1.113089,0.902166,146.1954,4109,3707,0.769884,0.623996,93.362418,4109,2564,AODV-AERS3,OLSR,OLSR,1.139212,0.985805,71.417024
526,TWO_CLUSTER,64,42.839153,1222.276748,14.681213,343346,171,10,2.788491,1,3.182669,85,10,56,0.028399,7,46,5,0.270428,0.676939,7.633618,3764,2548,0.291124,0.728746,6.771998,3764,2743,0.24485,0.612912,15.131015,3764,2307,0.150922,0.459006,42.408842,3098,1422,0.167691,0.419766,61.278601,3764,1580,0.090213,0.225824,40.747409,3764,850,AODV-AERS2,AODV-AERS2,AODV-AERS2,0.291124,0.728746,6.771998
754,TWO_CLUSTER,22,6.858924,1790.949526,1.805192,481959,186,9,1.657998,2,3.747019,115,22,75,0.039544,9,16,6,0.505154,0.911075,114.823153,4858,4426,0.477306,0.860848,7.071099,4858,4182,0.418869,0.755455,5.716851,4858,3670,0.40038,0.918325,3.895737,3820,3508,0.55309,0.99753,103.90606,4858,4846,0.527753,0.951832,10.75696,4858,4624,DSDV,DSDV,OLSR,0.55309,0.99753,3.895737
293,LINE,21,17.18353,1105.486522,5.848241,444540,803,8,0.669292,3,4.364973,76,10,47,0.186639,0,20,4,0.414835,0.902604,9.043247,1037,936,0.422813,0.919961,8.460243,1037,954,0.385584,0.838959,10.402398,1037,870,0.369186,1,5.330779,833,833,0.212736,0.462874,55.705114,1037,480,0.440541,0.958534,16.21239,1037,994,AODV,OLSR,OLSR,0.440541,1,5.330779
352,GRID,37,24.892327,1219.180786,10.205028,792755,1005,15,2.669724,3,1.778872,75,17,42,0.135988,6,35,9,0.516775,0.634212,56.944388,1479,938,0.474905,0.582826,64.545945,1479,862,0.439094,0.538878,69.833693,1479,797,0,0,-1,0,0,0,0,-1,1479,0,0.464988,0.570656,22.979235,1479,844,AODV-AERS1,AODV-AERS1,AODV,0.516775,0.634212,22.979235
276,CORRIDOR,45,175.141458,506.887728,5.547613,1385628,666,9,0.692042,4,5.905055,33,5,21,0.163643,20,32,2,1.372084,0.950513,3.950477,3900,3707,1.061172,0.735128,172.617635,3900,2867,0,0,-1,3900,0,0.534102,0.37,7.292014,3900,1443,0.143242,0.099231,13.465176,3900,387,0.961606,0.666154,275.211557,3900,2598,AODV-AERS1,AODV-AERS1,AODV-AERS1,1.372084,0.950513,3.950477
811,LINE,41,39.493417,1018.895336,14.498669,568939,245,11,1.188871,2,2.782713,89,13,53,0.128226,0,40,4,0.551678,0.870234,12.393299,4354,3789,0.286686,0.452228,34.140582,4354,1969,0.050523,0.079697,19.140327,4354,347,0.40273,0.803836,30.234623,3441,2766,0.324397,0.511713,22.465196,4354,2228,0.335026,0.52848,16.647858,4354,2301,AODV-AERS1,AODV-AERS1,AODV-AERS1,0.551678,0.870234,12.393299
842,TWO_CLUSTER,33,11.31594,1707.700253,10.613259,211991,1326,14,2.042047,3,1.025046,168,29,98,0.176942,4,23,7,0.1827,0.846154,28.230268,299,253,0.146593,0.67893,85.322113,299,203,0.155259,0.719064,121.560281,299,215,0.002166,0.012821,2972.317429,234,3,0.03394,0.157191,764.092607,299,47,0.130706,0.605351,38.368059,299,181,AODV-AERS1,AODV-AERS1,AODV-AERS1,0.1827,0.846154,28.230268
813,GRID,56,232.559913,490.711895,0.430001,1930723,892,5,2.133973,2,2.485836,47,9,31,0.175326,0,55,3,0.545621,0.274027,468.561728,4058,1112,0.447488,0.224741,327.591318,4058,912,0.532373,0.267373,332.77167,4058,1085,1.211947,0.715735,470.198562,3451,2470,1.489664,0.748152,409.836117,4058,3036,0.000491,0.000246,2243.078084,4058,1,DSDV,DSDV,AODV-AERS2,1.489664,0.748152,327.591318
188,RANDOM,55,53.265344,1016.152701,6.513995,329294,429,9,1.321118,1,2.21416,102,20,58,0.067944,22,33,7,0.286874,0.817929,11.00922,1439,1177,0.287362,0.819319,7.501262,1439,1179,0.293699,0.837387,9.489767,1439,1205,0.065564,0.241472,33.585229,1114,269,0.00585,0.016678,721.48582,1439,24,0.095056,0.271022,16.802057,1439,390,AODV-AERS3,AODV-AERS3,AODV-AERS2,0.293699,0.837387,7.501262
466,HOTSPOT,31,28.336384,1045.944471,4.612672,714005,712,9,0.688186,3,4.619336,80,15,44,0.135454,22,29,5,0.642123,0.865426,8.483722,1880,1627,0.676459,0.911702,7.697817,1880,1714,0.660277,0.889894,7.988307,1880,1673,0.445973,0.750831,13.259895,1505,1130,0.584896,0.788298,59.468819,1880,1482,0.664619,0.895745,52.182822,1880,1684,AODV-AERS2,AODV-AERS2,AODV-AERS2,0.676459,0.911702,7.697817
409,TWO_CLUSTER,24,18.159964,1149.603623,10.693122,322722,389,9,0.676371,4,3.473955,103,18,57,0.027072,14,19,4,0.279557,0.80836,6.653093,1555,1257,0.292901,0.846945,7.325722,1555,1317,0.281558,0.814148,6.350764,1555,1266,0.18348,0.633154,25.750527,1303,825,0.183702,0.53119,44.526825,1555,826,0.276888,0.800643,7.516438,1555,1245,AODV-AERS2,AODV-AERS2,AODV-AERS3,0.292901,0.846945,6.350764
58,HOTSPOT,39,25.031295,1248.218591,8.387159,272256,758,9,3.098352,1,3.973552,72,16,49,0.137886,27,35,6,0.263258,0.933135,10.719198,673,628,0.231398,0.820208,15.402472,673,552,0.243555,0.863299,15.512771,673,581,0.079229,0.348066,111.660549,543,189,0.248166,0.879643,28.161016,673,592,0.264934,0.939079,10.271375,673,632,AODV,AODV,AODV,0.264934,0.939079,10.271375
127,CORRIDOR,29,9.170653,1778.27474,3.576685,211459,330,12,2.066728,4,2.3843,26,3,18,0.06791,3,24,8,0.209263,0.912573,8.212645,1201,1096,0.18406,0.802664,8.636214,1201,964,0.209836,0.915071,8.098702,1201,1099,0.082865,0.457806,5.950056,948,434,0.228929,0.998335,6.672256,1201,1199,0.203726,0.888426,8.894778,1201,1067,DSDV,DSDV,OLSR,0.228929,0.998335,5.950056
228,GRID,66,48.619142,1165.113741,5.417981,1257699,1387,10,3.167082,3,1.086401,158,23,98,0.167619,8,63,8,1.174261,0.915294,13.703123,1700,1556,0.937296,0.730588,14.504553,1700,1242,1.061816,0.827647,22.296658,1700,1407,0.624864,0.588068,93.086736,1408,828,0.952389,0.742353,48.035802,1700,1262,1.122189,0.874706,16.305006,1700,1487,AODV-AERS1,AODV-AERS1,AODV-AERS1,1.174261,0.915294,13.703123
430,RANDOM,71,248.988082,533.998324,1.598603,1862567,796,7,2.025206,2,4.838547,133,26,84,0.057011,24,65,3,0.413099,0.214269,398.191978,4387,940,0.320371,0.166173,264.476725,4387,729,0.523844,0.271712,391.705626,4387,1192,0.910575,0.552533,428.89862,3750,2072,1.11273,0.57716,491.784403,4387,2532,0.308066,0.15979,347.55231,4387,701,DSDV,DSDV,AODV-AERS2,1.11273,0.57716,264.476725
550,LINE,30,47.187559,797.346098,10.375689,890393,1167,7,1.596385,2,2.017825,72,9,48,0.065917,0,29,3,0.677485,0.743357,28.116027,1430,1063,0.539184,0.591608,22.903378,1430,846,0.853389,0.936364,6.986847,1430,1339,0.41108,0.540654,4.115589,1193,645,0.83172,0.912587,11.090274,1430,1305,0.723373,0.793706,48.024002,1430,1135,AODV-AERS3,AODV-AERS3,OLSR,0.853389,0.936364,4.115589
261,TWO_CLUSTER,39,59.302417,810.953785,9.735619,138568,1322,9,0.822873,3,3.575186,132,25,87,0.143612,9,24,4,0.03096,0.219388,31.407352,196,43,0.02088,0.147959,19.078132,196,29,0.1404,0.994898,9.55033,196,195,0.05544,0.487342,32.020104,158,77,0.02592,0.183673,116.225863,196,36,0.04968,0.352041,69.185006,196,69,AODV-AERS3,AODV-AERS3,AODV-AERS3,0.1404,0.994898,9.55033
174,CORRIDOR,58,289.890309,447.298198,0.925039,1443622,195,8,2.285241,1,1.332898,97,15,65,0.184066,50,52,2,0.410677,0.248775,436.739997,13880,3453,0.431014,0.261095,418.526932,13880,3624,0.258442,0.156556,394.610142,13880,2173,0.935411,0.566643,485.342195,13880,7865,0.864407,0.523631,434.523943,13880,7268,0.248927,0.150793,485.717043,13880,2093,OLSR,OLSR,AODV-AERS3,0.935411,0.566643,394.610142
616,TWO_CLUSTER,36,27.725747,1139.487644,2.844931,673009,281,8,3.16021,2,4.387997,37,7,21,0.077144,7,34,5,0.629371,0.850557,218.985814,4490,3819,0.620966,0.839198,206.897297,4490,3768,0.701059,0.947439,34.317328,4490,4254,0.603168,0.988655,207.462514,3702,3660,0.665627,0.899555,329.230138,4490,4039,0.650136,0.878619,31.970293,4490,3945,AODV-AERS3,OLSR,AODV,0.701059,0.988655,31.970293
139,GRID,65,64.852845,1001.133884,9.943784,1324493,256,11,3.329534,3,5.810477,49,7,25,0.170723,8,63,6,0.257493,0.175258,450.299638,9700,1700,0.117993,0.080309,404.443509,9700,779,0.316717,0.215567,514.949712,9700,2091,0.139652,0.11665,538.849472,7904,922,0.281879,0.191856,433.950551,9700,1861,0.131473,0.089485,504.781782,9700,868,AODV-AERS3,AODV-AERS3,AODV-AERS2,0.316717,0.215567,404.443509
687,TWO_CLUSTER,67,43.758355,1237.390869,14.652507,1316952,560,11,3.194167,4,2.935171,132,22,90,0.164584,50,53,5,0.142688,0.103198,186.528862,4409,455,0.264992,0.191653,289.119982,4409,845,0.22736,0.164436,348.706029,4409,725,0.261542,0.229562,251.434398,3633,834,0.528416,0.382173,531.98616,4409,1685,0.229869,0.166251,306.373185,4409,733,DSDV,DSDV,AODV-AERS1,0.528416,0.382173,186.528862
913,GRID,25,16.86149,1217.648774,9.052372,480970,504,10,0.513049,2,1.272064,139,22,70,0.162727,4,20,8,0,0,-1,1789,0,0,0,-1,1789,0,0,0,-1,1789,0,0,0,-1,0,0,0,0,-1,1789,0,0,0,-1,1789,0,NONE,NONE,NONE,0,0,-1
155,TWO_CLUSTER,30,45.858945,808.81388,7.618061,1929951,296,7,0.885608,2,3.613898,105,18,52,0.124908,18,25,3,0.24503,0.115992,368.665827,12225,1418,0.264557,0.125235,387.809534,12225,1531,0.644544,0.305112,427.736093,12225,3730,0.26473,0.230653,438.448398,6642,1532,0.80663,0.38184,502.155229,12225,4668,0.195437,0.092515,381.753551,12225,1131,DSDV,DSDV,AODV-AERS1,0.80663,0.38184,368.665827
319,LINE,30,22.120621,1164.560258,5.308311,928827,1163,11,2.723743,3,1.80357,158,23,107,0.171933,0,29,5,0.842275,0.885772,10.758362,1497,1326,0.860061,0.904476,9.194664,1497,1354,0.846086,0.88978,10.150854,1497,1332,0.788918,1,6.877263,1242,1242,0.005717,0.006012,678.182857,1497,9,0.771768,0.811623,13.025056,1497,1215,AODV-AERS2,OLSR,OLSR,0.860061,1,6.877263
791,LINE,68,52.393571,1139.240602,1.15649,910086,249,8,1.916618,4,2.214249,69,17,35,0.136497,0,67,5,0.100015,0.098789,443.311295,6853,677,0.188065,0.185758,446.650094,6853,1273,0.194713,0.192325,363.071891,6853,1318,0.293989,0.667114,417.912781,2983,1990,0.576603,0.569532,581.495154,6853,3903,0.22293,0.220196,425.153365,6853,1509,DSDV,OLSR,AODV-AERS3,0.576603,0.667114,363.071891
625,GRID,42,38.480789,1044.72662,10.347662,1334145,190,10,3.254862,3,2.128859,100,21,58,0.143948,0,41,7,0.287876,0.188074,415.63591,13165,2476,0.38275,0.250057,501.873632,13165,3292,0.223116,0.145765,437.149844,13165,1919,0.097083,0.078788,460.92198,10598,835,0.066156,0.043221,507.046215,13165,569,0.195444,0.127687,383.032644,13165,1681,AODV-AERS2,AODV-AERS2,AODV,0.38275,0.250057,383.032644
281,CORRIDOR,66,151.078298,660.953529,1.025202,1601521,773,5,1.855686,2,5.75455,65,13,32,0.087509,21,40,3,0.081595,0.049176,441.394301,3884,191,0.525883,0.316941,328.735001,3884,1231,0.231542,0.139547,359.193629,3884,542,1.090642,0.784573,334.820651,3254,2553,1.275619,0.768795,319.162346,3884,2986,0.084158,0.050721,237.757974,3884,197,DSDV,OLSR,AODV,1.275619,0.784573,237.757974
515,RANDOM,71,180.930764,626.430603,0.335021,1793334,570,11,2.737812,1,4.086948,66,16,37,0.025867,37,67,4,0.428327,0.227666,418.116241,5899,1343,0.328182,0.174436,457.687133,5899,1029,0.120876,0.064248,602.951114,5899,379,0.836562,0.535634,495.091026,4897,2623,0.955524,0.507883,688.438127,5899,2996,0.383677,0.203933,411.828801,5899,1203,DSDV,OLSR,AODV,0.955524,0.535634,411.828801
598,CORRIDOR,74,138.893197,729.920183,0.474939,2110319,798,6,0.791534,2,1.866032,30,4,17,0.151999,25,28,3,0.215861,0.09883,465.508359,4958,490,0.21454,0.098225,369.525425,4958,487,0,0,-1,4958,0,0.574896,0.50464,484.984279,2586,1305,1.130409,0.517547,457.949413,4958,2566,0.285025,0.130496,354.913845,4958,647,DSDV,DSDV,AODV,1.130409,0.517547,354.913845
806,RING,56,310.956702,424.369392,3.007492,382806,1378,5,1.375284,2,3.385558,125,29,66,0.131376,4,33,2,0.020996,0.053846,458.083434,520,28,0.22421,0.575,26.416897,520,299,0.024746,0.063462,15.261936,520,33,0.269202,0.690385,12.74872,520,359,0.364435,0.934615,14.934242,520,486,0.288699,0.740385,63.02128,520,385,DSDV,DSDV,OLSR,0.364435,0.934615,12.74872
178,RANDOM,25,34.390972,852.604816,5.367977,661889,230,13,3.376717,2,4.018648,123,20,63,0.15261,9,13,6,0.484352,0.652456,246.998937,5395,3520,0.435917,0.58721,317.814681,5395,3168,0.367254,0.494717,277.886511,5395,2669,0.068387,0.610565,150.712366,814,497,0,0,-1,5395,0,0.497699,0.670436,289.513989,5395,3617,AODV,AODV,OLSR,0.497699,0.670436,150.712366
140,RANDOM,53,103.385124,715.993219,11.105198,471438,462,11,0.598495,3,1.118451,119,30,75,0.022823,9,17,4,0.176139,0.352326,3.683091,1913,674,0.437995,0.876111,6.33661,1913,1676,0.417872,0.83586,6.307263,1913,1599,0.253755,0.605362,22.895493,1604,971,0.334768,0.669629,59.622471,1913,1281,0.080752,0.161526,9.285115,1913,309,AODV-AERS2,AODV-AERS2,AODV-AERS1,0.437995,0.876111,3.683091
769,RANDOM,25,38.031464,810.77151,9.222747,283339,557,13,1.984433,2,3.235437,37,6,23,0.109522,6,23,6,0.276432,0.929696,9.66637,953,886,0.260208,0.875131,10.761484,953,834,0.21684,0.729276,21.222353,953,695,0.09204,0.377721,42.61909,781,295,0.050856,0.171039,14.559545,953,163,0.262392,0.882476,60.309995,953,841,AODV-AERS1,AODV-AERS1,AODV-AERS1,0.276432,0.929696,9.66637
753,HOTSPOT,48,24.394712,1402.725764,7.436819,1596305,1286,8,1.83045,1,3.163694,92,22,53,0.096653,39,45,-1,0,0,-1,2327,0,0,0,-1,2327,0,0,0,-1,2327,0,0,0,-1,0,0,0,0,-1,2327,0,0,0,-1,2327,0,NONE,NONE,NONE,0,0,-1
290,GRID,51,17.162598,1723.826581,6.150731,588830,431,19,1.114217,2,1.167154,44,8,21,0.177489,7,48,13,0.230602,0.367825,83.406904,2561,942,0.046267,0.073799,106.102416,2561,189,0.209304,0.333854,56.769578,2561,855,0.069768,0.254919,96.748881,1118,285,0,0,-1,2561,0,0.127786,0.203827,170.06647,2561,522,AODV-AERS1,AODV-AERS1,AODV-AERS3,0.230602,0.367825,56.769578
478,TWO_CLUSTER,67,173.658035,621.140662,12.622333,422457,300,10,2.070228,1,1.690602,141,33,77,0.07653,13,60,3,0.052655,0.114015,81.08838,2640,301,0.031838,0.068939,77.280491,2640,182,0.188053,0.407197,89.104936,2640,1075,0.160589,0.429173,62.720137,2139,918,0.129801,0.281061,54.115194,2640,742,0.043558,0.094318,110.728424,2640,249,AODV-AERS3,OLSR,DSDV,0.188053,0.429173,54.115194
831,LINE,74,211.216225,591.905291,2.137228,2082365,1233,5,3.056624,1,4.469967,161,31,73,0.181735,0,73,3,0.406883,0.191093,380.401216,3166,605,0.321471,0.150979,471.322358,3166,478,0.365186,0.17151,366.25039,3166,543,1.01418,0.568627,366.637013,2652,1508,1.599284,0.751105,423.518936,3166,2378,0.616041,0.289324,263.471067,3166,916,DSDV,DSDV,AODV,1.599284,0.751105,263.471067
175,TWO_CLUSTER,66,281.132942,484.524899,4.960901,1077370,577,6,2.617291,2,1.145668,136,32,87,0.089382,37,58,2,0.554987,0.491429,14.990978,3500,1720,0.312664,0.276857,267.095601,3500,969,1.125784,0.996857,4.471802,3500,3489,0.367517,0.325429,71.365583,3500,1139,0.487872,0.432,17.202992,3500,1512,1.053829,0.933143,5.165524,3500,3266,AODV-AERS3,AODV-AERS3,AODV-AERS3,1.125784,0.996857,4.471802
45,TWO_CLUSTER,65,44.466432,1209.039627,11.754542,1095897,1276,9,0.724992,4,1.076623,139,29,74,0.157768,48,55,5,0.889502,0.79441,16.548259,1610,1279,0.85751,0.765839,15.541677,1610,1233,0.416585,0.37205,31.456308,1610,599,0.155089,0.175868,106.787838,1268,223,0.126575,0.113043,9.351459,1610,182,0.615488,0.549689,26.649832,1610,885,AODV-AERS1,AODV-AERS1,DSDV,0.889502,0.79441,9.351459
7,TWO_CLUSTER,32,12.873653,1576.609348,5.749985,159315,1345,11,3.396656,2,5.251861,50,9,31,0.051957,8,21,8,0.14865,0.914414,31.441497,222,203,0.12595,0.774775,71.891369,222,172,0.140595,0.864865,43.349668,222,192,0.120824,0.932203,12.331914,177,165,0,0,-1,222,0,0.147918,0.90991,31.284079,222,202,AODV-AERS1,OLSR,OLSR,0.14865,0.932203,12.331914
394,GRID,73,107.902414,822.518829,1.970288,2065966,251,10,2.93065,4,2.277139,107,15,61,0.032022,8,72,5,0.23183,0.100953,541.437265,15433,1558,0.289118,0.125899,420.926839,15433,1943,0.23064,0.100434,589.759242,15433,1550,0.53687,0.28338,527.552788,12732,3608,0.53196,0.231646,692.594366,15433,3575,0.198499,0.086438,580.994385,15433,1334,OLSR,OLSR,AODV-AERS2,0.53687,0.28338,420.926839
316,RING,47,16.560645,1684.652425,11.487932,87900,285,14,2.724713,3,3.775876,43,10,22,0.194946,6,31,8,0.0626,0.648789,23.443687,578,375,0.076789,0.795848,17.391982,578,460,0.087473,0.906574,13.49251,578,524,0.01853,0.422053,61.236534,263,111,0,0,-1,578,0,0.072449,0.750865,26.185313,578,434,AODV-AERS3,AODV-AERS3,AODV-AERS3,0.087473,0.906574,13.49251
457,RING,52,16.170331,1793.255702,7.01402,572147,1224,13,2.96154,3,1.329148,129,32,87,0.173263,16,44,7,0.329193,0.562785,20.171615,876,493,0.375934,0.642694,17.478624,876,563,0.478097,0.817352,16.399852,876,716,0.331863,0.741791,18.441385,670,497,0.311831,0.533105,15.642961,876,467,0.432023,0.738584,16.50934,876,647,AODV-AERS3,AODV-AERS3,DSDV,0.478097,0.817352,15.642961
26,HOTSPOT,26,40.083212,805.388487,16.994387,103315,1195,8,1.405914,1,5.13387,35,7,20,0.052615,18,25,5,0.074358,0.703704,49.736479,162,114,0.098492,0.932099,25.936133,162,151,0.103058,0.975309,11.461913,162,158,0.033266,0.401575,133.069772,127,51,0,0,-1,162,0,0.090665,0.858025,25.15963,162,139,AODV-AERS3,AODV-AERS3,AODV-AERS3,0.103058,0.975309,11.461913
332,LINE,34,15.557474,1478.324968,10.260729,232156,1078,11,1.718152,4,4.427838,100,24,67,0.155954,0,33,6,0.217071,0.913151,19.435963,403,368,0.204094,0.858561,26.647866,403,346,0.218841,0.920596,19.177709,403,371,0.030083,0.267016,81.106043,191,51,0.126231,0.531017,11.682584,403,214,0.202914,0.853598,29.06047,403,344,AODV-AERS3,AODV-AERS3,DSDV,0.218841,0.920596,11.682584
554,LINE,45,50.503957,943.938178,8.557227,828079,838,10,2.746998,4,1.99096,95,15,50,0.167974,0,44,4,0.772703,0.903348,8.249866,1852,1673,0.488193,0.570734,93.298679,1852,1057,0.316379,0.36987,130.749698,1852,685,0.351942,0.496741,6.999899,1534,762,0.210611,0.24622,44.331596,1852,456,0.490041,0.572894,58.953111,1852,1061,AODV-AERS1,AODV-AERS1,OLSR,0.772703,0.903348,6.999899
938,RANDOM,29,13.22993,1480.540268,13.105295,999718,404,14,0.82319,4,1.406908,162,39,104,0.12705,0,9,11,0,0,-1,4639,0,0,0,-1,4639,0,0,0,-1,4639,0,0,0,-1,0,0,0,0,-1,4639,0,0,0,-1,4639,0,NONE,NONE,NONE,0,0,-1
190,CORRIDOR,79,42.826922,1358.173064,6.040057,1538000,131,11,0.631042,1,3.929351,138,29,87,0.178106,32,59,6,0.017299,0.009267,369.355677,22013,204,0.122875,0.065825,630.982691,22013,1449,0.113293,0.060691,600.709796,22013,1336,0.152131,0.182336,909.936093,9839,1794,0.316219,0.1694,1526.193766,22013,3729,0.020098,0.010766,310.157774,22013,237,DSDV,OLSR,AODV,0.316219,0.182336,310.157774
856,GRID,71,327.956509,465.287138,1.027509,835704,243,8,0.694627,1,2.756337,135,28,94,0.076722,8,63,3,0.096982,0.104063,309.735378,6448,671,0.301641,0.323666,301.984919,6448,2087,0.28025,0.300713,312.956115,6448,1939,0.556453,0.69911,326.780195,5507,3850,0.633634,0.679901,341.341143,6448,4384,0.241515,0.25915,416.467896,6448,1671,DSDV,OLSR,AODV-AERS2,0.633634,0.69911,301.984919
975,TWO_CLUSTER,22,8.272043,1630.815992,12.352075,534733,387,10,1.476964,4,5.816888,173,42,80,0.055128,19,20,7,0.392867,0.685328,8.619132,2590,1775,0.451299,0.787259,8.848139,2590,2039,0.445101,0.776448,24.189984,2590,2011,0.237048,1,6.286277,1071,1071,0.242581,0.423166,7.73468,2590,1096,0.396629,0.691892,6.97471,2590,1792,AODV-AERS2,OLSR,OLSR,0.451299,1,6.286277
207,TWO_CLUSTER,41,61.897386,813.871378,10.277124,547919,517,7,0.92737,2,2.048577,26,4,16,0.083253,9,10,3,0.517387,0.895823,6.363852,1987,1780,0.530176,0.917967,7.4786,1987,1824,0.005232,0.009059,45.962777,1987,18,0.172365,0.39507,24.065929,1501,593,0.313339,0.542526,27.622685,1987,1078,0.456637,0.790639,8.172335,1987,1571,AODV-AERS2,AODV-AERS2,AODV-AERS1,0.530176,0.917967,6.363852
66,LINE,78,357.717712,466.957203,1.195384,1696694,216,8,2.578393,1,3.273903,171,21,118,0.085303,0,77,2,0.247383,0.129074,484.917328,14728,1901,0.456768,0.238322,489.847663,14728,3510,0.393263,0.205187,422.092206,14728,3022,0.542005,0.385898,470.42452,10793,4165,0.965459,0.503734,457.463361,14728,7419,0.183748,0.095872,388.742841,14728,1412,DSDV,DSDV,AODV,0.965459,0.503734,388.742841
723,GRID,63,44.633124,1188.068911,4.051043,600934,600,13,0.954481,2,4.031438,52,7,33,0.133666,7,56,7,0.574411,0.913692,7.663035,1877,1715,0.496706,0.790091,9.151484,1877,1483,0.575081,0.914758,9.016088,1877,1717,0.495701,0.99865,6.971481,1482,1480,0.168806,0.268514,55.840807,1877,504,0.563358,0.896111,9.48251,1877,1682,AODV-AERS3,OLSR,OLSR,0.575081,0.99865,6.971481
197,HOTSPOT,42,111.294636,614.30992,10.209481,203867,740,8,1.337345,1,3.01234,139,23,86,0.152183,37,39,4,0.207667,0.982558,6.083573,516,507,0.207258,0.98062,5.875791,516,506,0.192512,0.910853,12.533814,516,470,0.10199,0.572414,65.743826,435,249,0.097075,0.459302,109.566426,516,237,0.152781,0.722868,51.917099,516,373,AODV-AERS1,AODV-AERS1,AODV-AERS2,0.207667,0.982558,5.875791
508,RING,33,18.078695,1351.056261,7.379372,176033,841,11,2.367769,4,5.10733,109,26,66,0.118483,5,22,6,0.101036,0.556122,17.266158,392,218,0.160823,0.885204,21.406052,392,347,0.087132,0.479592,32.153762,392,188,0.040785,0.27673,41.246293,318,88,0,0,-1,392,0,0.171019,0.941327,13.888205,392,369,AODV,AODV,AODV,0.171019,0.941327,13.888205
646,HOTSPOT,49,115.25063,652.043224,10.137782,278509,156,10,1.653983,4,3.031957,175,23,107,0.025716,41,46,3,0.128849,0.392292,125.771749,3347,1313,0.013346,0.040633,279.630675,3347,136,0,0,-1,3347,0,0.057702,0.207774,23.252458,2830,588,0.157013,0.47804,13.209172,3347,1600,0.222861,0.678518,8.857001,3347,2271,AODV,AODV,AODV,0.222861,0.678518,8.857001
669,RING,25,63.917574,625.402858,10.409934,505333,292,6,1.193077,4,3.075457,41,9,20,0.166323,7,20,3,0.482816,0.872072,3.305821,3244,2829,0,0,-1,3244,0,0.507904,0.917386,3.424894,3244,2976,0.260267,0.569242,5.67725,2679,1525,0.547499,0.988903,2.890252,3244,3208,0,0,-1,3244,0,DSDV,DSDV,DSDV,0.547499,0.988903,2.890252
658,LINE,37,11.919129,1761.889256,4.494918,87478,184,12,2.941964,3,5.485701,26,5,16,0.15668,0,36,8,0.084913,0.842873,13.732614,891,751,0.08073,0.801347,10.946597,891,714,0.086496,0.858586,10.122298,891,765,0.015716,0.484321,5.452631,287,139,0.075529,0.749719,14.240698,891,668,0.090906,0.902357,9.62489,891,804,AODV,AODV,OLSR,0.090906,0.902357,5.452631
109,CORRIDOR,65,89.206026,853.610173,9.368589,761332,1030,7,1.335812,1,1.959001,155,23,93,0.057641,0,34,4,0.07674,0.098195,85.649685,1385,136,0.016364,0.020939,379.246183,1385,29,0.17718,0.226715,166.966233,1385,314,0.363388,0.582805,20.803803,1105,644,0.372416,0.476534,44.957677,1385,660,0.103261,0.13213,35.589911,1385,183,DSDV,OLSR,OLSR,0.372416,0.582805,20.803803
387,LINE,53,16.200463,1808.732007,13.741769,349352,918,11,1.979631,3,1.343559,80,14,38,0.129062,0,52,7,0.171037,0.475456,27.180952,713,339,0.275475,0.765778,19.491228,713,546,0.247221,0.687237,36.220761,713,490,0,0,-1,84,0,0.087284,0.242637,87.58726,713,173,0.141269,0.392707,30.764679,713,280,AODV-AERS2,AODV-AERS2,AODV-AERS2,0.275475,0.765778,19.491228
733,RANDOM,33,12.643362,1615.56962,9.585561,1510632,379,5,1.586495,2,2.402821,142,20,83,0.167037,7,23,-1,0,0,-1,7473,0,0,0,-1,7473,0,0,0,-1,7473,0,0,0,-1,0,0,0,0,-1,7473,0,0,0,-1,7473,0,NONE,NONE,NONE,0,0,-1
532,CORRIDOR,50,221.938621,474.644618,4.147807,983479,994,7,2.038745,3,3.35506,88,17,42,0.071977,14,41,2,0.94351,0.933154,3.772073,1855,1731,0.226203,0.22372,108.485709,1855,415,0.709132,0.701348,142.275794,1855,1301,0.961498,0.950943,6.031881,1855,1764,0.936425,0.926146,6.753931,1855,1718,0.944055,0.933693,4.287711,1855,1732,OLSR,OLSR,AODV-AERS1,0.961498,0.950943,3.772073
568,RANDOM,62,87.797083,840.341482,3.772443,543849,978,11,3.035823,1,4.539588,171,41,87,0.195452,6,38,5,0.498976,0.892514,11.605235,1042,930,0.49522,0.885797,14.10648,1042,923,0.533314,0.953935,9.504362,1042,994,0.376646,0.825882,35.627274,850,702,0.519901,0.929942,34.888623,1042,969,0.492001,0.880038,16.49136,1042,917,AODV-AERS3,AODV-AERS3,AODV-AERS3,0.533314,0.953935,9.504362
783,GRID,67,74.146396,950.588113,0.676488,1520626,1215,10,3.486847,1,4.693859,51,9,34,0.035531,8,63,5,1.482319,0.953112,14.95317,2346,2236,1.400115,0.900256,11.741483,2346,2112,1.481656,0.952685,11.97554,2346,2235,1.21582,0.932859,192.497503,1966,1834,1.242337,0.798806,287.513863,2346,1874,1.42597,0.91688,14.839164,2346,2151,AODV-AERS1,AODV-AERS1,AODV-AERS2,1.482319,0.953112,11.741483
896,LINE,20,9.556407,1446.664024,1.299919,445091,1308,9,0.968652,4,3.541331,141,29,95,0.093024,0,19,7,0.357692,0.786834,22.933001,638,502,0.372655,0.819749,19.06024,638,523,0.416832,0.916928,16.630637,638,585,0.342016,1,10.193113,480,480,0.454596,1,14.345507,638,638,0.416119,0.915361,16.823376,638,584,DSDV,OLSR,OLSR,0.454596,1,10.193113
450,LINE,42,30.514321,1173.201996,3.065692,1741440,132,9,3.428433,1,2.058735,40,7,27,0.193462,0,41,5,0.1856,0.087929,870.541836,24736,2175,0.259584,0.122979,537.739302,24736,3042,0.16128,0.076407,524.843883,24736,1890,0.207445,0.141124,1606.993917,17226,2431,0.213675,0.101229,2058.827837,24736,2504,0.276821,0.131145,834.097435,24736,3244,AODV,OLSR,AODV-AERS3,0.276821,0.141124,524.843883
794,LINE,32,17.049903,1369.979404,8.802958,224982,1332,10,0.752152,4,4.712109,35,5,17,0.103313,0,31,6,0,0,-1,316,0,0.195115,0.851266,32.890316,316,269,0.218325,0.952532,17.726816,316,301,0,0,-1,0,0,0.102997,0.449367,293.366763,316,142,0.092117,0.401899,26.813325,316,127,AODV-AERS3,AODV-AERS3,AODV-AERS3,0.218325,0.952532,17.726816
505,LINE,57,180.242064,562.353434,2.94656,238028,297,6,2.844388,4,4.494844,115,22,75,0.174842,0,56,2,0.178707,0.686418,36.4534,1502,1031,0.142653,0.547936,45.060877,1502,823,0.142653,0.547936,18.363576,1502,823,0.258093,0.991345,4.396419,1502,1489,0.23504,0.902796,6.089102,1502,1356,0.260173,0.999334,1.414194,1502,1501,AODV,AODV,AODV,0.260173,0.999334,1.414194
996,GRID,62,102.610718,777.319354,1.891623,1473257,1322,11,1.006861,2,1.670224,34,7,20,0.031066,7,56,5,1.43352,0.953088,10.965347,2089,1991,1.35,0.897559,10.273115,2089,1875,1.43352,0.953088,10.079914,2089,1991,1.11096,0.871751,32.429867,1770,1543,1.40616,0.934897,232.65705,2089,1953,1.2384,0.82336,10.96939,2089,1720,AODV-AERS1,AODV-AERS1,AODV-AERS3,1.43352,0.953088,10.079914
380,HOTSPOT,45,20.654805,1476.031777,10.169741,429799,161,6,1.595571,3,4.322519,94,13,49,0.133471,35,40,-1,0,0,-1,5005,0,0,0,-1,5005,0,0,0,-1,5005,0,0,0,-1,0,0,0,0,-1,5005,0,0,0,-1,5005,0,NONE,NONE,NONE,0,0,-1
323,RING,65,315.638472,453.797096,0.941212,1843967,241,8,3.393686,4,2.439299,41,6,25,0.127505,0,33,2,0.065708,0.031925,538.474604,14346,458,0.032854,0.015963,409.655189,14346,229,0.030558,0.014847,527.278387,14346,213,0.989059,0.480552,395.506003,14346,6894,1.111006,0.539802,470.027724,14346,7744,0.153653,0.074655,445.846156,14346,1071,DSDV,DSDV,OLSR,1.111006,0.539802,395.506003
312,TWO_CLUSTER,64,253.382424,502.575998,8.984583,162566,645,9,1.96096,1,2.313437,144,23,78,0.18314,8,27,2,0.169417,1,2.157411,472,472,0.105526,0.622881,38.703233,472,294,0.169417,1,1.913513,472,472,0.114859,0.677966,25.399808,472,320,0.072505,0.427966,35.152256,472,202,0.169417,1,2.014363,472,472,AODV-AERS1,AODV-AERS1,AODV-AERS3,0.169417,1,1.913513
53,CORRIDOR,32,69.671937,677.713361,2.035318,734273,192,6,1.42818,1,1.641444,160,21,108,0.195033,2,29,3,0.437888,0.520502,328.393029,7170,3732,0.552757,0.657043,353.938179,7170,4711,0.575989,0.684658,330.230869,7170,4909,0.257547,0.373236,341.671578,5881,2195,0.660469,0.785077,386.125779,7170,5629,0.320437,0.380893,334.662126,7170,2731,DSDV,DSDV,AODV-AERS1,0.660469,0.785077,328.393029
255,RING,58,135.93491,653.203487,1.971392,1067754,128,7,1.921673,2,5.223317,101,22,66,0.047568,19,48,3,0.18695,0.14367,453.354698,15640,2247,0.284045,0.218286,446.600683,15640,3414,0.315245,0.242263,451.890746,15640,3789,0.242694,0.225147,464.529601,12956,2917,0.490547,0.376982,500.366296,15640,5896,0.268237,0.206138,452.687504,15640,3224,DSDV,DSDV,AODV-AERS2,0.490547,0.376982,446.600683
9,HOTSPOT,68,103.755421,809.560029,6.371684,954507,160,9,2.781481,3,1.91389,90,20,58,0.06839,59,63,5,0.129946,0.115869,455.927393,11185,1296,0.365973,0.32633,436.029925,11185,3650,0.442276,0.394367,423.219766,11185,4411,0.311729,0.334517,742.805118,9294,3109,0,0,-1,11185,0,0.22921,0.204381,547.295205,11185,2286,AODV-AERS3,AODV-AERS3,AODV-AERS3,0.442276,0.394367,423.219766
585,GRID,42,141.412702,544.979838,11.062714,557110,486,9,1.263864,1,5.219308,157,27,87,0.146235,6,35,3,0.499745,0.848302,7.119963,2149,1823,0.553201,0.939041,5.948412,2149,2018,0.427374,0.725454,20.462267,2149,1559,0.494811,1,2.902581,1805,1805,0.199021,0.337832,44.532955,2149,726,0,0,-1,2149,0,AODV-AERS2,OLSR,OLSR,0.553201,1,2.902581
801,GRID,54,87.187969,786.988888,8.169438,963856,291,11,1.262753,2,5.319727,87,20,45,0.194524,7,48,5,0.096976,0.091787,482.755192,6210,570,0.452214,0.428019,421.342803,6210,2658,0.394709,0.373591,432.176428,6210,2320,0.22917,0.260592,405.733961,5169,1347,0.164689,0.155878,546.243465,6210,968,0.16554,0.156683,269.341722,6210,973,AODV-AERS2,AODV-AERS2,AODV,0.452214,0.428019,269.341722
843,RING,57,57.927314,991.96359,8.492236,256075,944,7,0.853546,2,5.49923,176,37,123,0.037193,22,51,4,0.220838,0.838583,23.008116,508,426,0.076723,0.291339,44.595097,508,148,0,0,-1,508,0,0.129082,0.575058,47.951891,433,249,0.040435,0.153543,199.379809,508,78,0.224467,0.852362,11.506482,508,433,AODV,AODV,AODV,0.224467,0.852362,11.506482
203,TWO_CLUSTER,50,22.791776,1481.139335,12.782899,621525,742,9,2.077081,4,5.926841,89,11,61,0.030433,20,21,7,0.327301,0.507643,20.935531,1570,797,0.485819,0.753503,14.183795,1570,1183,0.16632,0.257962,17.140444,1570,405,0,0,-1,218,0,0.280075,0.434395,45.959074,1570,682,0.473499,0.734395,19.769143,1570,1153,AODV-AERS2,AODV-AERS2,AODV-AERS2,0.485819,0.753503,14.183795
143,TWO_CLUSTER,64,143.340354,668.198891,3.653015,1030655,221,9,0.57575,2,4.827415,97,24,66,0.164493,18,49,3,0.022576,0.019442,331.970762,8744,170,0.144088,0.124085,432.758458,8744,1085,0.19256,0.165828,397.899634,8744,1450,0.288043,0.514469,386.548788,4216,2169,0.696138,0.599497,454.827322,8744,5242,0.222838,0.191903,436.550363,8744,1678,DSDV,DSDV,AODV-AERS1,0.696138,0.599497,331.970762
487,TWO_CLUSTER,51,224.039596,477.114591,1.474541,2163502,165,9,2.576166,3,5.975214,71,15,36,0.068134,13,38,2,0.33721,0.133252,862.043105,24585,3276,0.144621,0.057149,603.452725,24585,1405,0.193721,0.076551,472.457791,24585,1882,0.982396,0.388204,2252.404589,24585,9544,0.744208,0.294082,1602.844874,24585,7230,0.248893,0.098353,924.212135,24585,2418,OLSR,OLSR,AODV-AERS3,0.982396,0.388204,472.457791
700,RING,52,29.575509,1325.975674,13.339559,483854,1376,8,1.837755,3,3.883139,175,26,79,0.150978,4,30,6,0.107827,0.218513,25.317134,659,144,0.152006,0.308042,41.171479,659,203,0,0,-1,659,0,0.08761,0.24477,61.061196,478,117,0.258336,0.52352,20.4536,659,345,0,0,-1,659,0,DSDV,DSDV,DSDV,0.258336,0.52352,20.4536
880,HOTSPOT,40,20.136917,1409.397533,10.711117,163412,854,5,1.92127,3,5.636951,107,21,63,0.053372,28,34,-1,0,0,-1,358,0,0,0,-1,358,0,0,0,-1,358,0,0,0,-1,0,0,0,0,-1,358,0,0,0,-1,358,0,NONE,NONE,NONE,0,0,-1
37,LINE,57,29.120344,1399.069139,12.010818,930878,929,11,0.524276,2,2.153856,32,7,21,0.15371,0,56,6,0.610438,0.636848,31.372893,1878,1196,0.086768,0.090522,75.344951,1878,170,0.576752,0.601704,16.379758,1878,1130,0.240909,0.530337,126.736065,890,472,0.013781,0.014377,321.735619,1878,27,0.724258,0.755591,13.117277,1878,1419,AODV,AODV,AODV,0.724258,0.755591,13.117277
182,RING,45,61.902724,852.611872,1.422896,1699825,1156,9,1.248273,2,2.806173,116,28,73,0.074204,8,28,4,0.472337,0.271309,195.408649,2757,748,1.238938,0.711643,234.120897,2757,1962,1.154953,0.663402,191.981144,2757,1829,1.381649,0.979409,322.867347,2234,2188,1.491524,0.856728,155.006341,2757,2362,1.26167,0.724701,309.111338,2757,1998,DSDV,OLSR,DSDV,1.491524,0.979409,155.006341
908,LINE,54,99.182104,737.870624,6.073178,1387965,1195,8,1.176482,1,1.346376,105,15,48,0.079227,0,53,3,0.254384,0.179146,16.618788,2177,390,1.108853,0.780891,13.292989,2177,1700,0.582474,0.410198,301.619667,2177,893,0.884474,0.729424,15.763707,1859,1356,1.057324,0.744603,88.618155,2177,1621,1.238654,0.872301,7.494678,2177,1899,AODV,AODV,AODV,1.238654,0.872301,7.494678
726,LINE,43,21.112434,1427.135053,5.074766,593385,538,9,2.228336,4,1.093881,36,8,20,0.056942,0,42,6,0.450385,0.72147,11.18524,2068,1492,0.272284,0.43617,37.322294,2068,902,0.560566,0.897969,6.82575,2068,1857,0.260209,0.836081,127.887014,1031,862,0.623053,0.998066,14.950495,2068,2064,0.340807,0.545938,9.095301,2068,1129,DSDV,DSDV,AODV-AERS3,0.623053,0.998066,6.82575
679,TWO_CLUSTER,79,186.554219,650.745253,1.274063,1552932,195,9,1.918659,3,1.342252,76,18,37,0.08222,12,63,3,0.238342,0.134208,505.224061,14932,2004,0.239175,0.134677,492.226323,14932,2011,0,0,-1,14932,0,0.389269,0.257372,484.680748,12717,3273,0.253447,0.142714,458.858175,14932,2131,0.110846,0.062416,401.385943,14932,932,OLSR,OLSR,AODV,0.389269,0.257372,401.385943
357,HOTSPOT,52,172.717726,548.697796,8.406926,583445,573,9,1.611102,3,3.33582,177,31,118,0.181667,38,51,3,0.098404,0.160817,253.163535,1909,307,0.182383,0.298062,53.845968,1909,569,0.082377,0.134625,71.225471,1909,257,0.237836,0.456054,121.676542,1627,742,0.062183,0.101624,83.843563,1909,194,0.419258,0.685175,102.76062,1909,1308,AODV,AODV,AODV-AERS2,0.419258,0.685175,53.845968
253,RANDOM,44,28.038565,1252.703957,11.833055,219710,488,16,2.092549,3,3.488746,107,14,63,0.039135,9,26,11,0,0,-1,844,0,0,0,-1,844,0,0,0,-1,844,0,0,0,-1,0,0,0,0,-1,844,0,0,0,-1,844,0,NONE,NONE,NONE,0,0,-1
855,RANDOM,27,19.102484,1188.877087,14.424591,383363,447,9,3.020572,3,2.982736,52,8,24,0.08257,2,15,7,0.02204,0.054104,26.246787,1608,87,0.044333,0.108831,179.628429,1608,175,0.022293,0.054726,25.789142,1608,88,0,0,-1,0,0,0.05016,0.123134,114.482677,1608,198,0.0228,0.05597,25.019217,1608,90,DSDV,DSDV,AODV,0.05016,0.123134,25.019217
502,LINE,35,43.97502,892.135866,7.606709,681077,1195,7,3.249514,3,1.934833,91,20,48,0.051001,0,34,4,0.639874,0.918539,8.113776,1068,981,0.500289,0.718165,26.12351,1068,767,0.546599,0.784644,17.171363,1068,838,0.383533,0.699168,31.808555,841,588,0.283736,0.407303,85.776218,1068,435,0.685532,0.984082,6.607232,1068,1051,AODV,AODV,AODV,0.685532,0.984082,6.607232
132,CORRIDOR,30,50.041928,774.2721,15.953613,634327,332,6,2.806155,3,1.023005,62,12,40,0.095858,17,18,3,0.063936,0.092965,6.940814,3582,333,0.615936,0.895589,4.197808,3582,3208,0.310464,0.451424,27.761586,3582,1617,0.110592,0.191617,184.030994,3006,576,0.235584,0.342546,5.900748,3582,1227,0.674688,0.981016,3.71566,3582,3514,AODV,AODV,AODV,0.674688,0.981016,3.71566
796,LINE,74,155.729172,689.335861,2.456024,1504654,329,6,2.522146,4,5.662281,105,16,64,0.080351,0,73,3,0.012566,0.007697,214.682663,8575,66,0.046458,0.028455,539.755492,8575,244,0.279507,0.171195,413.493396,8575,1468,0.549494,0.407224,388.950567,7087,2886,0.406314,0.248863,447.974422,8575,2134,0.120714,0.073936,395.597342,8575,634,OLSR,OLSR,AODV-AERS1,0.549494,0.407224,214.682663
560,HOTSPOT,80,29.738797,1640.148967,5.439624,1566854,459,6,2.467251,2,4.706028,68,9,46,0.181335,65,73,-1,0,0,-1,6400,0,0,0,-1,6400,0,0,0,-1,6400,0,0,0,-1,0,0,0,0,-1,6400,0,0,0,-1,6400,0,NONE,NONE,NONE,0,0,-1
895,RANDOM,62,80.16692,879.423863,1.732684,843672,1070,11,3.329419,3,5.140857,130,19,90,0.129355,31,48,5,0.746054,0.861976,13.172175,1478,1274,0.743126,0.858593,12.217445,1478,1269,0.822182,0.949932,10.548759,1478,1404,0.504787,0.701954,71.9684,1228,862,0.70272,0.811908,42.774476,1478,1200,0.823939,0.951962,11.555417,1478,1407,AODV,AODV,AODV-AERS3,0.823939,0.951962,10.548759
1000,CORRIDOR,51,177.219811,536.449634,6.610165,143212,1214,5,2.119827,4,5.342112,98,13,60,0.046643,7,39,2,0.117245,0.800905,5.534146,221,177,0.039744,0.271493,35.772148,221,60,0.064253,0.438914,86.889329,221,97,0.056304,0.384615,37.709348,221,85,0.065578,0.447964,59.932209,221,99,0.094061,0.642534,77.985503,221,142,AODV-AERS1,AODV-AERS1,AODV-AERS1,0.117245,0.800905,5.534146
540,RANDOM,64,218.402735,541.328572,17.31872,727422,1316,9,1.07408,1,3.524156,139,34,90,0.047306,37,44,3,0.008602,0.011583,225.311334,1036,12,0.07168,0.096525,154.489965,1036,100,0,0,-1,1036,0,0.401408,0.645161,41.849213,868,560,0.554803,0.747104,39.414765,1036,774,0.170598,0.22973,174.347189,1036,238,DSDV,DSDV,DSDV,0.554803,0.747104,39.414765
381,LINE,66,166.221286,630.127812,3.663743,771142,307,6,0.857613,1,2.314072,180,41,84,0.078549,0,65,3,0.012864,0.01529,337.909654,4709,72,0.098445,0.11701,350.931355,4709,551,0.268357,0.318964,286.078168,4709,1502,0.496157,0.700909,160.426951,3962,2777,0.710557,0.844553,147.370235,4709,3977,0.087725,0.104268,114.303478,4709,491,DSDV,DSDV,AODV,0.710557,0.844553,114.303478
609,GRID,43,23.63188,1348.916587,10.962552,364957,1329,16,2.465292,2,4.806846,31,7,15,0.02438,6,42,9,0.315548,0.848249,27.375033,514,436,0.256202,0.688716,31.089733,514,354,0.305415,0.821012,35.753985,514,422,0.112179,0.41555,45.997584,373,155,0,0,-1,514,0,0.313377,0.842412,28.005421,514,433,AODV-AERS1,AODV-AERS1,AODV-AERS1,0.315548,0.848249,27.375033
42,RING,65,143.501156,673.021562,5.359793,1481810,1239,8,2.794489,4,1.6453,69,11,35,0.118041,19,52,3,0.295971,0.195361,133.832539,2242,438,0.464905,0.306869,153.449777,2242,688,1.484586,0.979929,14.722611,2242,2197,1.043332,0.843716,14.07206,1830,1544,1.17983,0.778769,111.873474,2242,1746,1.282542,0.846566,11.531187,2242,1898,AODV-AERS3,AODV-AERS3,AODV,1.484586,0.979929,11.531187
533,HOTSPOT,38,27.723387,1170.762092,2.605037,232177,815,5,0.771202,4,1.539644,28,6,15,0.123601,29,32,-1,0,0,-1,534,0,0,0,-1,534,0,0,0,-1,534,0,0,0,-1,0,0,0,0,-1,534,0,0,0,-1,534,0,NONE,NONE,NONE,0,0,-1
512,TWO_CLUSTER,47,117.905303,631.367554,1.822557,898127,801,7,1.978373,4,4.852557,60,15,29,0.032983,12,19,3,0.226372,0.243578,75.434388,2102,512,0.84978,0.914367,5.905582,2102,1922,0.828116,0.891056,15.043919,2102,1873,0.484578,1,3.819302,1096,1096,0.851549,0.91627,39.630296,2102,1926,0.76887,0.827307,33.185769,2102,1739,DSDV,OLSR,OLSR,0.851549,1,3.819302
593,CORRIDOR,44,26.63045,1285.396408,13.204575,356516,185,8,1.009193,1,2.811028,166,34,76,0.089133,28,39,5,0.36761,0.895655,17.273581,3613,3236,0.365678,0.890949,5.429285,3613,3219,0.21709,0.528923,38.849813,3613,1911,0,0,-1,0,0,0.219021,0.533629,57.14845,3613,1928,0.137229,0.334348,15.939184,3613,1208,AODV-AERS1,AODV-AERS1,AODV-AERS2,0.36761,0.895655,5.429285
868,TWO_CLUSTER,45,27.744031,1273.566066,8.398114,1382465,170,7,0.705127,4,5.702844,29,6,16,0.119209,22,25,5,0.430214,0.2672,411.979303,15247,4074,0.288182,0.178986,478.493637,15247,2729,0.322714,0.200433,422.604195,15247,3056,0.289555,0.217102,570.599186,12630,2742,0.025238,0.015675,592.277738,15247,239,0.226829,0.14088,448.844106,15247,2148,AODV-AERS1,AODV-AERS1,AODV-AERS1,0.430214,0.2672,411.979303
662,RANDOM,47,83.137764,751.882121,1.958445,1847365,1357,7,2.796568,1,1.285263,101,16,47,0.169499,8,29,5,1.134592,0.601881,242.268681,2552,1536,1.437445,0.762539,158.995886,2552,1946,1.546029,0.820141,304.818751,2552,2093,1.378352,0.897115,160.11656,2080,1866,1.563019,0.829154,191.293675,2552,2116,1.450003,0.769201,206.550832,2552,1963,DSDV,OLSR,AODV-AERS2,1.563019,0.897115,158.995886
185,RANDOM,60,100.483808,772.729663,8.808222,1087336,402,7,1.970221,1,1.864307,82,14,43,0.160215,3,47,5,0.443301,0.381187,405.232117,5071,1933,0.430229,0.369947,265.770489,5071,1876,0.22704,0.195228,424.868788,5071,990,0.155717,0.171899,130.86539,3950,679,0.544437,0.468152,670.732567,5071,2374,0.389408,0.334845,389.471961,5071,1698,DSDV,DSDV,OLSR,0.544437,0.468152,130.86539
902,TWO_CLUSTER,33,16.450756,1416.328647,13.247977,134004,190,11,2.601939,2,5.991429,67,14,39,0.101031,6,13,5,0.12487,0.812405,7.733547,1322,1074,0.091502,0.59531,62.894442,1322,787,0.060226,0.391831,39.961839,1322,518,0,0,-1,0,0,0.056854,0.369894,47.257713,1322,489,0.1308,0.850983,34.557938,1322,1125,AODV,AODV,AODV-AERS1,0.1308,0.850983,7.733547
433,GRID,74,66.793383,1052.565521,13.230031,1213819,737,8,2.926857,3,3.996604,85,17,54,0.024149,8,72,6,0.135456,0.107513,114.770707,3088,332,0.008568,0.006801,166.870388,3088,21,0.470832,0.373705,132.054017,3088,1154,0.305184,0.294256,491.666282,2542,748,0.2958,0.23478,205.177443,3088,725,0.048144,0.038212,82.207935,3088,118,AODV-AERS3,AODV-AERS3,AODV,0.470832,0.373705,82.207935
149,GRID,45,40.273502,1057.052508,8.727335,153827,504,9,3.321675,2,4.697647,90,15,61,0.097848,6,42,6,0.125978,0.776224,27.554712,572,444,0.138746,0.854895,17.041327,572,489,0.136476,0.840909,14.872536,572,481,0.077743,0.611607,34.179966,448,274,0.139597,0.86014,8.381487,572,492,0.145271,0.895105,17.620334,572,512,AODV,AODV,DSDV,0.145271,0.895105,8.381487
885,CORRIDOR,70,87.226916,895.826204,1.893889,1810693,1264,9,2.78572,2,5.955691,176,32,87,0.143652,1,59,4,0.653235,0.353073,263.523261,2685,948,0.476145,0.257356,288.464118,2685,691,0.253577,0.137058,315.498884,2685,368,1.036356,0.694047,408.983567,2167,1504,1.2479,0.674488,317.827671,2685,1811,0.751772,0.406331,354.806302,2685,1091,DSDV,OLSR,AODV-AERS1,1.2479,0.694047,263.523261
792,TWO_CLUSTER,21,12.361112,1303.409467,14.529255,632400,404,8,2.396871,3,3.52095,143,25,89,0.02719,17,20,5,0,0,-1,2935,0,0.540979,0.8,6.496505,2935,2348,0,0,-1,2935,0,0.191693,0.387879,32.265212,2145,832,0.481306,0.711755,39.876354,2935,2089,0.596275,0.881772,16.276989,2935,2588,AODV,AODV,AODV-AERS2,0.596275,0.881772,6.496505
441,TWO_CLUSTER,21,6.022436,1867.340714,14.332557,627062,661,13,2.386153,2,4.16759,83,19,52,0.0215,9,12,10,0.037482,0.057368,31.031617,1778,102,0.072023,0.110236,21.890444,1778,196,0.039686,0.060742,28.746327,1778,108,0,0,-1,0,0,0.05365,0.082115,201.695106,1778,146,0.038951,0.059618,30.343564,1778,106,AODV-AERS2,AODV-AERS2,AODV-AERS2,0.072023,0.110236,21.890444
654,RING,73,42.589865,1309.206933,11.410489,1152156,390,13,2.000078,1,1.451643,70,12,48,0.198863,7,44,6,0.426026,0.345008,300.735187,5539,1911,0.184812,0.149666,314.031951,5539,829,0.401503,0.325149,328.927959,5539,1801,0.283125,0.293303,457.298465,4330,1270,0.131085,0.106156,306.209379,5539,588,0.445867,0.361076,379.729913,5539,2000,AODV,AODV,AODV-AERS1,0.445867,0.361076,300.735187
852,RING,47,58.677773,894.977498,0.8225,1338526,261,11,0.94622,4,4.418745,72,11,42,0.15268,19,44,4,0.528831,0.356838,432.314939,9615,3431,0.245226,0.165471,423.394668,9615,1591,0.535151,0.361102,410.337592,9615,3472,0.631947,0.503191,513.882666,8148,4100,0.697145,0.470411,483.747255,9615,4523,0.664315,0.448258,394.669729,9615,4310,DSDV,OLSR,AODV,0.697145,0.503191,394.669729
299,RING,55,34.276433,1266.72848,6.08297,577892,1220,10,1.801102,3,5.807342,161,38,76,0.10168,2,29,6,0.39936,0.675676,34.696117,888,600,0.435968,0.737613,16.699383,888,655,0.04393,0.074324,55.903428,888,66,0.252928,0.516304,22.581337,736,380,0.262246,0.443694,75.668874,888,394,0.42665,0.721847,15.960144,888,641,AODV-AERS2,AODV-AERS2,AODV,0.435968,0.737613,15.960144
784,HOTSPOT,79,484.504141,403.798591,0.168992,1720762,238,6,1.68345,3,3.9248,170,33,81,0.167613,66,77,2,0.54491,0.283343,442.164309,13556,3841,0.056321,0.029286,487.582252,13556,397,0.612297,0.318383,493.907193,13556,4316,0.802256,0.417158,455.866527,13556,5655,1.090387,0.566981,451.298736,13556,7686,0.301041,0.156536,462.096604,13556,2122,DSDV,DSDV,AODV-AERS1,1.090387,0.566981,442.164309
168,RANDOM,40,38.235889,1022.808664,7.12004,768998,219,14,2.243221,3,4.065192,80,19,48,0.159887,16,26,8,0.423391,0.488227,385.451211,6583,3214,0.37465,0.432022,404.619387,6583,2844,0.210115,0.242291,390.694387,6583,1595,0.003689,0.009828,40.949251,2849,28,0,0,-1,6583,0,0.390326,0.450099,399.664444,6583,2963,AODV-AERS1,AODV-AERS1,OLSR,0.423391,0.488227,40.949251
537,HOTSPOT,26,14.321042,1347.408764,12.022671,934114,1006,14,1.717788,1,2.426396,150,21,96,0.056373,22,25,7,0.816171,0.850086,11.544961,1741,1480,0.828303,0.862723,9.926128,1741,1502,0.792458,0.825388,11.441838,1741,1437,0.440622,0.568683,57.561653,1405,799,0,0,-1,1741,0,0.831612,0.866169,12.930519,1741,1508,AODV,AODV,AODV-AERS2,0.831612,0.866169,9.926128
778,TWO_CLUSTER,50,68.501413,854.348848,10.028383,281527,226,10,0.821557,2,5.571351,97,18,46,0.123461,39,48,3,0.309948,0.979872,3.337474,2335,2288,0,0,-1,2335,0,0.289763,0.91606,4.738688,2335,2139,0.090085,0.335859,27.379481,1980,665,0.271746,0.859101,38.631821,2335,2006,0.166082,0.525054,17.309912,2335,1226,AODV-AERS1,AODV-AERS1,AODV-AERS1,0.309948,0.979872,3.337474
169,GRID,36,17.564556,1431.636152,14.535534,754064,542,12,2.595515,1,3.736141,27,6,15,0.179192,5,30,10,0.035872,0.045245,33.15614,2608,118,0,0,-1,2608,0,0.044384,0.055982,25.005273,2608,146,0,0,-1,0,0,0,0,-1,2608,0,0.08664,0.109279,17.554879,2608,285,AODV,AODV,AODV,0.08664,0.109279,17.554879
464,RING,47,186.897782,501.472191,6.708825,1080176,1372,9,3.454605,3,4.308406,98,16,52,0.092765,14,37,2,1.078933,0.978997,3.989341,1476,1445,0,0,-1,1476,0,0.411413,0.373306,153.271586,1476,551,1.064,0.965447,5.58999,1476,1425,1.067733,0.968835,9.729708,1476,1430,0.46592,0.422764,51.893558,1476,624,AODV-AERS1,AODV-AERS1,AODV-AERS1,1.078933,0.978997,3.989341
24,GRID,46,196.719767,483.565062,0.455136,1962502,684,7,1.76778,4,1.682822,73,10,44,0.167974,6,42,3,0.623142,0.305075,414.163874,5379,1641,0.821743,0.402305,412.170051,5379,2164,0.793263,0.388362,409.73326,5379,2089,1.015027,0.587731,474.559577,4548,2673,0.959206,0.469604,398.667652,5379,2526,0.567322,0.277747,344.889753,5379,1494,OLSR,OLSR,AODV,1.015027,0.587731,344.889753
378,LINE,77,334.200028,480.000977,5.007358,1149011,1126,7,0.671582,4,3.457306,131,29,83,0.124014,0,76,2,0.048006,0.040774,111.601792,1913,78,0.517607,0.439624,66.213658,1913,841,0.262804,0.22321,44.396161,1913,427,0.900428,0.764767,44.808564,1913,1463,0.470217,0.399373,83.929272,1913,764,0.105245,0.089388,487.486607,1913,171,OLSR,OLSR,AODV-AERS3,0.900428,0.764767,44.396161
709,TWO_CLUSTER,34,16.628748,1429.913213,3.534162,585275,846,12,3.02147,1,5.818357,138,21,76,0.167845,4,15,6,0.264298,0.437163,110.796682,1297,567,0.221413,0.36623,95.543908,1297,475,0.194378,0.321511,20.394532,1297,417,0.227939,0.567944,53.730091,861,489,0,0,-1,1297,0,0.262433,0.434079,78.836929,1297,563,AODV-AERS1,OLSR,AODV-AERS3,0.264298,0.567944,20.394532
605,CORRIDOR,42,37.354121,1060.365001,9.610002,663190,381,7,1.612743,4,3.320792,124,26,57,0.147962,0,30,5,0.040355,0.056696,46.820781,3263,185,0.106231,0.149249,10.519792,3263,487,0.645238,0.906528,13.300103,3263,2958,0.146149,0.637488,4.727772,1051,670,0.416853,0.585657,7.474516,3263,1911,0.462661,0.650015,13.260708,3263,2121,AODV-AERS3,AODV-AERS3,OLSR,0.645238,0.906528,4.727772
105,TWO_CLUSTER,52,379.985823,369.928656,3.584494,772221,1289,6,2.407844,1,2.084927,174,43,99,0.048464,18,41,2,0.520478,0.65984,108.236543,1123,741,0,0,-1,1123,0,0.505728,0.64114,102.971463,1123,720,0.20791,0.26358,51.543259,1123,296,0.761402,0.965272,14.727161,1123,1084,0.332235,0.421193,137.076399,1123,473,DSDV,DSDV,DSDV,0.761402,0.965272,14.727161
360,CORRIDOR,31,16.720251,1361.631083,2.198804,628583,248,11,3.267533,1,3.709343,160,40,104,0.128164,13,18,6,0.385517,0.551136,177.616807,4752,2619,0.52624,0.752315,176.247112,4752,3575,0.436595,0.624158,133.393195,4752,2966,0.083904,0.152774,444.514605,3731,570,0.323398,0.462332,542.059523,4752,2197,0.492384,0.703914,277.799989,4752,3345,AODV-AERS2,AODV-AERS2,AODV-AERS3,0.52624,0.752315,133.393195
921,LINE,27,13.961125,1390.662279,3.062398,615179,314,12,2.729271,2,4.724189,123,16,73,0.112829,0,26,6,0.58368,0.871222,8.322663,3673,3200,0.576566,0.860604,5.58103,3673,3161,0.564346,0.842363,7.821494,3673,3094,0.114912,0.261954,15.869411,2405,630,0.264115,0.394228,49.828848,3673,1448,0,0,-1,3673,0,AODV-AERS1,AODV-AERS1,AODV-AERS2,0.58368,0.871222,5.58103
777,TWO_CLUSTER,38,53.056947,846.29285,15.328015,343979,170,7,0.869503,4,2.430531,104,13,50,0.175642,15,16,3,0.100742,0.251516,11.50301,3793,954,0.288077,0.71922,8.424619,3793,2728,0.242352,0.605062,32.518725,3793,2295,0.062832,0.30607,2.980829,1944,595,0.060509,0.151068,33.317453,3793,573,0.288499,0.720274,23.147172,3793,2732,AODV,AODV,OLSR,0.288499,0.720274,2.980829
201,LINE,62,135.278526,676.988691,0.25062,1120120,313,9,2.579788,3,3.247812,45,7,26,0.05597,0,61,3,0.056379,0.046207,429.065808,6709,310,0.297898,0.24415,391.623202,6709,1638,0.229698,0.188255,347.87958,6709,1263,0.45303,0.729643,456.983583,3414,2491,0.692912,0.567894,491.697161,6709,3810,0.027098,0.022209,214.130512,6709,149,DSDV,OLSR,AODV,0.692912,0.729643,214.130512
827,LINE,73,130.981794,746.544952,0.312024,1336355,356,6,0.742939,4,5.061895,151,22,79,0.060446,0,72,3,0.217088,0.150611,359.902317,7038,1060,0.161587,0.112106,363.760244,7038,789,0.253542,0.175902,429.017892,7038,1238,0.489267,0.664349,436.918161,3596,2389,0.739738,0.513214,496.842703,7038,3612,0.016794,0.011651,472.926327,7038,82,DSDV,OLSR,AODV-AERS1,0.739738,0.664349,359.902317
79,TWO_CLUSTER,33,12.0456,1655.170522,3.467145,316964,179,9,2.665556,2,3.305453,89,19,54,0.097314,20,23,7,0.307685,0.839458,6.184075,3320,2787,0.298411,0.814157,5.116221,3320,2703,0.335506,0.915361,5.045732,3320,3039,0.305698,0.998918,4.443732,2772,2769,0.194966,0.531928,16.677875,3320,1766,0.335064,0.914157,4.907131,3320,3035,AODV-AERS3,OLSR,OLSR,0.335506,0.998918,4.443732
314,CORRIDOR,22,10.353271,1457.714772,7.332614,463489,310,10,2.190269,3,3.543008,81,14,45,0.039747,14,21,6,0.414073,0.819479,8.144392,2803,2297,0.403257,0.798073,6.949052,2803,2237,0.368826,0.729932,8.859415,2803,2046,0.062553,0.985795,5.393699,352,347,0,0,-1,2803,0,0.375495,0.743132,10.77716,2803,2083,AODV-AERS1,OLSR,OLSR,0.414073,0.985795,5.393699
296,TWO_CLUSTER,69,145.008327,689.807758,1.791788,1674219,416,5,2.415036,1,3.505257,150,18,95,0.114641,10,53,3,0.218093,0.122051,393.424468,7546,921,0.170733,0.095547,364.794667,7546,721,0.00592,0.003313,135.217887,7546,25,0.584659,0.390417,472.503618,6324,2469,0.536352,0.300159,497.022576,7546,2265,0.103718,0.058044,353.371475,7546,438,OLSR,OLSR,AODV-AERS3,0.584659,0.390417,135.217887
521,RING,25,10.015768,1579.89376,5.314992,304745,869,10,3.382477,4,4.419693,94,15,58,0.069799,0,12,7,0.273166,0.869102,16.599925,657,571,0.255466,0.812785,17.549077,657,534,0.266469,0.847793,18.390675,657,557,0.23633,0.978218,14.992168,505,494,0.16744,0.532725,70.66227,657,350,0.287997,0.916286,15.479168,657,602,AODV,OLSR,OLSR,0.287997,0.978218,14.992168
210,RING,45,15.471314,1705.464383,4.881449,301610,391,13,1.205314,3,3.946176,166,31,84,0.037614,10,32,8,0.247601,0.766252,10.841464,1446,1108,0.242908,0.751729,11.320584,1446,1087,0.295423,0.914246,7.78468,1446,1322,0.255199,0.998252,6.283172,1144,1142,0.171399,0.530429,43.890766,1446,767,0.295199,0.913555,7.810603,1446,1321,AODV-AERS3,OLSR,OLSR,0.295423,0.998252,6.283172
411,LINE,73,257.730428,532.204549,5.906081,690956,1269,9,2.666211,1,1.641229,89,14,61,0.105241,0,72,2,0,0,-1,1020,0,0.101685,0.144118,246.016687,1020,147,0.079549,0.112745,136.759109,1020,115,0.429566,0.608824,17.139325,1020,621,0.303671,0.430392,13.225217,1020,439,0.273926,0.388235,9.666188,1020,396,OLSR,OLSR,AODV,0.429566,0.608824,9.666188
258,HOTSPOT,35,13.102667,1634.384275,9.570392,162077,1342,7,2.933179,4,5.261798,47,7,31,0.137045,27,34,-1,0,0,-1,226,0,0,0,-1,226,0,0,0,-1,226,0,0,0,-1,0,0,0,0,-1,226,0,0,0,-1,226,0,NONE,NONE,NONE,0,0,-1
557,RING,44,61.373357,846.713333,17.285807,472798,1207,8,3.146487,1,4.385,109,15,54,0.085802,1,24,4,0.310232,0.641689,18.676458,734,471,0.007904,0.016349,433.995385,734,12,0.002635,0.00545,43.948755,734,4,0.104069,0.254019,7.211837,622,158,0.389272,0.805177,14.616993,734,591,0.095507,0.197548,108.989529,734,145,DSDV,DSDV,OLSR,0.389272,0.805177,7.211837
650,LINE,33,11.613974,1685.646688,12.83415,607121,602,10,0.742928,1,4.918574,91,15,57,0.136976,0,32,7,0.4788,0.753968,12.776549,1890,1425,0.324912,0.51164,14.508234,1890,967,0.51408,0.809524,11.943603,1890,1530,0,0,-1,848,0,0,0,-1,1890,0,0.405216,0.638095,15.112479,1890,1206,AODV-AERS3,AODV-AERS3,AODV-AERS3,0.51408,0.809524,11.943603
691,CORRIDOR,54,48.974772,1050.051663,10.951747,481198,232,11,1.87316,3,1.69835,37,5,17,0.144436,46,48,4,0.123413,0.228909,247.431008,3888,890,0.089163,0.165381,21.764926,3888,643,0.250155,0.463992,189.769976,3888,1804,0.227968,0.881501,80.086806,1865,1644,0.244469,0.453447,246.615794,3888,1763,0.416555,0.772634,13.81077,3888,3004,AODV,OLSR,AODV,0.416555,0.881501,13.81077
162,LINE,51,80.147928,797.698798,0.642447,2099076,734,9,1.462762,3,5.961164,104,24,49,0.15649,0,50,3,0.57912,0.265759,434.868732,5362,1425,0.607162,0.278627,378.68637,5362,1494,0.52263,0.239836,380.490317,5362,1286,0.983488,0.561876,570.217707,4307,2420,1.197254,0.549422,574.942458,5362,2946,0.625856,0.287206,390.774513,5362,1540,DSDV,OLSR,AODV-AERS2,1.197254,0.561876,378.68637
623,GRID,64,283.313716,475.287275,2.907652,601156,449,8,0.500592,3,3.510185,71,16,34,0.025952,0,63,3,0.237101,0.371315,78.803521,2510,932,0.235574,0.368924,119.159576,2510,926,0.202248,0.316733,116.561025,2510,795,0.243715,0.447873,12.314583,2139,958,0.604963,0.94741,74.513072,2510,2378,0.062837,0.098406,275.480957,2510,247,DSDV,DSDV,OLSR,0.604963,0.94741,12.314583
365,RANDOM,22,9.455514,1525.347406,9.52527,1743363,862,7,3.016952,4,4.959954,72,15,50,0.15392,10,20,-1,0,0,-1,3792,0,0,0,-1,3792,0,0,0,-1,3792,0,0,0,-1,0,0,0,0,-1,3792,0,0,0,-1,3792,0,NONE,NONE,NONE,0,0,-1
661,HOTSPOT,39,50.990312,874.557706,3.515682,518206,711,10,0.612672,4,4.854685,122,26,85,0.074789,27,29,4,0.527745,0.980234,4.635941,1366,1339,0.467836,0.86896,30.668925,1366,1187,0.522621,0.970717,5.25175,1366,1326,0.327919,0.747529,8.062831,1113,832,0.376003,0.698389,29.080926,1366,954,0.521438,0.968521,6.555136,1366,1323,AODV-AERS1,AODV-AERS1,AODV-AERS1,0.527745,0.980234,4.635941
698,RANDOM,62,76.040562,902.969716,9.532649,529425,1263,12,2.255423,3,4.600052,145,19,71,0.174244,10,27,6,0.515711,0.95414,11.794671,785,749,0.460629,0.852229,15.435503,785,669,0.492301,0.910828,18.229396,785,715,0.232724,0.530612,22.576179,637,338,0,0,-1,785,0,0.453055,0.838217,14.789215,785,658,AODV-AERS1,AODV-AERS1,AODV-AERS1,0.515711,0.95414,11.794671
747,GRID,49,155.230525,561.835888,7.932277,953247,206,5,2.937369,4,5.189055,81,10,36,0.154402,0,48,3,0.09073,0.083794,339.088867,8676,727,0.247728,0.228792,478.672777,8676,1985,0.125798,0.116183,354.835983,8676,1008,0.24361,0.271526,426.541289,7189,1952,0.313622,0.28965,500.004378,8676,2513,0.181709,0.167819,464.189446,8676,1456,DSDV,DSDV,AODV-AERS1,0.313622,0.28965,339.088867
569,HOTSPOT,44,53.038558,910.815653,11.58993,1048747,1049,8,2.013218,2,1.154877,43,8,24,0.022486,32,38,5,0.577272,0.536286,105.915565,1874,1005,0.858154,0.797225,7.059283,1874,1494,0.964418,0.895945,9.732338,1874,1679,0.440565,0.837336,60.411916,916,767,0.31075,0.288687,256.048111,1874,541,0.952355,0.884739,11.574332,1874,1658,AODV-AERS3,AODV-AERS3,AODV-AERS2,0.964418,0.895945,7.059283
10,HOTSPOT,42,20.348264,1436.683042,3.233507,270102,937,5,3.283319,4,2.242512,124,23,83,0.126969,30,37,-1,0,0,-1,540,0,0,0,-1,540,0,0,0,-1,540,0,0,0,-1,0,0,0,0,-1,540,0,0,0,-1,540,0,NONE,NONE,NONE,0,0,-1
57,CORRIDOR,32,67.155963,690.291777,8.536822,232324,914,6,1.128228,3,5.179729,67,16,44,0.036988,10,27,3,0.235626,0.985294,6.554189,476,469,0.235626,0.985294,5.434189,476,469,0.235626,0.985294,5.490984,476,469,0.119069,0.591022,52.56246,401,237,0.176342,0.737395,10.107478,476,351,0.235123,0.983193,5.940188,476,468,AODV-AERS1,AODV-AERS1,AODV-AERS2,0.235626,0.985294,5.434189
117,GRID,32,53.054826,776.627102,4.205477,825450,239,11,2.258824,3,1.073871,29,6,15,0.139625,5,30,5,0.235957,0.255907,387.417437,6475,1657,0.094269,0.102239,330.872774,6475,662,0.146102,0.158456,399.604429,6475,1026,0.409258,0.549837,433.700224,5227,2874,0.316982,0.343784,481.040699,6475,2226,0.523035,0.567259,382.45459,6475,3673,AODV,AODV,AODV-AERS2,0.523035,0.567259,330.872774
47,TWO_CLUSTER,40,23.109999,1315.618694,3.699409,144317,285,7,2.58363,2,2.204473,169,31,113,0.157773,22,25,5,0.151409,0.955743,6.476222,949,907,0.139556,0.880927,42.314298,949,836,0.151075,0.953635,6.555559,949,905,0.1252,0.971503,16.809678,772,750,0,0,-1,949,0,0.144397,0.911486,9.987883,949,865,AODV-AERS1,OLSR,AODV-AERS1,0.151409,0.971503,6.476222
369,GRID,70,40.097147,1321.272158,9.745034,220524,466,10,1.909173,3,3.510924,35,7,17,0.062262,8,63,8,0.172571,0.738444,15.138894,887,655,0.077196,0.330327,20.377485,887,293,0.190223,0.81398,15.193315,887,722,0.03346,0.179887,22.675569,706,127,0.107758,0.461105,52.527718,887,409,0.162295,0.694476,19.255064,887,616,AODV-AERS3,AODV-AERS3,AODV-AERS1,0.190223,0.81398,15.138894
383,GRID,74,112.668131,810.429638,1.933894,1923661,1258,9,2.207787,3,1.233398,77,15,35,0.167068,8,72,4,0.080932,0.041158,554.828696,2867,118,0.592589,0.30136,329.807133,2867,864,0.713301,0.362749,283.530172,2867,1040,0.273661,0.170732,345.922339,2337,399,0.659118,0.335194,569.65324,2867,961,0.314813,0.160098,316.765839,2867,459,AODV-AERS3,AODV-AERS3,AODV-AERS3,0.713301,0.362749,283.530172
817,CORRIDOR,46,27.104496,1302.741498,9.513371,298497,154,13,1.593057,2,5.579029,39,7,21,0.189009,30,41,6,0.199084,0.564392,18.205019,3634,2051,0.158219,0.448542,30.179892,3634,1630,0.181806,0.51541,7.113164,3634,1873,0.131137,0.836533,3.283428,1615,1351,0.280814,0.796092,29.467821,3634,2893,0.117451,0.332966,9.325809,3634,1210,DSDV,OLSR,OLSR,0.280814,0.836533,3.283428
74,GRID,38,13.832082,1657.478971,10.133972,88350,301,18,2.005196,1,1.957677,55,13,36,0.090047,6,35,11,0,0,-1,550,0,0,0,-1,550,0,0,0,-1,550,0,0,0,-1,0,0,0,0,-1,550,0,0,0,-1,550,0,NONE,NONE,NONE,0,0,-1
573,TWO_CLUSTER,34,42.376757,895.726864,13.539451,564264,240,11,1.894108,4,2.436026,149,34,103,0.1733,30,31,4,0,0,-1,4408,0,0.445094,0.706443,95.346749,4408,3114,0.486831,0.772686,25.048619,4408,3406,0.03459,0.444853,481.715419,544,242,0.426799,0.677405,73.841376,4408,2986,0.213257,0.338475,33.220988,4408,1492,AODV-AERS3,AODV-AERS3,AODV-AERS3,0.486831,0.772686,25.048619
583,HOTSPOT,47,23.820327,1404.672462,8.049345,837742,434,13,1.542086,4,3.395345,32,5,18,0.191108,34,41,7,0.5236,0.587179,25.181679,3619,2125,0.437114,0.490191,9.085121,3619,1774,0.52089,0.584139,17.869538,3619,2114,0.310218,0.74497,60.870007,1690,1259,0,0,-1,3619,0,0.570909,0.640232,7.454867,3619,2317,AODV,OLSR,AODV,0.570909,0.74497,7.454867
232,RANDOM,53,102.26622,719.899434,8.118102,295466,723,8,3.087063,3,3.475951,105,25,60,0.162222,38,39,4,0.269158,0.877285,13.610052,766,672,0.284379,0.926893,10.382912,766,710,0,0,-1,766,0,0.156208,0.629032,37.489532,620,390,0.286381,0.93342,17.083341,766,715,0.268357,0.874674,18.861964,766,670,DSDV,DSDV,AODV-AERS2,0.286381,0.93342,10.382912
71,CORRIDOR,36,14.061067,1600.08155,7.3152,109864,735,14,0.881548,1,4.168481,166,34,88,0.083132,14,18,7,0.080573,0.707143,34.296878,280,198,0.091153,0.8,46.642645,280,224,0.081387,0.714286,27.873153,280,200,0.012615,0.147619,9.444021,210,31,0.053715,0.471429,60.892817,280,132,0.049646,0.435714,65.580605,280,122,AODV-AERS2,AODV-AERS2,OLSR,0.091153,0.8,9.444021
591,TWO_CLUSTER,52,158.382268,572.991781,3.39702,920329,304,6,2.254166,2,5.64419,120,16,58,0.0748,11,12,2,0.121999,0.121388,192.990173,5676,689,0.184503,0.18358,182.770284,5676,1042,0.459311,0.457012,213.11738,5676,2594,0.583966,0.670871,126.5397,4916,3298,0.578123,0.575229,403.101504,5676,3265,0.029039,0.028894,44.118775,5676,164,OLSR,OLSR,AODV,0.583966,0.670871,44.118775
29,HOTSPOT,73,198.97241,605.710357,1.691999,1053918,243,9,1.648311,2,3.336302,145,20,97,0.106263,57,61,3,0.360611,0.306813,362.278722,8132,2495,0.350349,0.298082,396.795237,8132,2424,0.129791,0.110428,591.906046,8132,898,0.397611,0.392271,513.626991,7013,2751,0.694772,0.591121,443.774036,8132,4807,0.385904,0.328333,383.72615,8132,2670,DSDV,DSDV,AODV-AERS1,0.694772,0.591121,362.278722
163,CORRIDOR,54,256.972377,458.409553,0.434104,1195996,1267,5,0.965467,1,3.909318,70,9,42,0.115803,14,19,2,1.214192,0.993782,3.801162,1769,1758,1.219027,0.997739,4.826758,1769,1765,0,0,-1,1769,0,1.14996,0.994624,8.175039,1674,1665,1.179659,0.965517,19.342392,1769,1708,0.531123,0.434709,120.683071,1769,769,AODV-AERS2,AODV-AERS2,AODV-AERS1,1.219027,0.997739,3.801162
321,LINE,64,150.203987,652.753572,4.729348,344582,319,8,3.195648,3,3.93485,133,22,92,0.104115,0,63,3,0.181921,0.485432,85.594677,2025,983,0.255022,0.680494,46.535484,2025,1378,0.060702,0.161975,101.739832,2025,328,0.191544,0.995192,5.044296,1040,1035,0.13991,0.373333,66.005378,2025,756,0.078283,0.208889,30.035548,2025,423,AODV-AERS2,OLSR,OLSR,0.255022,0.995192,5.044296
984,TWO_CLUSTER,64,92.006313,834.029042,11.828894,474625,146,10,3.455111,3,4.275524,51,7,33,0.037245,26,31,3,0.047699,0.084331,203.070548,6095,514,0.000278,0.000492,1056.315282,6095,3,0.18495,0.326989,422.510657,6095,1993,0.095677,0.204361,208.083201,5045,1031,0.170195,0.300902,429.653967,6095,1834,0.000093,0.000164,416.319741,6095,1,AODV-AERS3,AODV-AERS3,AODV-AERS1,0.18495,0.326989,203.070548
192,RANDOM,66,62.533429,1027.343894,12.139108,667378,937,13,2.940665,2,3.750691,88,12,55,0.119647,19,46,7,0.287699,0.418727,37.229986,1335,559,0.034483,0.050187,75.882054,1335,67,0.223365,0.325094,24.737507,1335,434,0.14668,0.272206,112.2747,1047,285,0.286669,0.417228,56.640396,1335,557,0.567677,0.826217,14.974259,1335,1103,AODV,AODV,AODV,0.567677,0.826217,14.974259
655,TWO_CLUSTER,32,13.958776,1514.08871,7.181335,633070,497,11,1.521161,3,2.84724,38,5,24,0.031241,27,30,6,0.57008,0.852596,6.793588,2388,2036,0.48524,0.725712,7.612737,2388,1733,0.56532,0.845477,6.922609,2388,2019,0.43512,0.827036,5.50433,1879,1554,0.6678,0.998744,8.821994,2388,2385,0.58912,0.881072,6.839932,2388,2104,DSDV,DSDV,OLSR,0.6678,0.998744,5.50433
812,RANDOM,73,362.870793,448.523728,4.230432,1784226,415,9,2.158566,2,1.226468,84,11,54,0.18269,1,29,3,0.1101,0.057809,330.411689,8061,466,0.07466,0.039201,334.600723,8061,316,0.084347,0.044287,473.447096,8061,357,0.304311,0.358176,363.434252,3596,1288,0.507501,0.266468,456.003353,8061,2148,0.158535,0.08324,370.94344,8061,671,DSDV,OLSR,AODV-AERS1,0.507501,0.358176,330.411689
148,HOTSPOT,50,70.58996,841.615127,5.003347,1326906,1159,9,1.978717,4,5.748732,129,20,85,0.196331,43,49,5,1.205992,0.887698,9.277267,2146,1905,1.266133,0.931966,10.219426,2146,2000,1.243976,0.915657,9.910522,2146,1965,0.631801,0.993035,28.355384,1005,998,0.628635,0.462721,33.895182,2146,993,1.205992,0.887698,9.679504,2146,1905,AODV-AERS2,OLSR,AODV-AERS1,1.266133,0.993035,9.277267
987,RANDOM,27,18.041459,1223.336849,13.261349,234639,1315,15,0.508675,1,2.591656,63,12,34,0.126942,4,22,8,0.098845,0.413174,187.571452,334,138,0.100277,0.419162,190.987603,334,140,0.089533,0.374251,80.881377,334,125,0,0,-1,0,0,0,0,-1,334,0,0.050139,0.209581,120.778186,334,70,AODV-AERS2,AODV-AERS2,AODV-AERS3,0.100277,0.419162,80.881377
90,LINE,53,66.464555,892.982368,13.297936,176806,259,10,1.924091,1,3.304704,90,22,45,0.025918,0,52,4,0.163169,0.833464,10.978045,1279,1066,0,0,-1,1279,0,0.073166,0.373729,33.190295,1279,478,0.02847,0.182891,60.352589,1017,186,0,0,-1,1279,0,0.068115,0.347928,24.447966,1279,445,AODV-AERS1,AODV-AERS1,AODV-AERS1,0.163169,0.833464,10.978045
170,LINE,45,77.337539,762.800702,14.843781,216892,1361,9,1.559658,2,2.409995,156,20,71,0.141221,0,44,3,0.121491,0.550336,45.060262,298,164,0.217795,0.986577,7.770491,298,294,0.019261,0.087248,388.850932,298,26,0.04593,0.430556,9.921924,144,62,0.220758,1,17.577046,298,298,0,0,-1,298,0,DSDV,DSDV,AODV-AERS2,0.220758,1,7.770491
702,HOTSPOT,54,240.129823,474.213408,2.402727,1990640,241,6,3.38441,4,3.156798,78,15,53,0.049492,50,52,2,0.374018,0.168335,445.860613,15487,2607,0,0,-1,15487,0,0.225817,0.101634,342.245238,15487,1574,0.217782,0.098018,403.685339,15487,1518,0.295398,0.13295,437.462163,15487,2059,0.288511,0.129851,359.274806,15487,2011,AODV-AERS1,AODV-AERS1,AODV-AERS3,0.374018,0.168335,342.245238
509,LINE,42,44.190038,974.905357,7.30719,812243,396,9,3.357872,1,5.873432,111,22,71,0.098515,0,41,4,0.001357,0.00156,131.152753,3845,6,0.523499,0.602081,22.822069,3845,2315,0.796894,0.916515,7.25245,3845,3524,0.72634,0.995352,97.33888,3227,3212,0.323597,0.372172,104.603114,3845,1431,0.853427,0.981534,5.614651,3845,3774,AODV,OLSR,AODV,0.853427,0.995352,5.614651
601,GRID,51,122.901233,644.179602,3.124258,1496900,1380,11,1.009992,2,3.863225,93,14,53,0.081042,7,48,4,0.702874,0.460403,44.79274,2033,936,0.938667,0.614855,71.554814,2033,1250,1.297613,0.849975,10.225791,2033,1728,1.065574,0.826923,65.30801,1716,1419,1.398989,0.91638,225.787785,2033,1863,1.293858,0.847516,11.143549,2033,1723,DSDV,DSDV,AODV-AERS3,1.398989,0.91638,10.225791
683,GRID,55,165.452272,576.560622,1.974645,1592136,140,9,1.666037,1,4.37427,176,33,98,0.096529,7,48,4,0.14793,0.077428,598.894582,21323,1651,0.276954,0.144961,542.281628,21323,3091,0.231706,0.121277,541.491057,21323,2586,0.295142,0.184558,879.996814,17848,3294,0.367539,0.192374,1326.082972,21323,4102,0.274803,0.143835,495.777638,21323,3067,DSDV,DSDV,AODV,0.367539,0.192374,495.777638
933,GRID,44,29.422472,1222.888204,13.675958,476024,549,14,2.168822,3,2.673497,126,18,88,0.146607,6,42,8,0.132018,0.264,13.658655,1625,429,0.377589,0.755077,11.890112,1625,1227,0.278806,0.557538,10.089755,1625,906,0.136326,0.349369,40.955796,1268,443,0.077241,0.154462,127.374696,1625,251,0.248649,0.497231,11.037515,1625,808,AODV-AERS2,AODV-AERS2,AODV-AERS3,0.377589,0.755077,10.089755
841,HOTSPOT,45,68.82956,808.572114,1.988822,1624850,953,7,2.589574,2,5.319271,169,40,114,0.179027,33,35,4,1.43723,0.859512,397.319758,3196,2747,1.170398,0.699937,395.630851,3196,2237,1.089302,0.651439,321.376731,3196,2082,1.145285,0.837734,649.308448,2613,2189,0.758117,0.453379,360.003706,3196,1449,1.434091,0.857635,396.516344,3196,2741,AODV-AERS1,AODV-AERS1,AODV-AERS3,1.43723,0.859512,321.376731
431,HOTSPOT,34,95.700847,596.048457,5.369499,919432,768,8,1.981921,3,1.837853,164,26,110,0.15977,25,33,3,0.732745,0.769162,46.557274,2244,1726,0.872416,0.915775,5.733485,2244,2055,0.645715,0.677807,16.612058,2244,1521,0.452553,0.574663,29.830624,1855,1066,0.929303,0.97549,16.53277,2244,2189,0.90553,0.950535,5.240119,2244,2133,DSDV,DSDV,AODV,0.929303,0.97549,5.240119
471,GRID,60,208.820508,536.029944,6.498541,1135480,244,10,2.026172,4,4.96436,59,12,29,0.021984,7,56,3,0.187136,0.147851,373.21913,8725,1290,0.278673,0.220172,407.734604,8725,1921,0.102852,0.081261,409.868286,8725,709,0.216585,0.205789,396.194922,7255,1493,0.530944,0.419484,601.857341,8725,3660,0.232977,0.184069,417.73637,8725,1606,DSDV,DSDV,AODV-AERS1,0.530944,0.419484,373.21913
844,TWO_CLUSTER,59,67.112972,937.611165,8.235162,591186,205,7,2.885454,3,1.765206,50,12,27,0.138761,29,44,4,0.438537,0.652672,270.558984,5407,3529,0.042499,0.063251,119.389119,5407,342,0.356521,0.530608,323.038183,5407,2869,0.249403,0.453252,254.992385,4428,2007,0.589521,0.877381,327.648226,5407,4744,0.308057,0.45848,295.199419,5407,2479,DSDV,DSDV,AODV-AERS2,0.589521,0.877381,119.389119
4,HOTSPOT,59,26.712488,1486.171193,1.909471,1225481,1124,8,3.157159,1,5.44743,131,27,75,0.145102,46,55,-1,0,0,-1,2044,0,0,0,-1,2044,0,0,0,-1,2044,0,0,0,-1,0,0,0,0,-1,2044,0,0,0,-1,2044,0,NONE,NONE,NONE,0,0,-1
303,RANDOM,59,183.869374,566.462686,4.959754,1049696,736,10,1.349213,3,4.465718,113,15,66,0.146516,27,37,3,0.351644,0.322737,208.075562,2674,863,0.956324,0.877711,6.109759,2674,2347,0.884203,0.811518,19.200004,2674,2170,0.780299,0.834423,14.165594,2295,1915,0.920467,0.844802,130.994414,2674,2259,0,0,-1,2674,0,AODV-AERS2,AODV-AERS2,AODV-AERS2,0.956324,0.877711,6.109759
592,GRID,48,38.261424,1120.056811,1.745994,1754665,1295,13,1.14428,2,1.453275,129,19,72,0.137459,6,42,6,1.560787,0.870866,71.566337,2540,2212,1.286309,0.717717,255.168348,2540,1823,1.472587,0.821654,96.749663,2540,2087,1.272902,0.884747,386.250784,2039,1804,1.673683,0.933858,443.828003,2540,2372,1.136016,0.633858,77.331403,2540,1610,DSDV,DSDV,AODV-AERS1,1.673683,0.933858,71.566337
351,GRID,34,51.697463,810.970099,11.513976,592142,167,12,2.794919,2,5.89234,177,22,103,0.091109,5,30,5,0.373464,0.540162,420.593866,6648,3591,0.419328,0.606498,352.936358,6648,4032,0.39104,0.565584,322.639724,6648,3760,0.40612,0.714416,511.601822,5466,3905,0.279656,0.404483,451.283032,6648,2689,0.0052,0.007521,328.853659,6648,50,AODV-AERS2,OLSR,AODV-AERS3,0.419328,0.714416,322.639724
538,LINE,53,41.972313,1123.715786,17.04611,171639,1207,10,3.173309,3,2.41791,30,6,16,0.028896,0,52,5,0.113949,0.650376,30.537095,266,173,0,0,-1,266,0,0.071136,0.406015,58.583197,266,108,0,0,-1,0,0,0.019101,0.109023,19.307489,266,29,0.098141,0.56015,114.007518,266,149,AODV-AERS1,AODV-AERS1,DSDV,0.113949,0.650376,19.307489
470,CORRIDOR,64,34.349774,1364.985523,12.141775,275701,1214,9,1.24971,4,3.08406,172,42,107,0.092979,17,34,6,0.222566,0.790588,39.515321,425,336,0.009936,0.035294,202.476785,425,15,0.18481,0.656471,56.853221,425,279,0.005299,0.039409,198.643785,203,8,0.21528,0.764706,65.200042,425,325,0.164938,0.585882,36.500745,425,249,AODV-AERS1,AODV-AERS1,AODV,0.222566,0.790588,36.500745
632,LINE,75,215.930125,589.350985,0.158715,1045496,134,10,0.657821,1,2.198613,106,16,50,0.083905,0,74,3,0.099446,0.078679,336.318114,14629,1151,0.050198,0.039716,402.540551,14629,581,0.194054,0.153531,438.741135,14629,2246,0.175306,0.365586,528.455994,5550,2029,0.442627,0.350195,487.645791,14629,5123,0.055987,0.044296,341.206973,14629,648,DSDV,OLSR,AODV-AERS1,0.442627,0.365586,336.318114
743,CORRIDOR,43,28.860742,1220.61999,9.623244,303847,1077,10,0.808283,3,4.164433,58,13,40,0.09799,20,27,5,0.021216,0.068182,67.926585,528,36,0.275808,0.886364,20.181128,528,468,0.242805,0.780303,19.351898,528,412,0.087221,0.359223,37.599133,412,148,0.291131,0.935606,13.610619,528,494,0.278165,0.893939,18.691531,528,472,DSDV,DSDV,DSDV,0.291131,0.935606,13.610619
287,TWO_CLUSTER,64,63.924711,1000.588714,8.457027,275425,134,8,2.393986,1,1.716065,99,14,59,0.181711,20,45,4,0.265507,0.79756,8.900267,3853,3073,0.069898,0.209966,41.921594,3853,809,0.09504,0.285492,69.556769,3853,1100,0.087264,0.316614,238.127429,3190,1010,0.290218,0.871788,59.970553,3853,3359,0.043286,0.130029,74.482993,3853,501,DSDV,DSDV,AODV-AERS1,0.290218,0.871788,8.900267
43,TWO_CLUSTER,30,24.44987,1107.700488,8.497308,1145081,300,7,2.614286,2,1.265579,162,24,85,0.045985,7,16,5,0.623812,0.498323,401.126318,7156,3566,0.572907,0.457658,430.306546,7156,3275,0.515529,0.411822,429.848847,7156,2947,0.394999,0.44007,533.306958,5131,2258,0.526374,0.420486,474.050908,7156,3009,0.633259,0.505869,384.193499,7156,3620,AODV,AODV,AODV,0.633259,0.505869,384.193499
909,HOTSPOT,24,29.560656,901.049374,12.561746,497917,1190,8,2.875389,4,5.457486,99,14,66,0.156887,20,21,5,0.402102,0.789541,14.050734,784,619,0.446925,0.877551,15.918617,784,688,0.293619,0.576531,21.18683,784,452,0.207222,0.850667,29.463122,375,319,0,0,-1,784,0,0.429386,0.843112,16.439196,784,661,AODV-AERS2,AODV-AERS2,AODV-AERS1,0.446925,0.877551,14.050734
584,LINE,31,9.207954,1834.844526,14.465356,496563,1306,15,1.583476,2,2.856393,25,5,14,0.030185,0,30,8,0.449647,0.88764,19.447042,712,632,0.398421,0.786517,21.292062,712,560,0.456762,0.901685,18.245871,712,642,0,0,-1,0,0,0.389884,0.769663,42.989768,712,548,0.463165,0.914326,17.781183,712,651,AODV,AODV,AODV,0.463165,0.914326,17.781183
520,HOTSPOT,28,23.747447,1085.851798,1.198542,290089,517,8,2.902353,4,1.009161,78,10,49,0.134132,24,26,5,0,0,-1,1052,0,0.245613,0.803232,11.103872,1052,845,0.272355,0.890684,7.894484,1052,937,0.147659,0.587963,11.297721,864,508,0.220616,0.721483,10.22819,1052,759,0.231661,0.757605,13.617374,1052,797,AODV-AERS3,AODV-AERS3,AODV-AERS3,0.272355,0.890684,7.894484
504,GRID,28,41.05642,825.825856,13.377504,329297,718,8,1.678468,4,2.616176,110,24,75,0.06578,5,24,5,0.214052,0.62631,47.165961,859,538,0.11936,0.349243,6.918565,859,300,0.309938,0.906868,11.005833,859,779,0.098671,0.346853,8.13257,715,248,0.058486,0.171129,29.149227,859,147,0.313519,0.917346,10.865247,859,788,AODV,AODV,AODV-AERS2,0.313519,0.917346,6.918565
640,LINE,52,272.454735,436.872283,2.838143,1062004,1220,5,0.72005,4,1.144378,55,9,35,0.141511,0,51,2,0.995738,0.916667,4.889272,1632,1496,1.082266,0.996324,3.578773,1632,1626,0,0,-1,1632,0,0.48855,0.449755,54.173253,1632,734,0.835328,0.768995,22.930386,1632,1255,1.014374,0.933824,5.20861,1632,1524,AODV-AERS2,AODV-AERS2,AODV-AERS2,1.082266,0.996324,3.578773
161,RING,66,126.449011,722.460737,1.5558,1195525,608,10,0.564853,3,1.657261,57,8,39,0.154321,29,65,3,0.976218,0.780792,18.795262,3686,2878,0.522029,0.417526,356.679753,3686,1539,0,0,-1,3686,0,1.009798,0.962496,40.717653,3093,2977,1.090867,0.872491,278.81834,3686,3216,0.230656,0.184482,42.593252,3686,680,DSDV,OLSR,AODV-AERS1,1.090867,0.962496,18.795262
561,TWO_CLUSTER,31,32.831545,971.706677,5.335509,642944,262,11,3.10295,3,5.147508,57,7,37,0.173183,9,12,4,0.697856,0.980656,10.067858,4601,4512,0.655168,0.920669,75.387344,4601,4236,0.696309,0.978483,7.317828,4601,4502,0.579227,0.997071,9.944827,3756,3745,0.651147,0.915018,41.472585,4601,4210,0.664448,0.93371,204.599028,4601,4296,AODV-AERS1,OLSR,AODV-AERS3,0.697856,0.997071,7.317828
417,RANDOM,44,46.13332,976.605087,7.524065,926690,255,13,2.437867,3,5.025068,65,15,30,0.177259,14,24,7,0.504268,0.490386,389.980337,6813,3341,0.25719,0.25011,388.469814,6813,1704,0.262624,0.255394,458.341239,6813,1740,0.004679,0.013058,69.945698,2374,31,0.115766,0.112579,666.564875,6813,767,0.062788,0.06106,316.570947,6813,416,AODV-AERS1,AODV-AERS1,OLSR,0.504268,0.490386,69.945698
900,RING,45,82.818632,737.126851,1.437867,1291257,1075,10,2.197569,4,3.403438,93,14,52,0.176872,14,35,3,0.808867,0.610568,14.060603,2252,1375,1.210065,0.91341,5.793859,2252,2057,1.213594,0.916075,7.908417,2252,2063,1.103,1,4.03492,1875,1875,1.22183,0.922291,13.071651,2252,2077,1.072998,0.809947,9.218744,2252,1824,DSDV,OLSR,OLSR,1.22183,1,4.03492
370,RING,48,47.130257,1009.184834,5.675736,588060,253,8,1.584198,1,4.972641,174,24,100,0.199478,2,28,4,0.005695,0.00872,98.877688,4358,38,0.609058,0.932538,5.111898,4358,4064,0.603963,0.924736,8.17125,4358,4030,0.240236,0.433478,73.799782,3698,1603,0.475227,0.727627,95.09846,4358,3171,0.517939,0.793024,7.779423,4358,3456,AODV-AERS2,AODV-AERS2,AODV-AERS2,0.609058,0.932538,5.111898
890,CORRIDOR,21,9.198384,1510.963195,1.350865,422957,1323,13,0.571557,1,1.38318,50,10,25,0.10618,5,14,7,0.395573,0.916528,17.383901,599,549,0.373236,0.864775,19.486506,599,518,0.396293,0.918197,17.287251,599,550,0.333607,1,10.351102,463,463,0.049717,0.115192,11.401942,599,69,0.396293,0.918197,17.223025,599,550,AODV-AERS3,OLSR,OLSR,0.396293,1,10.351102
682,CORRIDOR,42,12.114152,1861.993431,13.349581,590553,134,10,1.134462,4,4.642781,145,21,93,0.060705,30,39,8,0.130291,0.1825,373.963846,8263,1508,0.013478,0.018879,140.376793,8263,156,0.080006,0.112066,399.313503,8263,926,0,0,-1,0,0,0.095472,0.133729,566.258298,8263,1105,0.114912,0.160958,320.774289,8263,1330,AODV-AERS1,AODV-AERS1,AODV-AERS2,0.130291,0.1825,140.376793
426,CORRIDOR,64,359.277648,422.060674,2.292875,1647000,1342,7,2.436555,4,5.668557,87,12,41,0.190495,29,41,2,0,0,-1,2301,0,0.826384,0.491525,56.315151,2301,1131,0.105947,0.063016,11.083149,2301,145,1.163221,0.781158,51.49472,2038,1592,1.535131,0.913081,13.670313,2301,2101,0,0,-1,2301,0,DSDV,DSDV,AODV-AERS3,1.535131,0.913081,11.083149
929,CORRIDOR,45,26.942903,1292.361646,14.15473,467641,1106,8,1.768262,1,2.776511,136,18,73,0.069075,11,12,5,0.408845,0.853535,15.592288,792,676,0.343526,0.717172,24.899394,792,568,0.436061,0.910354,13.420996,792,721,0.017539,0.046032,8.486729,630,29,0.168739,0.352273,78.903717,792,279,0.25825,0.539141,41.338578,792,427,AODV-AERS3,AODV-AERS3,OLSR,0.436061,0.910354,8.486729
676,CORRIDOR,35,46.139664,870.957186,7.961887,174992,861,7,2.621437,1,4.829807,145,33,70,0.058161,4,32,4,0.154567,0.855643,22.215739,381,326,0.131809,0.729659,20.256301,381,278,0.176378,0.976378,12.252231,381,372,0.150774,1,4.589421,318,318,0.11237,0.622047,36.004102,381,237,0.154567,0.855643,19.319746,381,326,AODV-AERS3,OLSR,OLSR,0.176378,1,4.589421
363,GRID,30,28.926802,1018.381296,16.33209,304272,808,14,2.946574,2,5.057584,62,9,29,0.029603,0,29,8,0.076689,0.243626,36.764973,706,172,0.129747,0.412181,57.629054,706,291,0.090957,0.288952,28.829187,706,204,0.001338,0.005245,1027.895247,572,3,0,0,-1,706,0,0.200194,0.635977,136.284999,706,449,AODV,AODV,AODV-AERS3,0.200194,0.635977,28.829187
151,LINE,62,58.418045,1030.201877,11.730943,1325228,1099,6,2.160735,3,4.814034,149,25,68,0.09174,0,61,4,0.916026,0.674336,18.845704,2260,1524,0.491673,0.361947,116.149676,2260,818,1.296501,0.954425,13.42017,2260,2157,0.370858,0.328716,29.053577,1877,617,0.257257,0.189381,69.193903,2260,428,0.699642,0.515044,99.920933,2260,1164,AODV-AERS3,AODV-AERS3,AODV-AERS3,1.296501,0.954425,13.42017
805,RANDOM,41,36.757718,1056.130682,7.225527,895721,263,15,2.823422,4,3.688598,29,5,19,0.09013,11,35,8,0.514333,0.519029,406.34728,6385,3314,0,0,-1,6385,0,0.321264,0.324197,426.451852,6385,2070,0.043611,0.100143,531.512004,2806,281,0,0,-1,6385,0,0.502227,0.506813,355.922426,6385,3236,AODV-AERS1,AODV-AERS1,AODV,0.514333,0.519029,355.922426
100,HOTSPOT,43,60.431342,843.535002,15.752198,2163273,649,6,2.328773,1,1.759816,66,9,32,0.117102,30,31,4,0.790736,0.350456,422.032744,6249,2190,0.92397,0.409506,428.145672,6249,2559,0.617785,0.273804,404.122391,6249,1711,0.638005,0.347698,601.592323,5082,1767,0.548099,0.242919,648.284356,6249,1518,0.455305,0.201792,408.980287,6249,1261,AODV-AERS2,AODV-AERS2,AODV-AERS3,0.92397,0.409506,404.122391
234,TWO_CLUSTER,27,58.608043,678.73973,9.415139,649269,630,5,2.114175,4,1.376137,28,6,18,0.130949,4,5,3,0.666422,0.982919,3.342429,1932,1899,0.603254,0.889752,4.662061,1932,1719,0.505695,0.745859,9.256701,1932,1441,0.56781,1,2.781146,1618,1618,0.309874,0.457039,22.394549,1932,883,0.621152,0.916149,5.118859,1932,1770,AODV-AERS1,OLSR,OLSR,0.666422,1,2.781146
458,RANDOM,66,67.840556,986.341417,17.897193,630568,256,10,1.227338,4,5.510422,52,12,35,0.09989,28,47,7,0.213114,0.304677,132.465131,4618,1407,0.103452,0.1479,141.343099,4618,683,0.050438,0.072109,99.420932,4618,333,0,0,-1,1990,0,0.169037,0.241663,433.324315,4618,1116,0.412292,0.589433,211.083523,4618,2722,AODV,AODV,AODV-AERS3,0.412292,0.589433,99.420932
580,CORRIDOR,49,18.472356,1628.68426,15.119572,1062102,1287,13,0.986905,1,4.695033,72,15,40,0.138628,30,36,7,0.824067,0.759535,21.289681,1547,1175,0.563872,0.519716,23.001721,1547,804,0.393448,0.362637,28.336406,1547,561,0,0,-1,0,0,0.420099,0.387201,123.567542,1547,599,0.61016,0.562379,30.182158,1547,870,AODV-AERS1,AODV-AERS1,AODV-AERS1,0.824067,0.759535,21.289681
787,TWO_CLUSTER,27,26.365176,1011.96746,8.043276,101312,783,10,3.25718,2,2.389355,162,39,94,0.164603,11,20,5,0.086939,0.830579,39.533823,242,201,0.088669,0.847107,34.439969,242,205,0.093427,0.892562,28.58441,242,216,0.023789,0.26699,164.041303,206,55,0.103808,0.991736,6.666074,242,240,0.100348,0.958678,14.270003,242,232,DSDV,DSDV,DSDV,0.103808,0.991736,6.666074
56,LINE,72,259.558954,526.681714,5.781848,1535385,1338,7,3.117447,1,5.806938,63,12,33,0.171865,0,71,2,0.282671,0.180381,142.33143,2151,388,0.642566,0.410042,102.691727,2151,882,0.761317,0.485821,26.758443,2151,1045,0.821786,0.829412,156.017051,1360,1128,1.392956,0.888889,9.041933,2151,1912,0,0,-1,2151,0,DSDV,DSDV,DSDV,1.392956,0.888889,9.041933
269,GRID,33,34.047793,984.492668,9.186551,459649,1294,9,1.118215,2,4.300698,133,26,81,0.088891,5,30,6,0.386377,0.822823,15.312602,666,548,0.382851,0.815315,23.858941,666,543,0.443487,0.944444,13.670034,666,629,0.210815,0.55268,49.630436,541,299,0.205174,0.436937,92.286796,666,291,0.427975,0.911411,14.267274,666,607,AODV-AERS3,AODV-AERS3,AODV-AERS3,0.443487,0.944444,13.670034
368,RANDOM,39,60.518086,802.767373,4.575819,1553447,424,8,1.382347,4,1.181173,108,14,61,0.10479,2,32,6,0.701263,0.423497,394.230502,6869,2909,0.595676,0.359732,409.152337,6869,2471,0.493222,0.29786,481.33492,6869,2046,0.526972,0.454281,601.746048,4812,2186,0.179113,0.108167,876.864583,6869,743,0.858438,0.518416,414.216198,6869,3561,AODV,AODV,AODV-AERS1,0.858438,0.518416,394.230502
480,RANDOM,49,177.628909,525.219952,4.811279,738461,753,5,1.571828,1,3.081739,85,19,55,0.195092,21,36,3,0.309484,0.404244,109.406795,1838,743,0.649375,0.848205,12.460467,1838,1559,0.35447,0.463003,45.987809,1838,851,0.392374,0.608527,55.235815,1548,942,0.761423,0.994559,33.136688,1838,1828,0.586062,0.765506,8.310573,1838,1407,DSDV,DSDV,AODV,0.761423,0.994559,8.310573
97,RANDOM,29,28.139358,1015.177328,15.21395,1992849,164,11,3.32928,2,4.674735,167,29,110,0.148463,10,23,9,0.247808,0.106215,470.038332,22784,2420,0.164966,0.070708,641.559174,22784,1611,0.237978,0.102001,470.004235,22784,2324,0.006758,0.006315,1941.766254,10451,66,0.037478,0.016064,580.078668,22784,366,0.162406,0.06961,516.060857,22784,1586,AODV-AERS1,AODV-AERS1,AODV-AERS3,0.247808,0.106215,470.004235
949,GRID,27,19.6899,1171.008723,10.73395,1423317,190,11,2.190219,2,4.916911,121,20,83,0.139905,5,24,9,0.222883,0.13649,382.207699,14045,1917,0.095455,0.058455,379.455938,14045,821,0.106035,0.064934,364.398255,14045,912,0,0,-1,0,0,0,0,-1,14045,0,0.122778,0.075187,356.743701,14045,1056,AODV-AERS1,AODV-AERS1,AODV,0.222883,0.13649,356.743701
453,TWO_CLUSTER,61,167.270518,603.886356,16.008667,677499,248,9,1.250624,1,2.234705,137,23,96,0.025809,48,53,3,0.558771,0.741117,17.17998,5122,3796,0.205491,0.27255,233.240391,5122,1396,0.28071,0.372316,81.697827,5122,1907,0.104954,0.163645,34.926157,4357,713,0,0,-1,5122,0,0,0,-1,5122,0,AODV-AERS1,AODV-AERS1,AODV-AERS1,0.558771,0.741117,17.17998
315,TWO_CLUSTER,62,35.591627,1319.841946,4.584774,1469386,1267,8,1.63714,2,2.663585,169,35,80,0.154878,14,49,6,0,0,-1,2174,0,0.150565,0.100276,178.635778,2174,218,0.291461,0.194112,269.393483,2174,422,0.680307,0.541804,28.007298,1818,985,0,0,-1,2174,0,0.511784,0.340846,235.365945,2174,741,OLSR,OLSR,OLSR,0.680307,0.541804,28.007298
262,CORRIDOR,75,209.568297,598.22952,5.637104,925568,1134,9,2.357622,3,4.124655,37,9,23,0.110467,41,64,3,0.034705,0.036601,504.635498,1530,56,0.001859,0.001961,1470.190224,1530,3,0.277021,0.292157,204.799138,1530,447,0.539168,0.731092,40.040243,1190,870,0.539788,0.569281,45.039082,1530,871,0.003099,0.003268,625.687717,1530,5,DSDV,OLSR,OLSR,0.539788,0.731092,40.040243
393,HOTSPOT,53,27.400726,1390.775089,10.207501,148079,1220,15,1.873166,1,1.229409,89,13,41,0.147994,37,51,8,0.119142,0.788546,90.36873,227,179,0.121805,0.806167,154.668747,227,183,0.137114,0.907489,31.574789,227,206,0.015309,0.134503,223.731975,171,23,0,0,-1,227,0,0.111821,0.740088,36.79293,227,168,AODV-AERS3,AODV-AERS3,AODV-AERS3,0.137114,0.907489,31.574789
665,CORRIDOR,51,73.598452,832.435797,11.18875,858022,225,9,0.772051,2,1.961097,50,12,29,0.135937,36,42,4,0.304545,0.315664,335.383648,7150,2257,0.319792,0.331469,393.83937,7150,2370,0.301711,0.312727,365.754136,7150,2236,0.278233,0.54972,361.087934,3751,2062,0,0,-1,7150,0,0.245039,0.253986,478.36142,7150,1816,AODV-AERS2,OLSR,AODV-AERS1,0.319792,0.54972,335.383648
379,GRID,40,96.769764,642.924764,8.567618,650875,410,8,2.814609,3,2.234319,122,20,85,0.104789,6,35,4,0.575824,0.828293,7.046486,2976,2465,0.603622,0.86828,5.761113,2976,2584,0.682112,0.981183,4.493412,2976,2920,0.396186,0.680851,6.754523,2491,1696,0.399456,0.574597,26.12916,2976,1710,0.682112,0.981183,4.485604,2976,2920,AODV-AERS3,AODV-AERS3,AODV,0.682112,0.981183,4.485604
750,RANDOM,36,68.154586,726.781242,8.780595,102367,932,13,0.994763,3,4.2393,164,35,90,0.112691,24,28,6,0.082944,0.790244,43.010341,205,162,0.08192,0.780488,49.86339,205,160,0.085504,0.814634,42.237126,205,167,0.02816,0.316092,7.473017,174,55,0.050688,0.482927,388.609988,205,99,0.059904,0.570732,23.922212,205,117,AODV-AERS3,AODV-AERS3,OLSR,0.085504,0.814634,7.473017
89,RING,49,25.928031,1374.71689,14.915324,373675,426,8,1.509726,4,2.345873,123,30,70,0.05411,22,47,6,0.299035,0.751217,8.050225,1644,1235,0.324943,0.816302,16.044484,1644,1342,0.2293,0.576034,13.400709,1644,947,0.103875,0.315906,105.927582,1358,429,0.262715,0.659976,11.678688,1644,1085,0.045279,0.113747,17.081759,1644,187,AODV-AERS2,AODV-AERS2,AODV-AERS1,0.324943,0.816302,8.050225
945,CORRIDOR,22,20.060699,1047.220932,2.160671,375149,1053,10,2.330937,3,5.141371,131,26,62,0.108203,5,7,4,0.363216,0.943114,12.12486,668,630,0.343037,0.890719,11.328383,668,595,0.037475,0.097305,8.393339,668,65,0.289996,0.967308,9.259301,520,503,0.379359,0.98503,14.246127,668,658,0.368405,0.956587,9.628622,668,639,DSDV,DSDV,AODV-AERS3,0.379359,0.98503,8.393339
695,LINE,79,428.558486,429.347063,4.153018,1076097,826,8,1.357664,4,3.560236,30,4,17,0.157867,0,78,2,0.792967,0.71294,76.606996,2442,1741,0.915033,0.822686,110.124527,2442,2009,0,0,-1,2442,0,0.784314,0.946674,74.370996,1819,1722,0.961035,0.864046,6.723282,2442,2110,0.442258,0.397625,266.379746,2442,971,DSDV,OLSR,DSDV,0.961035,0.946674,6.723282
924,HOTSPOT,60,336.787285,422.082923,4.722564,1336512,526,9,1.94404,4,5.907943,42,6,28,0.033889,51,59,2,0.052593,0.037364,403.096761,4764,178,0,0,-1,4764,0,0,0,-1,4764,0,0.799828,0.56822,43.364797,4764,2707,1.191026,0.846138,77.683025,4764,4031,0.074162,0.052687,267.178475,4764,251,DSDV,DSDV,OLSR,1.191026,0.846138,43.364797
68,RING,46,76.252413,776.697883,9.436822,344297,342,7,1.918127,4,4.668865,178,36,89,0.042628,10,32,3,0.360528,0.968203,4.02348,1887,1827,0.347701,0.933757,3.952343,1887,1762,0.128661,0.345522,7.394635,1887,652,0.227328,0.725898,12.624901,1587,1152,0.312971,0.840488,8.471212,1887,1586,0.335269,0.900371,31.775746,1887,1699,AODV-AERS1,AODV-AERS1,AODV-AERS2,0.360528,0.968203,3.952343
477,GRID,63,108.88309,760.659084,1.276031,1205210,857,8,1.000627,2,2.648326,102,19,71,0.136983,7,56,5,1.17056,0.940819,10.005681,2636,2480,1.162536,0.93437,9.599155,2636,2463,1.129024,0.907436,68.652308,2636,2392,0.933144,0.87984,121.270651,2247,1977,0.951552,0.764795,218.93439,2636,2016,0.3304,0.265554,99.822174,2636,700,AODV-AERS1,AODV-AERS1,AODV-AERS2,1.17056,0.940819,9.599155
244,TWO_CLUSTER,64,67.376821,974.618674,1.566334,1397418,797,8,1.884775,4,3.618183,111,15,65,0.190243,10,51,4,1.27204,0.879525,235.462708,3287,2891,0.50952,0.352297,203.180865,3287,1158,0.28864,0.199574,133.359654,3287,656,0.93368,0.776152,253.894967,2734,2122,0.9812,0.67843,549.943844,3287,2230,0.46948,0.324612,173.862908,3287,1067,AODV-AERS1,AODV-AERS1,AODV-AERS3,1.27204,0.879525,133.359654
333,RING,60,192.040613,558.95788,9.890359,312608,797,6,3.479894,3,2.743509,39,10,22,0.195409,26,55,2,0.30228,0.934694,5.041413,735,687,0.0616,0.190476,169.903296,735,140,0.08624,0.266667,87.138697,735,196,0.26796,0.828571,22.80165,735,609,0.13596,0.420408,30.22201,735,309,0.14124,0.436735,122.309934,735,321,AODV-AERS1,AODV-AERS1,AODV-AERS1,0.30228,0.934694,5.041413
495,RING,63,206.516168,552.323149,3.54045,814138,711,8,1.209802,3,5.1198,135,25,67,0.169316,16,49,2,0.623913,0.737651,6.486328,2146,1583,0.470201,0.555918,39.208736,2146,1193,0.730723,0.863933,17.526666,2146,1854,0.521438,0.616496,24.937018,2146,1323,0.685398,0.810345,8.753917,2146,1739,0.087498,0.103448,188.985699,2146,222,AODV-AERS3,AODV-AERS3,AODV-AERS1,0.730723,0.863933,6.486328
736,LINE,22,7.720581,1688.054029,4.873393,116679,134,11,0.58019,1,3.631534,36,7,24,0.025969,0,21,7,0.101347,0.71875,10.653636,1632,1173,0.11543,0.818627,6.040168,1632,1336,0.129082,0.915441,5.935985,1632,1494,0.109296,0.998421,4.132543,1267,1265,0.140918,0.999387,5.436736,1632,1631,0.121997,0.865196,7.246257,1632,1412,DSDV,DSDV,OLSR,0.140918,0.999387,4.132543
715,LINE,68,109.757972,787.111793,8.241207,819164,1371,10,2.927175,4,3.793006,94,19,51,0.159437,0,67,3,0.118635,0.141964,190.87414,1120,159,0.187279,0.224107,33.076186,1120,251,0.150719,0.180357,204.995912,1120,202,0.105951,0.150903,138.395814,941,142,0.278308,0.333036,109.135871,1120,373,0.330537,0.395536,187.801025,1120,443,AODV,AODV,AODV-AERS2,0.330537,0.395536,33.076186
845,RING,55,138.793549,629.501405,17.650477,203864,772,5,0.503983,4,5.441951,169,21,105,0.095579,0,26,3,0.119467,0.565657,105.318999,495,280,0.029867,0.141414,67.432985,495,70,0.128853,0.610101,56.905182,495,302,0.034987,0.235632,40.718216,348,82,0.196693,0.931313,10.364956,495,461,0.06656,0.315152,74.873303,495,156,DSDV,DSDV,DSDV,0.196693,0.931313,10.364956
544,GRID,55,421.929491,361.045057,5.06237,1693799,697,8,1.392856,3,3.131244,105,17,72,0.157152,7,48,2,0.467093,0.265145,249.257194,4556,1208,0.28884,0.16396,111.556456,4556,747,0.523933,0.29741,288.895088,4556,1355,1.5254,0.865891,64.672874,4556,3945,1.458893,0.828139,101.670931,4556,3773,0.39904,0.226514,74.766686,4556,1032,OLSR,OLSR,OLSR,1.5254,0.865891,64.672874
708,HOTSPOT,57,227.413512,500.644322,2.383426,391543,151,9,0.864861,4,1.556365,148,25,78,0.066811,48,51,3,0.219573,0.473154,92.1135,4861,2300,0.096517,0.207982,166.812869,4861,1011,0.200098,0.431187,31.100118,4861,2096,0.228738,0.590439,79.669232,4058,2396,0.424158,0.914009,28.856259,4861,4443,0.192365,0.414524,91.541634,4861,2015,DSDV,DSDV,DSDV,0.424158,0.914009,28.856259
263,CORRIDOR,39,35.964736,1041.343149,9.139666,134467,344,12,1.525398,2,1.916355,103,25,52,0.025906,5,27,5,0.050195,0.345628,57.988724,732,253,0.138483,0.953552,6.260677,732,698,0.046822,0.322404,25.287599,732,236,0.03849,0.315447,3.111796,615,194,0.026387,0.181694,91.93095,732,133,0.124397,0.856557,7.854424,732,627,AODV-AERS2,AODV-AERS2,OLSR,0.138483,0.953552,3.111796
610,HOTSPOT,30,13.655532,1482.198295,7.099536,320089,278,13,1.082059,3,1.379944,172,39,106,0.100571,22,28,7,0.32281,0.916589,5.535197,2158,1978,0.303062,0.860519,5.618794,2158,1857,0.321994,0.914272,5.563588,2158,1973,0.264874,0.926899,6.809884,1751,1623,0,0,-1,2158,0,0.32232,0.915199,5.570397,2158,1975,AODV-AERS1,OLSR,AODV-AERS1,0.32281,0.926899,5.535197
758,CORRIDOR,37,40.795753,952.342983,2.617498,283969,1166,9,3.00065,3,2.067888,103,23,72,0.124084,7,31,4,0.278282,0.958333,10.165974,456,437,0.255994,0.881579,7.151671,456,402,0.266819,0.91886,11.360336,456,419,0.230522,1,5.642742,362,362,0.289107,0.995614,11.217142,456,454,0.259178,0.892544,15.153602,456,407,DSDV,OLSR,OLSR,0.289107,1,5.642742
35,RANDOM,24,20.146726,1091.448823,3.051021,721350,866,15,1.587527,1,2.60452,152,18,89,0.112292,0,6,8,0.34568,0.464446,196.314792,1561,725,0.395744,0.53171,107.255236,1561,830,0.337098,0.452915,251.70063,1561,707,0,0,-1,0,0,0,0,-1,1561,0,0.362845,0.487508,118.319423,1561,761,AODV-AERS2,AODV-AERS2,AODV-AERS2,0.395744,0.53171,107.255236
198,LINE,53,197.527123,517.993805,5.571965,1099296,734,5,2.827268,1,3.886728,97,22,54,0.164464,0,52,2,1.139139,0.998219,3.215124,2808,2803,0.512064,0.448718,358.365803,2808,1260,0,0,-1,2808,0,0.67503,0.591524,62.742832,2808,1661,1.078179,0.944801,16.644274,2808,2653,0.252781,0.22151,61.483497,2808,622,AODV-AERS1,AODV-AERS1,AODV-AERS1,1.139139,0.998219,3.215124
688,TWO_CLUSTER,40,37.406427,1034.086539,10.982619,404431,149,9,0.931824,4,1.467908,150,22,93,0.050081,9,38,5,0.153117,0.318727,148.882752,5089,1622,0.209946,0.437021,37.566755,5089,2224,0.25252,0.525644,134.061106,5089,2675,0.071083,0.317588,8.411515,2371,753,0.424894,0.884457,117.775453,5089,4501,0.346542,0.72136,118.168696,5089,3671,DSDV,DSDV,OLSR,0.424894,0.884457,8.411515
899,HOTSPOT,62,181.058631,585.175626,4.28033,608779,700,7,0.88109,3,2.506226,85,18,47,0.026261,43,53,3,0.60919,0.962577,7.381727,1630,1569,0.365747,0.577914,37.550856,1630,942,0.460873,0.728221,11.773739,1630,1187,0.279552,0.527086,11.645129,1366,720,0.597542,0.944172,33.714346,1630,1539,0.207334,0.327607,191.788961,1630,534,AODV-AERS1,AODV-AERS1,AODV-AERS1,0.60919,0.962577,7.381727
442,TWO_CLUSTER,31,11.067176,1673.641532,11.304726,238654,1083,16,2.495461,2,3.898086,166,22,111,0.076451,26,27,10,0,0,-1,413,0,0.160577,0.656174,35.431885,413,271,0.210942,0.861985,29.996012,413,356,0.181315,0.980769,12.33071,312,306,0,0,-1,413,0,0.204424,0.835351,31.596939,413,345,AODV-AERS3,OLSR,OLSR,0.210942,0.980769,12.33071
436,TWO_CLUSTER,55,80.260205,827.811039,14.788096,728834,287,7,3.21614,1,2.015428,161,30,77,0.053647,28,47,4,0.211176,0.26402,169.535847,4761,1257,0.242256,0.302878,210.981416,4761,1442,0.000504,0.00063,475.327275,4761,3,0.250152,0.693203,72.151192,2148,1489,0.174384,0.218021,174.902469,4761,1038,0.183288,0.229154,294.234614,4761,1091,OLSR,OLSR,OLSR,0.250152,0.693203,72.151192
581,CORRIDOR,77,24.141276,1785.933364,2.93735,1333417,1236,11,2.25549,1,4.905118,171,24,99,0.111118,25,26,8,0.127411,0.093472,101.903975,2022,189,0.383582,0.281405,28.274391,2022,569,0.053931,0.039565,260.326376,2022,80,0.099772,0.093493,134.530012,1583,148,0.752333,0.551929,197.90202,2022,1116,0.69638,0.51088,93.783349,2022,1033,DSDV,DSDV,AODV-AERS2,0.752333,0.551929,28.274391
5,HOTSPOT,29,20.521197,1188.76949,3.164395,1218333,1134,6,0.629039,4,3.054685,174,35,88,0.027027,20,22,-1,0,0,-1,2014,0,0,0,-1,2014,0,0,0,-1,2014,0,0,0,-1,0,0,0,0,-1,2014,0,0,0,-1,2014,0,NONE,NONE,NONE,0,0,-1
774,RING,20,11.014368,1347.51994,7.289231,355005,657,11,0.577079,3,1.828692,95,21,53,0.191088,2,12,6,0.338664,0.915104,10.134781,1013,927,0.309437,0.83613,11.234898,1013,847,0.332819,0.899309,10.433405,1013,911,0.285691,1,7.920283,782,782,0.172072,0.464956,14.289438,1013,471,0.313456,0.846989,12.351503,1013,858,AODV-AERS1,OLSR,OLSR,0.338664,1,7.920283
485,GRID,38,64.974521,764.751355,8.100416,1752231,1074,8,0.968608,3,1.535675,137,26,71,0.149999,6,35,5,0.955067,0.531219,322.868865,3059,1625,0.682358,0.379536,242.446613,3059,1161,0.830467,0.461916,363.700314,3059,1413,0.650033,0.446869,293.734438,2475,1106,1.183695,0.658385,523.973697,3059,2014,1.166063,0.648578,225.336057,3059,1984,DSDV,DSDV,AODV,1.183695,0.658385,225.336057
901,RANDOM,53,17.442441,1743.148145,6.310209,642844,1212,5,0.813569,1,4.072643,152,29,89,0.16933,8,34,-1,0,0,-1,994,0,0,0,-1,994,0,0,0,-1,994,0,0,0,-1,0,0,0,0,-1,994,0,0,0,-1,994,0,NONE,NONE,NONE,0,0,-1
807,RING,71,159.543358,667.098264,2.246617,2065383,1203,10,2.218957,1,1.244493,54,7,32,0.090505,17,52,3,0.761579,0.36036,258.277171,3219,1160,0.834454,0.394843,381.803788,3219,1271,0.523257,0.247592,325.070699,3219,797,1.325541,0.73956,440.719833,2730,2019,1.445686,0.684063,485.143676,3219,2202,0.681482,0.32246,374.96839,3219,1038,DSDV,OLSR,AODV-AERS1,1.445686,0.73956,258.277171
720,LINE,49,28.258346,1316.814709,2.865754,1573210,671,12,2.830033,4,2.740835,104,24,57,0.18409,0,48,5,0.630405,0.384668,377.749765,4396,1691,0.580822,0.354413,349.466996,4396,1558,0.924171,0.563922,322.464821,4396,2479,0.191992,0.908289,367.305888,567,515,1.112435,0.678799,489.933671,4396,2984,0.747464,0.456096,387.862269,4396,2005,DSDV,OLSR,AODV-AERS3,1.112435,0.908289,322.464821
81,CORRIDOR,53,23.168698,1512.471234,7.529459,494367,675,9,2.350023,2,5.928604,126,17,73,0.135073,2,28,7,0.409802,0.796067,13.12934,1373,1093,0.348688,0.677349,13.725862,1373,930,0.383932,0.745812,13.985057,1373,1024,0.121853,0.299263,7.657287,1086,325,0.237333,0.461034,14.90872,1373,633,0.30857,0.599417,26.574496,1373,823,AODV-AERS1,AODV-AERS1,OLSR,0.409802,0.796067,7.657287
953,TWO_CLUSTER,68,91.095305,863.985509,8.811214,906792,1161,10,3.395446,3,5.381751,158,34,95,0.106208,23,24,4,0.254922,0.27459,12.637122,1464,402,0.043121,0.046448,5.972169,1464,68,0.325945,0.351093,100.107786,1464,514,0.223849,0.283534,48.021747,1245,353,0.234629,0.252732,100.694882,1464,370,0.093218,0.10041,157.486085,1464,147,AODV-AERS3,AODV-AERS3,AODV-AERS2,0.325945,0.351093,5.972169
116,RANDOM,45,32.737214,1172.425888,5.638524,71796,383,17,2.699818,2,5.213721,32,7,20,0.141297,11,41,10,0.062253,0.809117,36.364812,351,284,0.0548,0.712251,42.232624,351,250,0.066856,0.868946,27.627117,351,305,0.000877,0.028369,26.134521,141,4,0.04099,0.532764,120.693195,351,187,0,0,-1,351,0,AODV-AERS3,AODV-AERS3,OLSR,0.066856,0.868946,26.134521
13,HOTSPOT,80,74.949777,1033.14153,12.458766,1548571,633,9,2.073232,3,3.291992,67,14,35,0.040819,73,75,6,0.032786,0.020279,629.161654,4586,93,0.052175,0.032272,120.252023,4586,148,0.310934,0.192324,456.632169,4586,882,0,0,-1,0,0,0,0,-1,4586,0,0.151237,0.093546,313.174469,4586,429,AODV-AERS3,AODV-AERS3,AODV-AERS2,0.310934,0.192324,120.252023
1,GRID,61,202.164692,549.30337,2.10423,1430145,1350,5,1.785173,4,1.976989,84,15,56,0.167703,7,56,3,1.339783,0.917925,7.120026,1986,1823,0.874571,0.599194,176.613002,1986,1190,0.397599,0.272407,94.960115,1986,541,1.124448,0.917816,14.82932,1667,1530,1.365506,0.935549,120.616488,1986,1858,0.410093,0.280967,420.803823,1986,558,DSDV,DSDV,AODV-AERS1,1.365506,0.935549,7.120026
377,RING,76,401.633149,435.002769,0.182444,1330248,527,8,0.979603,3,5.26501,95,23,66,0.105931,27,63,2,0,0,-1,4732,0,0.03256,0.023246,431.549616,4732,110,1.392976,0.994505,5.429017,4732,4706,0.895104,0.735409,148.55489,4112,3024,1.210344,0.864117,71.183747,4732,4089,0.659488,0.470837,390.44352,4732,2228,AODV-AERS3,AODV-AERS3,AODV-AERS3,1.392976,0.994505,5.429017
971,LINE,25,21.827062,1070.218276,8.20526,411847,1373,10,1.182644,2,3.678415,29,6,14,0.042577,0,24,4,0.363139,0.864769,17.232903,562,486,0.21071,0.501779,18.816765,562,282,0.295891,0.704626,21.081101,562,396,0.066501,0.335849,60.672783,265,89,0,0,-1,562,0,0.401994,0.957295,11.408181,562,538,AODV,AODV,AODV,0.401994,0.957295,11.408181
962,HOTSPOT,39,14.478873,1641.212934,8.794526,105881,1293,5,1.403447,2,1.000411,68,16,36,0.045104,36,37,-1,0,0,-1,153,0,0,0,-1,153,0,0,0,-1,153,0,0,0,-1,0,0,0,0,-1,153,0,0,0,-1,153,0,NONE,NONE,NONE,0,0,-1
412,LINE,35,16.944052,1437.227039,9.357342,1544039,372,8,0.976684,1,1.45748,80,10,37,0.183027,0,34,6,0.444587,0.267797,396.490934,7782,2084,0.28928,0.174248,365.908862,7782,1356,0.250453,0.150861,413.382249,7782,1174,0.01216,0.016129,600.850804,3534,57,0.1024,0.061681,613.350741,7782,480,0.096,0.057826,599.627408,7782,450,AODV-AERS1,AODV-AERS1,AODV-AERS2,0.444587,0.267797,365.908862
217,RANDOM,45,25.138521,1337.939259,4.17275,1671461,604,15,1.154251,4,3.475756,136,23,73,0.114767,14,29,9,0,0,-1,5188,0,0,0,-1,5188,0,0,0,-1,5188,0,0,0,-1,0,0,0,0,-1,5188,0,0,0,-1,5188,0,NONE,NONE,NONE,0,0,-1
103,HOTSPOT,51,252.788221,449.16579,4.042163,570246,1394,6,2.327681,2,1.610449,58,12,33,0.082448,43,50,2,0.317011,0.54498,89.988538,767,418,0.1896,0.325945,65.041458,767,250,0.147888,0.254237,40.86469,767,195,0.403469,0.693611,20.721876,767,532,0.47855,0.822686,21.865168,767,631,0.543773,0.934811,6.017351,767,717,AODV,AODV,AODV,0.543773,0.934811,6.017351
919,RING,36,43.814144,906.450486,1.250568,148800,1381,7,2.794538,2,4.501928,143,20,90,0.041483,13,31,4,0.130004,0.856436,31.730978,202,173,0.136767,0.90099,23.254881,202,182,0.151045,0.99505,9.3786,202,201,0.032313,0.259036,7.62385,166,43,0.14353,0.945545,28.684943,202,191,0.140524,0.925743,19.448196,202,187,AODV-AERS3,AODV-AERS3,OLSR,0.151045,0.99505,7.62385
452,RANDOM,66,295.045242,472.963537,1.078557,2083804,1177,10,0.655055,2,2.483347,80,16,54,0.02146,22,55,3,0.634955,0.29768,485.504015,3319,988,0.557835,0.261525,417.248363,3319,868,0.415805,0.194938,322.494243,3319,647,1.228779,0.672766,374.043167,2842,1912,1.496128,0.701416,476.385381,3319,2328,0.330973,0.155167,451.957754,3319,515,DSDV,DSDV,AODV-AERS3,1.496128,0.701416,322.494243
835,RANDOM,64,243.853537,512.3013,0.627705,1231609,137,10,1.1223,3,5.242492,78,19,53,0.07838,4,19,3,0.0682,0.04598,488.295646,16855,775,0.113696,0.076654,372.338863,16855,1292,0.092928,0.062652,425.32,16855,1056,0.373032,0.299788,561.822781,14140,4239,0.415976,0.280451,651.996587,16855,4727,0.123464,0.083239,523.752153,16855,1403,DSDV,OLSR,AODV-AERS2,0.415976,0.299788,372.338863
54,LINE,65,181.101366,599.095166,2.385827,1465782,728,7,2.65793,1,1.570097,149,32,100,0.145589,0,64,3,0.047174,0.030993,220.607349,3775,117,0.377798,0.248212,293.680237,3775,937,0.130637,0.085828,292.788982,3775,324,0.733824,0.734463,269.217345,2478,1820,1.322093,0.868609,239.985677,3775,3279,0.613267,0.402914,216.691907,3775,1521,DSDV,DSDV,AODV,1.322093,0.868609,216.691907
278,GRID,38,13.821015,1658.142437,4.31234,438213,909,19,2.917109,4,4.732646,156,26,75,0.064079,6,35,15,0,0,-1,903,0,0,0,-1,903,0,0,0,-1,903,0,0,0,-1,0,0,0,0,-1,903,0,0,0,-1,903,0,NONE,NONE,NONE,0,0,-1
349,RING,32,12.771773,1582.885083,9.23367,194735,1257,10,1.332514,4,5.162364,161,20,98,0.169454,8,25,8,0.181613,0.913793,25.111286,290,265,0.158312,0.796552,46.011619,290,231,0.182299,0.917241,24.293313,290,266,0.102115,0.680365,10.869897,219,149,0.173389,0.872414,35.155333,290,253,0.171333,0.862069,35.237365,290,250,AODV-AERS3,AODV-AERS3,OLSR,0.182299,0.917241,10.869897
193,TWO_CLUSTER,52,68.10814,873.780125,1.770387,1357596,161,6,0.700972,4,4.315377,148,27,71,0.041692,19,50,4,0.290002,0.181973,426.168576,15810,2877,0.285365,0.179064,454.442396,15810,2831,0.202406,0.127008,473.27704,15810,2008,0.244541,0.30062,520.239673,8070,2426,0.465898,0.292347,531.454767,15810,4622,0.19908,0.124921,444.454376,15810,1975,DSDV,OLSR,AODV-AERS1,0.465898,0.30062,426.168576
499,HOTSPOT,69,404.173897,413.181069,4.051175,358430,507,5,2.952666,2,1.535207,167,25,114,0.184189,58,60,2,0.148373,0.392453,100.60652,1325,520,0.058779,0.155472,16.463579,1325,206,0.190603,0.504151,29.863334,1325,668,0.280768,0.742642,43.899506,1325,984,0.333269,0.881509,11.763607,1325,1168,0.295035,0.780377,40.069779,1325,1034,DSDV,DSDV,DSDV,0.333269,0.881509,11.763607
518,CORRIDOR,49,162.878375,548.486985,0.565549,1611775,908,6,1.71429,3,1.039223,174,34,88,0.189257,29,35,2,0.01897,0.011418,571.559375,3328,38,0.311501,0.1875,135.958278,3328,624,0,0,-1,3328,0,0.974938,0.680725,309.16868,2869,1953,1.477133,0.889123,83.100245,3328,2959,0.354432,0.213341,458.766006,3328,710,DSDV,DSDV,DSDV,1.477133,0.889123,83.100245
213,RANDOM,41,112.345076,604.108446,7.635006,345720,1219,11,1.811127,1,3.414111,153,33,104,0.03058,21,36,4,0.34783,0.984934,7.703843,531,523,0.316572,0.896422,15.698693,531,476,0.29928,0.847458,15.626675,531,450,0.208166,0.700224,53.144857,447,313,0.279993,0.792844,7.903717,531,421,0.301275,0.853107,20.73332,531,453,AODV-AERS1,AODV-AERS1,AODV-AERS1,0.34783,0.984934,7.703843
491,RING,61,36.255216,1297.118548,9.571256,1186050,179,12,1.100292,4,3.598947,47,10,29,0.12678,2,32,6,0.052882,0.038558,419.696921,12423,479,0.159307,0.116156,378.715499,12423,1443,0.095496,0.069629,361.635463,12423,865,0.336168,0.291332,718.190855,10452,3045,0.33407,0.24358,596.251185,12423,3026,0.25944,0.189165,448.955611,12423,2350,OLSR,OLSR,AODV-AERS3,0.336168,0.291332,361.635463
516,RING,22,14.217529,1243.939543,7.707084,226128,1016,13,1.537024,1,1.252871,73,13,39,0.09065,8,19,6,0.206573,0.889688,18.292834,417,371,0.192653,0.829736,26.268859,417,346,0.221606,0.954436,13.012691,417,398,0.064032,0.325779,71.609229,353,115,0,0,-1,417,0,0.22272,0.959233,12.497951,417,400,AODV,AODV,AODV,0.22272,0.959233,12.497951
545,CORRIDOR,54,15.217452,1883.761472,4.31846,699964,1153,12,3.039096,1,3.542447,139,31,82,0.053688,6,24,8,0.459803,0.641476,104.658803,1138,730,0.478699,0.667838,22.039011,1138,760,0.598373,0.834798,17.373714,1138,950,0.078733,0.231481,37.944501,540,125,0.585146,0.816344,27.628039,1138,929,0.449095,0.626538,27.897427,1138,713,AODV-AERS3,AODV-AERS3,AODV-AERS3,0.598373,0.834798,17.373714
961,CORRIDOR,76,83.348192,954.901783,7.752869,1967308,202,7,1.462181,2,5.953577,172,39,106,0.184642,41,47,4,0.108805,0.048576,458.676811,18260,887,0.046491,0.020756,428.588206,18260,379,0.033611,0.015005,340.84265,18260,274,0.162411,0.145239,743.16796,9116,1324,0,0,-1,18260,0,0.106843,0.0477,453.300079,18260,871,OLSR,OLSR,AODV-AERS3,0.162411,0.145239,340.84265
150,HOTSPOT,53,99.609457,729.436766,6.093708,1292803,191,5,1.379891,4,1.186996,155,38,89,0.041025,38,51,3,0.199027,0.134268,387.510038,12691,1704,0.197976,0.133559,494.55239,12691,1695,0.156162,0.10535,415.139649,12691,1337,0.449797,0.356673,526.481657,10797,3851,0.601987,0.406115,469.690099,12691,5154,0.263034,0.177449,413.962798,12691,2252,DSDV,DSDV,AODV-AERS1,0.601987,0.406115,387.510038
936,LINE,49,38.395971,1129.679414,6.38886,194722,248,7,2.766571,1,4.338471,180,23,122,0.069805,0,48,4,0.192832,0.889946,7.832024,1472,1310,0.188122,0.868207,6.021579,1472,1278,0.153088,0.706522,20.338003,1472,1040,0.032826,1,3.694817,223,223,0.057702,0.266304,4.455666,1472,392,0.114963,0.530571,15.03443,1472,781,AODV-AERS1,OLSR,OLSR,0.192832,1,3.694817
445,HOTSPOT,59,167.243833,593.951454,5.45083,383706,178,5,2.379451,4,5.058758,102,14,55,0.174492,41,44,3,0.380249,0.856471,10.867834,4041,3461,0.328941,0.740906,10.659365,4041,2994,0.371679,0.837169,10.970413,4041,3383,0.302133,0.830314,29.561319,3312,2750,0.397278,0.894828,33.738253,4041,3616,0.414307,0.933185,5.25384,4041,3771,AODV,AODV,AODV,0.414307,0.933185,5.25384
862,LINE,73,58.380472,1118.220965,9.994539,1301577,1344,12,1.779128,2,5.66859,31,6,18,0.054856,0,72,5,0.815151,0.613774,17.534805,1815,1114,0.041709,0.031405,615.252032,1815,57,0.380501,0.286501,110.001869,1815,520,0.408307,0.622074,67.307601,897,558,0.211471,0.159229,63.792393,1815,289,0.095857,0.072176,112.056554,1815,131,AODV-AERS1,OLSR,AODV-AERS1,0.815151,0.622074,17.534805
320,TWO_CLUSTER,27,28.952672,965.689598,13.422635,1988702,940,7,3.152215,1,2.386756,99,23,55,0.047437,9,24,5,1.313899,0.641704,405.325268,3966,2545,1.235942,0.603631,366.092231,3966,2394,1.166763,0.569844,377.63045,3966,2260,0.311825,0.188632,361.915687,3202,604,1.334033,0.651538,432.792337,3966,2584,1.210129,0.591024,362.963931,3966,2344,DSDV,DSDV,OLSR,1.334033,0.651538,361.915687
628,HOTSPOT,78,168.64804,680.074752,14.833878,1079451,153,8,1.815949,4,5.743093,67,9,34,0.197838,55,73,4,0.12337,0.096613,381.567003,13228,1278,0.052031,0.040747,517.525561,13228,539,0.141035,0.110448,550.371698,13228,1461,0.089583,0.13461,370.733855,6894,928,0.055507,0.043468,862.099145,13228,575,0,0,-1,13228,0,AODV-AERS3,OLSR,OLSR,0.141035,0.13461,370.733855
279,LINE,68,191.260456,596.268494,2.389721,1247709,1127,5,0.543713,3,3.504609,132,17,77,0.06463,0,67,3,0.091168,0.071325,59.973356,2075,148,0.313544,0.245301,31.063298,2075,509,0.48972,0.383133,54.466554,2075,795,1.009624,0.95736,33.05295,1712,1639,1.214136,0.94988,48.461694,2075,1971,0.031416,0.024578,497.362187,2075,51,DSDV,OLSR,AODV-AERS2,1.214136,0.95736,31.063298
242,RANDOM,34,188.286705,424.941973,4.489692,453892,515,5,1.79965,2,5.314769,75,11,51,0.122468,6,14,3,0.432373,0.903753,25.401216,1652,1493,0.213725,0.446731,2.965486,1652,738,0.401675,0.839588,108.099899,1652,1387,0.262088,0.665441,2.696704,1360,905,0.252821,0.52845,15.136821,1652,873,0.35476,0.741525,9.931635,1652,1225,AODV-AERS1,AODV-AERS1,OLSR,0.432373,0.903753,2.696704
670,RANDOM,59,138.898466,651.74436,4.457517,1210915,623,10,0.601231,4,1.878144,134,21,89,0.055073,11,55,4,0.62496,0.493963,179.395931,3644,1800,0.78988,0.624314,232.320087,3644,2275,0,0,-1,3644,0,0.55309,0.514535,312.341056,3096,1593,0.268038,0.211855,448.268435,3644,772,0.56663,0.447859,266.280362,3644,1632,AODV-AERS2,AODV-AERS2,AODV-AERS1,0.78988,0.624314,179.395931
230,CORRIDOR,31,53.019328,764.651838,10.307341,158857,190,5,2.977993,4,1.827497,98,18,53,0.068003,1,27,3,0.160448,0.880664,4.682107,1567,1380,0.179167,0.983408,2.641489,1567,1541,0.151844,0.83344,7.998293,1567,1306,0.080224,0.534056,10.609584,1292,690,0.182074,0.999362,7.991492,1567,1566,0,0,-1,1567,0,DSDV,DSDV,AODV-AERS2,0.182074,0.999362,2.641489
247,TWO_CLUSTER,77,111.282838,831.823654,2.255201,1242112,1205,5,2.119723,3,1.371281,107,16,69,0.108709,25,72,3,0.599074,0.471532,17.372092,1932,911,0.781886,0.615424,27.038765,1932,1189,0,0,-1,1932,0,0.065102,0.092265,20.062475,1073,99,1.21393,0.955487,165.101173,1932,1846,0.184786,0.145445,108.628659,1932,281,DSDV,DSDV,AODV-AERS1,1.21393,0.955487,17.372092
6,HOTSPOT,58,292.444659,445.340456,5.429816,667127,987,9,3.469094,3,1.102392,180,33,125,0.076376,50,57,2,0.672877,0.981058,2.994473,1267,1243,0.473125,0.689818,59.332663,1267,874,0.10556,0.153907,40.559461,1267,195,0.561904,0.819258,13.09915,1267,1038,0.452555,0.659826,31.911408,1267,836,0.139664,0.203631,129.651352,1267,258,AODV-AERS1,AODV-AERS1,AODV-AERS1,0.672877,0.981058,2.994473
21,RANDOM,38,39.448196,981.4727,12.530614,721862,321,12,2.055485,3,5.265263,174,29,79,0.075073,12,15,7,0.191531,0.24407,147.496619,4216,1029,0.247557,0.315465,252.806292,4216,1330,0.348442,0.444023,34.523381,4216,1872,0,0,-1,2101,0,0,0,-1,4216,0,0.296138,0.377372,68.34231,4216,1591,AODV-AERS3,AODV-AERS3,AODV-AERS3,0.348442,0.444023,34.523381
914,LINE,69,423.761327,403.518904,4.871883,539542,1321,8,2.612433,3,3.744835,121,25,82,0.088152,0,68,2,0.214401,0.389542,69.876752,765,298,0.145332,0.264052,116.100544,765,202,0.014389,0.026144,800.64063,765,20,0.315846,0.573856,39.207269,765,439,0.438155,0.796078,24.901681,765,609,0,0,-1,765,0,DSDV,DSDV,DSDV,0.438155,0.796078,24.901681
114,RING,76,202.692784,612.332981,2.115511,1038094,176,8,2.889413,1,3.1015,27,6,16,0.030853,36,73,3,0.0136,0.011303,442.258937,11059,125,0.062669,0.052084,445.857453,11059,576,0.110758,0.092052,392.23474,11059,1018,0.338694,0.332585,409.624728,9360,3113,0.524198,0.435663,496.135967,11059,4818,0.048307,0.040148,456.886178,11059,444,DSDV,DSDV,AODV-AERS3,0.524198,0.435663,392.23474
157,HOTSPOT,63,241.383862,510.876774,8.887066,247245,1243,7,2.448855,4,3.600031,154,23,77,0.10319,59,61,3,0.168111,0.666667,58.117386,372,248,0,0,-1,372,0,0.122694,0.486559,104.287639,372,181,0.100324,0.475884,69.899993,311,148,0.112526,0.446237,41.294565,372,166,0.13015,0.516129,171.901656,372,192,AODV-AERS1,AODV-AERS1,DSDV,0.168111,0.666667,41.294565
297,HOTSPOT,58,49.961812,1077.444498,3.39647,919315,169,14,3.477526,4,3.089028,38,6,19,0.14236,56,57,8,0.371201,0.346407,457.571299,10199,3533,0,0,-1,10199,0,0,0,-1,10199,0,0.067873,0.135146,628.12149,4780,646,0,0,-1,10199,0,0.398728,0.372095,463.579996,10199,3795,AODV,AODV,AODV-AERS1,0.398728,0.372095,457.571299
860,TWO_CLUSTER,22,18.816048,1081.302331,12.850116,100681,191,11,3.125033,1,2.049059,86,11,40,0.192656,18,21,5,0.101733,0.881579,9.018666,988,871,0.09344,0.809717,7.150615,988,800,0.095309,0.825911,11.12106,988,816,0.024762,0.270408,10.672426,784,212,0.089235,0.773279,5.407082,988,764,0.102083,0.884615,9.043137,988,874,AODV,AODV,DSDV,0.102083,0.884615,5.407082
847,GRID,41,15.151916,1644.970628,1.868224,111642,1258,20,1.58579,2,3.601878,75,16,52,0.111759,6,35,18,0.021948,0.192771,562.337917,166,32,0,0,-1,166,0,0.021262,0.186747,581.103929,166,31,0,0,-1,0,0,0,0,-1,166,0,0.021262,0.186747,583.734674,166,31,AODV-AERS1,AODV-AERS1,AODV-AERS1,0.021948,0.192771,562.337917
916,RING,32,31.024447,1015.60063,15.780187,197138,149,11,0.514873,4,2.545637,180,26,108,0.153735,0,17,4,0.203904,0.870968,3.477673,2480,2160,0.138296,0.590726,8.397609,2480,1465,0,0,-1,2480,0,0.052675,0.277061,116.664929,2014,558,0.193614,0.827016,15.286122,2480,2051,0.057206,0.244355,3.099436,2480,606,AODV-AERS1,AODV-AERS1,AODV,0.203904,0.870968,3.099436
582,RANDOM,45,105.085805,654.386346,12.692524,227952,367,10,1.884115,2,1.404792,38,6,20,0.080484,36,39,4,0.203504,0.829897,12.563828,1164,966,0.159053,0.648625,21.472637,1164,755,0.145149,0.591924,57.689721,1164,689,0.061304,0.296636,98.077655,981,291,0.012219,0.049828,223.741948,1164,58,0.136091,0.554983,18.414296,1164,646,AODV-AERS1,AODV-AERS1,AODV-AERS1,0.203504,0.829897,12.563828
465,GRID,30,33.775334,942.45539,15.845521,1528426,579,11,1.056319,4,1.476178,86,17,57,0.072623,5,24,6,0.052445,0.032734,96.699234,4949,162,0.63905,0.398868,388.401495,4949,1974,0.579483,0.361689,404.454131,4949,1790,0.451608,0.349449,625.224706,3992,1395,0.571389,0.356638,482.385573,4949,1765,0.092264,0.057587,225.976679,4949,285,AODV-AERS2,AODV-AERS2,AODV-AERS1,0.63905,0.398868,96.699234
990,HOTSPOT,24,9.584417,1582.423653,11.118441,146422,224,5,2.743844,2,1.730943,57,9,39,0.165675,18,20,-1,0,0,-1,1225,0,0,0,-1,1225,0,0,0,-1,1225,0,0,0,-1,0,0,0,0,-1,1225,0,0,0,-1,1225,0,NONE,NONE,NONE,0,0,-1
17,TWO_CLUSTER,78,42.164953,1360.102032,4.608121,663185,432,12,1.014493,4,3.419762,174,36,116,0.04301,37,62,6,0.045387,0.064281,108.192482,2878,185,0.033856,0.04795,18.774353,2878,138,0.474475,0.671994,16.463005,2878,1934,0.513483,0.950068,47.983514,2203,2093,0.573099,0.811675,129.959804,2878,2336,0.127083,0.179986,28.876293,2878,518,DSDV,OLSR,AODV-AERS3,0.573099,0.950068,16.463005
240,RING,21,18.211495,1073.833239,14.761064,169749,128,9,2.359908,3,2.279692,103,22,64,0.127814,1,12,5,0.176883,0.855189,15.363774,2486,2126,0.162323,0.784795,7.3834,2486,1951,0.160826,0.777554,4.285426,2486,1933,0.055162,0.33792,92.834588,1962,663,0,0,-1,2486,0,0.149594,0.72325,3.946842,2486,1798,AODV-AERS1,AODV-AERS1,AODV,0.176883,0.855189,3.946842
937,RING,56,319.217609,418.842356,2.70727,418891,323,9,1.62977,1,2.893263,51,8,26,0.139909,16,42,2,0.086112,0.189223,29.547292,2431,460,0.332467,0.730564,9.131196,2431,1776,0.138154,0.303579,93.943261,2431,738,0.454896,0.999589,3.237929,2431,2430,0.411278,0.903743,3.054655,2431,2197,0.219024,0.481283,69.587243,2431,1170,OLSR,OLSR,DSDV,0.454896,0.999589,3.054655
866,CORRIDOR,43,34.105725,1122.846999,6.252405,1684109,459,9,1.524749,3,1.78421,69,15,41,0.184278,19,36,5,0.533492,0.29859,455.819291,6879,2054,0.658943,0.368804,401.266467,6879,2537,0.606997,0.33973,400.224488,6879,2337,0.555829,0.38677,477.691397,5533,2140,0.306485,0.171537,498.178562,6879,1180,0.182073,0.101904,409.559204,6879,701,AODV-AERS2,OLSR,AODV-AERS3,0.658943,0.38677,400.224488
693,TWO_CLUSTER,55,96.060823,756.672923,12.196959,350062,1300,10,0.6363,2,3.200266,78,12,53,0.133106,45,54,3,0.06941,0.194444,8.936188,504,98,0.042496,0.119048,128.839205,504,60,0.304555,0.853175,37.356127,504,430,0.114031,0.377934,51.196095,426,161,0.128905,0.361111,31.861418,504,182,0.142362,0.39881,113.49122,504,201,AODV-AERS3,AODV-AERS3,AODV-AERS1,0.304555,0.853175,8.936188
135,HOTSPOT,77,276.898846,527.332805,1.804187,1060663,215,10,0.511277,4,1.321572,38,6,22,0.166214,61,73,3,0.448286,0.373986,448.198476,9249,3459,0.056635,0.047248,450.202324,9249,437,0,0,-1,9249,0,0.394243,0.395116,436.828894,7699,3042,0.200232,0.167045,464.822307,9249,1545,0.138154,0.115256,384.955998,9249,1066,AODV-AERS1,OLSR,AODV,0.448286,0.395116,384.955998
782,RANDOM,37,42.733795,930.497325,13.97645,160120,696,9,2.575935,2,4.925476,128,29,74,0.110104,1,36,5,0.112365,0.675174,47.346145,431,291,0.152523,0.916473,16.677911,431,395,0.112365,0.675174,6.424847,431,291,0.02394,0.179191,29.594931,346,62,0.007337,0.044084,369.883312,431,19,0.126652,0.761021,28.002631,431,328,AODV-AERS2,AODV-AERS2,AODV-AERS3,0.152523,0.916473,6.424847
989,LINE,48,47.372223,1006.6042,4.969681,1717237,1136,10,3.228122,4,2.676793,99,24,67,0.069182,0,47,4,0.549408,0.312279,267.784263,2834,885,1.07833,0.612915,363.594386,2834,1737,0.748685,0.425547,268.026248,2834,1206,0,0,-1,393,0,0.741856,0.421665,276.587285,2834,1195,0.339578,0.193013,199.406575,2834,547,AODV-AERS2,AODV-AERS2,AODV,1.07833,0.612915,199.406575
905,RANDOM,20,70.148518,533.956339,8.676258,1941407,140,5,0.829299,1,2.007407,107,19,74,0.10461,12,16,3,0.477568,0.205,533.83884,26000,5330,0.424525,0.182231,619.424783,26000,4738,0.421299,0.180846,499.874486,26000,4702,0.198285,0.101878,1248.969009,21722,2213,0.550413,0.236269,2531.178186,26000,6143,0.32919,0.141308,978.241971,26000,3674,DSDV,DSDV,AODV-AERS3,0.550413,0.236269,499.874486
302,GRID,62,173.512955,597.764187,0.309855,815759,188,7,1.420872,4,2.279765,173,28,110,0.039565,7,56,4,0.09815,0.104733,369.517456,8135,852,0.318413,0.339766,423.718443,8135,2764,0.237888,0.253841,427.750797,8135,2065,0.33673,0.434776,471.50818,6723,2923,0.388224,0.414259,484.572343,8135,3370,0.143309,0.152919,494.958745,8135,1244,DSDV,OLSR,AODV-AERS1,0.388224,0.434776,369.517456
413,HOTSPOT,20,6.669291,1731.709959,5.440661,560240,214,6,2.689633,1,3.940734,52,12,29,0.025661,14,19,-1,0,0,-1,4908,0,0,0,-1,4908,0,0,0,-1,4908,0,0,0,-1,0,0,0,0,-1,4908,0,0,0,-1,4908,0,NONE,NONE,NONE,0,0,-1
755,CORRIDOR,50,119.045953,648.078603,10.107157,753007,253,7,1.609625,3,4.398016,132,20,73,0.030951,5,17,3,0.243234,0.29086,195.074749,5580,1623,0.345892,0.41362,178.339586,5580,2308,0.537422,0.642652,289.250274,5580,3586,0.376615,0.535707,259.734221,4691,2513,0.718461,0.85914,353.470413,5580,4794,0.154812,0.185125,197.951918,5580,1033,DSDV,DSDV,AODV-AERS2,0.718461,0.85914,178.339586
722,GRID,26,23.899257,1043.024406,15.154045,569068,183,14,1.171894,4,2.790623,120,19,69,0.031718,5,24,8,0.14483,0.220755,482.750237,5830,1287,0.155521,0.23705,315.107468,5830,1382,0.226642,0.345455,312.636656,5830,2014,0.150345,0.46583,388.884155,2868,1336,0.008327,0.012693,680.352994,5830,74,0.224054,0.341509,328.369525,5830,1991,AODV-AERS3,OLSR,AODV-AERS3,0.226642,0.46583,312.636656
248,LINE,32,35.806333,945.3553,9.730429,610936,485,7,2.85573,4,5.892032,98,23,49,0.155446,0,31,4,0.57839,0.895383,5.505511,2361,2114,0.55021,0.851758,7.815701,2361,2011,0.634478,0.982211,3.822905,2361,2319,0.330782,0.78,3.651264,1550,1209,0.348019,0.538755,15.854465,2361,1272,0.317376,0.491317,4.639847,2361,1160,AODV-AERS3,AODV-AERS3,OLSR,0.634478,0.982211,3.651264
980,RING,58,121.949279,689.643072,5.58575,257290,292,7,2.52595,3,4.837112,165,32,79,0.195127,14,42,3,0.117419,0.416465,26.356258,1652,688,0.057344,0.20339,31.326602,1652,336,0.002389,0.008475,532.543054,1652,14,0.125611,0.523843,17.084943,1405,736,0.280405,0.994552,17.598889,1652,1643,0.176299,0.625303,23.207571,1652,1033,DSDV,DSDV,OLSR,0.280405,0.994552,17.084943
459,HOTSPOT,24,7.294105,1813.926217,6.084331,628489,254,13,2.508736,2,4.657454,123,27,67,0.095318,22,23,8,0.481581,0.690235,140.257853,4639,3202,0.559939,0.802544,229.474344,4639,3723,0.027523,0.039448,24.529323,4639,183,0,0,-1,0,0,0.320502,0.459366,224.086227,4639,2131,0.511811,0.733563,22.948024,4639,3403,AODV-AERS2,AODV-AERS2,AODV,0.559939,0.802544,22.948024
696,CORRIDOR,45,32.808377,1171.153678,14.282516,86461,213,8,1.091879,3,2.887411,115,26,52,0.181626,2,11,6,0.054755,0.55979,19.407075,761,426,0.05257,0.537451,20.644382,761,409,0.091901,0.939553,7.577569,761,715,0.018252,0.237856,91.495583,597,142,0.027378,0.279895,10.023189,761,213,0.075063,0.767411,17.145759,761,584,AODV-AERS3,AODV-AERS3,AODV-AERS3,0.091901,0.939553,7.577569
208,RING,69,55.838283,1111.625547,17.826448,161768,472,8,2.217643,4,2.202072,130,27,76,0.02833,27,63,5,0.0736,0.429907,12.514159,642,276,0.0336,0.196262,63.768522,642,126,0.134133,0.783489,10.953011,642,503,0,0,-1,513,0,0.028533,0.166667,25.282282,642,107,0.037867,0.221184,47.282153,642,142,AODV-AERS3,AODV-AERS3,AODV-AERS3,0.134133,0.783489,10.953011
191,LINE,32,93.859104,583.897732,14.388682,890878,265,5,2.803714,4,5.995023,127,27,71,0.185109,0,31,3,0.23565,0.239251,94.994446,6303,1508,0.311752,0.316516,192.329705,6303,1995,0.336286,0.341425,313.383056,6303,2152,0.055631,0.065841,264.487333,5407,356,0.65757,0.667619,270.861146,6303,4208,0.320972,0.325877,253.978646,6303,2054,DSDV,DSDV,AODV-AERS1,0.65757,0.667619,94.994446
958,RING,68,169.261769,633.833252,1.862872,1773191,297,8,0.828517,4,1.210258,64,12,36,0.082935,18,52,3,0.12688,0.065392,423.705994,11194,732,0.17368,0.089512,486.984023,11194,1002,0.20124,0.103716,427.229557,11194,1161,0.693333,0.419639,474.099961,9532,4000,0.825587,0.425496,469.684982,11194,4763,0.07488,0.038592,540.276264,11194,432,DSDV,DSDV,AODV-AERS1,0.825587,0.425496,423.705994
482,GRID,45,18.994701,1539.182197,8.542884,67577,374,18,0.544723,1,1.448525,67,15,32,0.070657,6,42,12,0.055958,0.772189,45.774972,338,261,0.038163,0.526627,56.328794,338,178,0.056173,0.775148,44.196263,338,262,0,0,-1,107,0,0.003645,0.050296,10.799153,338,17,0.001501,0.02071,1232.346886,338,7,AODV-AERS3,AODV-AERS3,DSDV,0.056173,0.775148,10.799153
330,TWO_CLUSTER,66,22.270644,1721.494271,4.653309,93555,928,11,2.976559,1,1.907367,90,11,45,0.096307,29,46,7,0,0,-1,189,0,0.074441,0.772487,66.395748,189,146,0.084638,0.878307,10.831614,189,166,0.07546,0.961039,9.053928,154,148,0.082089,0.851852,46.030535,189,161,0.089227,0.925926,31.004215,189,175,AODV,OLSR,OLSR,0.089227,0.961039,9.053928
176,RING,49,58.680577,913.799369,6.554845,251412,226,6,3.48478,1,3.155364,179,37,86,0.129269,1,25,4,0.243163,0.860911,7.154638,2085,1795,0.268089,0.949161,3.881702,2085,1979,0.233003,0.82494,7.985731,2085,1720,0.130996,0.546019,28.096718,1771,967,0.08995,0.318465,3.747467,2085,664,0.2265,0.801918,7.779492,2085,1672,AODV-AERS2,AODV-AERS2,DSDV,0.268089,0.949161,3.747467
674,CORRIDOR,21,9.846506,1460.389043,3.792018,84010,1121,13,0.86549,1,2.193965,80,20,53,0.1381,9,17,8,0.079664,0.928571,37.707558,140,130,0.075374,0.878571,57.936525,140,123,0.079664,0.928571,37.216289,140,130,0.037994,1,9.84782,62,62,0.085792,1,11.049474,140,140,0.079664,0.928571,37.852171,140,130,DSDV,OLSR,OLSR,0.085792,1,9.84782
861,LINE,53,83.600322,796.221607,0.529182,1237693,1336,5,2.583519,1,1.304828,167,26,97,0.124339,0,52,3,0.48813,0.386298,318.604322,1737,671,0.704915,0.557858,31.049802,1737,969,0,0,-1,1737,0,0.647445,0.998878,6.122994,891,890,1.161764,0.919401,20.778531,1737,1597,0.676544,0.535406,105.434452,1737,930,DSDV,OLSR,OLSR,1.161764,0.998878,6.122994
22,RANDOM,38,14.639042,1611.148104,4.809112,509109,1294,5,1.355112,3,3.927498,89,13,52,0.139728,24,30,-1,0,0,-1,737,0,0,0,-1,737,0,0,0,-1,737,0,0,0,-1,0,0,0,0,-1,737,0,0,0,-1,737,0,NONE,NONE,NONE,0,0,-1
95,HOTSPOT,36,21.846515,1283.690025,9.403474,854084,158,5,3.074396,2,2.036428,138,22,79,0.194316,28,31,-1,0,0,-1,10135,0,0,0,-1,10135,0,0,0,-1,10135,0,0,0,-1,0,0,0,0,-1,10135,0,0,0,-1,10135,0,NONE,NONE,NONE,0,0,-1
405,LINE,71,382.841283,430.64538,4.904044,2036152,853,7,2.19278,4,4.954908,107,22,48,0.100064,0,70,2,0.968395,0.460559,311.587017,4475,2061,0.756485,0.359777,40.903246,4475,1610,0,0,-1,4475,0,1.83389,0.872179,116.768521,4475,3903,1.827781,0.869274,62.860623,4475,3890,1.107946,0.526927,227.53895,4475,2358,OLSR,OLSR,AODV-AERS2,1.83389,0.872179,40.903246
313,GRID,68,97.599626,834.699933,5.474384,1384725,189,7,1.009159,3,4.499976,174,24,87,0.151866,8,63,5,0.277181,0.174347,477.795534,13737,2395,0.387707,0.243867,452.820273,13737,3350,0.216306,0.136056,441.308797,13737,1869,0.380647,0.287098,587.393625,11456,3289,0.42289,0.265997,688.560375,13737,3654,0.236559,0.148795,577.428559,13737,2044,DSDV,OLSR,AODV-AERS3,0.42289,0.287098,441.308797
216,CORRIDOR,36,135.872052,514.737944,7.330979,245355,1204,5,2.961899,3,4.904732,155,30,82,0.089759,4,20,2,0.250999,1,2.868374,382,382,0.151782,0.604712,16.057119,382,231,0.248371,0.989529,11.663977,382,378,0.17478,0.696335,5.512074,382,266,0.178065,0.709424,23.42999,382,271,0.122214,0.486911,51.966395,382,186,AODV-AERS1,AODV-AERS1,AODV-AERS1,0.250999,1,2.868374
767,GRID,61,46.445625,1146.02083,6.686343,188290,207,9,2.248256,2,5.588637,57,7,27,0.03537,7,56,7,0.18612,0.870968,7.753874,1705,1485,0.170579,0.79824,6.736135,1705,1361,0.184992,0.865689,7.118917,1705,1476,0.151277,0.941498,4.846254,1282,1207,0.175341,0.820528,14.975145,1705,1399,0.1786,0.835777,7.474554,1705,1425,AODV-AERS1,OLSR,OLSR,0.18612,0.941498,4.846254
701,TWO_CLUSTER,46,84.578274,737.478743,2.049764,1455456,402,6,0.727303,4,5.469601,137,33,62,0.114635,28,45,3,0.716896,0.460519,382.192088,6788,3126,0.594661,0.381998,417.243458,6788,2593,0.525403,0.337507,387.129599,6788,2291,0.810235,0.624757,439.850807,5655,3533,0.922149,0.592369,524.54955,6788,4021,0.166955,0.107248,426.781633,6788,728,DSDV,OLSR,AODV-AERS1,0.922149,0.624757,382.192088
983,LINE,52,111.033601,684.343992,2.938923,1759312,272,5,0.71534,3,3.936763,151,18,83,0.131914,0,51,3,0.12352,0.06366,437.666132,12127,772,0.25936,0.133669,467.784737,12127,1621,0.21184,0.109178,495.482275,12127,1324,0.70208,0.433212,518.518406,10129,4388,0.25216,0.129958,784.005726,12127,1576,0.24864,0.128144,418.779,12127,1554,OLSR,OLSR,AODV,0.70208,0.433212,418.779
727,CORRIDOR,32,36.8823,931.463823,9.287965,290559,1329,6,2.452887,3,5.45626,30,7,14,0.036183,8,25,4,0.230871,0.779951,24.152281,409,319,0.241003,0.814181,16.08328,409,333,0.270676,0.914425,12.981113,409,374,0.015198,0.063063,398.232092,333,21,0,0,-1,409,0,0.283703,0.958435,11.303146,409,392,AODV,AODV,AODV,0.283703,0.958435,11.303146
266,TWO_CLUSTER,40,14.208267,1677.874359,3.862254,320814,132,11,3.403514,3,3.2348,158,23,77,0.154002,22,33,8,0.282539,0.726575,147.65839,4557,3311,0.298411,0.767391,14.846,4557,3497,0.312747,0.804257,9.100308,4557,3665,0.069376,0.402874,12.092816,2018,813,0,0,-1,4557,0,0.312661,0.804038,9.885947,4557,3664,AODV-AERS3,AODV-AERS3,AODV-AERS3,0.312747,0.804257,9.100308
275,HOTSPOT,29,44.678573,805.655452,10.620911,599544,434,9,2.214876,1,3.20938,122,30,66,0.070277,20,26,5,0.231862,0.36332,81.258996,2590,941,0.038438,0.060232,30.129803,2590,156,0.236298,0.37027,67.246307,2590,959,0.000739,0.007026,3009.473918,427,3,0.08895,0.139382,183.181218,2590,361,0.231123,0.362162,57.26453,2590,938,AODV-AERS3,AODV-AERS3,AODV-AERS2,0.236298,0.37027,30.129803
910,GRID,73,219.452494,576.754736,2.569509,766611,651,10,2.836545,4,4.165957,177,38,88,0.196354,8,72,3,0.122763,0.153602,105.314593,2207,339,0.273049,0.34164,173.21153,2207,754,0.21221,0.265519,106.516508,2207,586,0.621421,0.92159,9.146283,1862,1716,0.640252,0.801087,92.724955,2207,1768,0.153545,0.192116,182.879856,2207,424,DSDV,OLSR,OLSR,0.640252,0.92159,9.146283
34,HOTSPOT,64,161.68519,629.150964,1.629012,354795,461,8,2.931365,3,2.824994,38,6,19,0.099633,49,62,3,0.320784,0.852391,7.560222,1443,1230,0.300442,0.798337,10.300204,1443,1152,0.327565,0.870409,8.27035,1443,1256,0.186994,0.991701,9.39026,723,717,0.347907,0.924463,6.526995,1443,1334,0.342691,0.910603,7.030934,1443,1314,DSDV,OLSR,DSDV,0.347907,0.991701,6.526995
944,HOTSPOT,35,76.838437,674.908288,3.597145,1392018,210,10,2.864277,2,3.349926,68,10,36,0.149846,25,32,3,0.363156,0.230206,442.060166,12428,2861,0.497325,0.315256,396.807952,12428,3918,0.325203,0.206147,390.761646,12428,2562,0.506464,0.418414,471.789937,9536,3990,0.357952,0.226907,477.864585,12428,2820,0.137723,0.087303,430.622506,12428,1085,OLSR,OLSR,AODV-AERS3,0.506464,0.418414,390.761646
67,TWO_CLUSTER,64,85.38924,865.741851,2.059628,1612666,311,9,1.616076,4,5.358414,131,24,90,0.130428,15,52,3,0.109384,0.06223,362.076266,9722,605,0.120774,0.06871,519.945303,9722,668,0.211355,0.120243,458.169217,9722,1169,0.504251,0.345644,480.012064,8069,2789,0.095282,0.054207,424.258885,9722,527,0.155669,0.088562,452.450713,9722,861,OLSR,OLSR,AODV-AERS1,0.504251,0.345644,362.076266
123,RING,34,24.306472,1182.710626,6.263317,527418,807,10,2.596607,4,5.450072,115,25,57,0.116871,2,20,5,0.466264,0.854694,10.485478,1225,1047,0.412824,0.756735,9.236592,1225,927,0.500109,0.916735,8.985366,1225,1123,0.114896,0.254438,20.67826,1014,258,0.291248,0.533878,9.25945,1225,654,0.485859,0.890612,9.496187,1225,1091,AODV-AERS3,AODV-AERS3,AODV-AERS3,0.500109,0.916735,8.985366
620,GRID,49,56.366504,932.368284,3.44522,1192971,727,11,2.186713,1,1.561246,88,21,61,0.065086,0,48,6,1.181424,0.953836,7.610557,3076,2934,0.898349,0.725293,144.447195,3076,2231,1.129077,0.911573,11.043683,3076,2804,0.439309,0.435877,218.818002,2503,1091,0.814595,0.657672,132.140683,3076,2023,1.039283,0.839077,19.628221,3076,2581,AODV-AERS1,AODV-AERS1,AODV-AERS1,1.181424,0.953836,7.610557
954,TWO_CLUSTER,44,27.034567,1275.753085,11.30363,705521,279,8,2.687643,3,3.247967,156,37,94,0.101897,14,39,5,0.469587,0.604936,248.985318,4741,2868,0.113631,0.146383,95.859273,4741,694,0.518871,0.668424,293.317586,4741,3169,0.333852,0.526058,390.456417,3876,2039,0,0,-1,4741,0,0.2921,0.376292,253.551834,4741,1784,AODV-AERS3,AODV-AERS3,AODV-AERS2,0.518871,0.668424,95.859273
739,RING,49,62.507849,885.382151,9.34977,205352,695,8,0.893676,1,4.322454,26,6,13,0.061911,14,37,4,0.194342,0.909747,30.937153,554,504,0.186245,0.871841,16.607187,554,483,0.19627,0.918773,11.827218,554,509,0.103726,0.591209,26.252813,455,269,0.192414,0.900722,11.84844,554,499,0.006555,0.030686,59.354398,554,17,AODV-AERS3,AODV-AERS3,AODV-AERS3,0.19627,0.918773,11.827218
770,LINE,31,39.244763,888.771236,10.858635,1767511,1241,7,1.040455,4,4.600046,161,33,99,0.122639,0,30,4,1.283213,0.710112,161.426047,2670,1896,0.371563,0.205618,210.521878,2670,549,1.213502,0.671536,180.594623,2670,1793,0.31945,0.387203,80.976351,1219,472,0.896083,0.49588,287.197913,2670,1324,0,0,-1,2670,0,AODV-AERS1,AODV-AERS1,OLSR,1.283213,0.710112,80.976351
298,TWO_CLUSTER,52,20.301081,1600.449916,11.623242,602152,1265,9,1.864746,1,2.549605,38,8,23,0.084524,16,21,6,0.407554,0.662556,44.189231,892,591,0.267565,0.434978,39.794917,892,388,0.437206,0.710762,19.754861,892,634,0.238602,0.475928,36.00692,727,346,0.24136,0.392377,14.39734,892,350,0.5172,0.840807,17.651273,892,750,AODV,AODV,DSDV,0.5172,0.840807,14.39734
245,LINE,69,437.28289,397.231155,3.133895,958504,446,5,3.486275,1,1.101791,117,15,55,0.082303,0,68,2,0.88303,0.866965,6.84725,4029,3493,0,0,-1,4029,0,0.00632,0.006205,477.843604,4029,25,0.724778,0.711591,61.553003,4029,2867,0.913872,0.897245,44.132553,4029,3615,0.470461,0.461901,114.22425,4029,1861,DSDV,DSDV,AODV-AERS1,0.913872,0.897245,6.84725
347,GRID,47,27.738378,1301.692477,5.29849,1658509,426,13,1.290075,1,2.34472,105,26,71,0.146594,6,42,9,0.82398,0.466228,406.795779,7299,3403,0.240438,0.136046,358.004342,7299,993,0.255209,0.144403,344.095137,7299,1054,0,0,-1,1078,0,0.453516,0.25661,516.395322,7299,1873,0.097095,0.054939,345.015524,7299,401,AODV-AERS1,AODV-AERS1,AODV-AERS3,0.82398,0.466228,344.095137
645,CORRIDOR,32,17.505198,1352.04604,13.921117,870565,216,9,1.329795,3,2.549728,165,40,100,0.117282,11,15,7,0.182967,0.186077,319.484041,7556,1406,0.170214,0.173107,357.693365,7556,1308,0.246473,0.250662,368.669168,7556,1894,0.090703,0.117736,381.487264,5920,697,0,0,-1,7556,0,0.249335,0.253573,374.193108,7556,1916,AODV,AODV,AODV-AERS1,0.249335,0.253573,319.484041
15,RING,24,15.383158,1249.058746,12.117196,65892,1003,9,0.606803,4,2.708411,27,7,18,0.098297,1,13,6,0.065434,0.96748,24.152282,123,119,0.061035,0.902439,46.830804,123,111,0.065984,0.97561,23.066656,123,120,0.022545,0.414141,174.897572,99,41,0.030243,0.447154,59.941713,123,55,0.056636,0.837398,25.114252,123,103,AODV-AERS3,AODV-AERS3,AODV-AERS3,0.065984,0.97561,23.066656
50,CORRIDOR,36,11.17183,1795.101852,10.347582,492258,1076,11,0.704462,2,4.202698,38,5,17,0.066807,14,32,7,0.38272,0.75846,20.104776,857,650,0.208435,0.413069,17.269123,857,354,0.355046,0.703617,22.966531,857,603,0.136013,0.341716,11.304628,676,231,0.07831,0.155193,218.44279,857,133,0.256717,0.508751,18.858728,857,436,AODV-AERS1,AODV-AERS1,OLSR,0.38272,0.75846,11.304628
668,HOTSPOT,31,25.075998,1111.864167,7.133064,380099,375,9,3.485975,3,2.716159,136,26,71,0.127625,26,29,5,0,0,-1,1900,0,0,0,-1,1900,0,0,0,-1,1900,0,0,0,-1,0,0,0,0,-1,1900,0,0,0,-1,1900,0,NONE,NONE,NONE,0,0,-1
460,LINE,49,95.76002,715.329154,2.229556,979719,557,5,1.745775,2,3.415501,64,15,34,0.079752,0,48,3,0.475176,0.461935,16.247354,3297,1523,0.138528,0.134668,213.794722,3297,444,0,0,-1,3297,0,0.831792,0.946733,13.149149,2816,2666,0.287976,0.279951,81.768781,3297,923,1.005888,0.977859,4.126156,3297,3224,AODV,AODV,AODV,1.005888,0.977859,4.126156
448,RING,31,23.033776,1160.107618,5.969984,1015778,1200,7,0.800901,3,5.243626,40,9,28,0.080687,4,19,5,0.911012,0.876497,10.482916,1587,1391,0.88809,0.854442,9.425957,1587,1356,0.88678,0.853182,10.22797,1587,1354,0.284241,0.3273,31.022105,1326,434,0.867132,0.834279,10.686738,1587,1324,0.960787,0.924386,9.940406,1587,1467,AODV,AODV,AODV-AERS2,0.960787,0.924386,9.425957
118,CORRIDOR,21,15.132202,1178.036065,12.511003,447576,186,8,2.778884,2,3.500263,148,29,71,0.195795,13,17,5,0.413049,0.802261,6.552126,4511,3619,0,0,-1,4511,0,0.489974,0.951674,4.366916,4511,4293,0.106829,0.442135,220.181859,2117,936,0.273806,0.531811,20.617397,4511,2399,0.462012,0.897362,27.611033,4511,4048,AODV-AERS3,AODV-AERS3,AODV-AERS3,0.489974,0.951674,4.366916
88,RANDOM,44,64.850398,823.701799,6.813706,245576,660,13,2.844262,4,1.578495,180,25,114,0.139078,18,40,6,0.223462,0.873745,11.908162,697,609,0.219793,0.859397,14.3481,697,599,0.240341,0.939742,9.978906,697,655,0.16035,0.762653,19.654368,573,437,0.140535,0.549498,47.738173,697,383,0,0,-1,697,0,AODV-AERS3,AODV-AERS3,AODV-AERS3,0.240341,0.939742,9.978906
325,LINE,74,451.880415,404.67288,0.222322,1296366,183,9,2.497077,3,4.042391,180,24,123,0.192766,0,73,2,0,0,-1,13282,0,0.008665,0.005797,364.793299,13282,77,0.112646,0.075365,369.683826,13282,1001,0.778055,0.520554,485.795673,13282,6914,0.904655,0.605255,449.690195,13282,8039,0.326234,0.218265,416.762411,13282,2899,DSDV,DSDV,AODV-AERS2,0.904655,0.605255,364.793299
130,GRID,55,163.26352,580.412513,5.397973,1460066,848,9,1.75398,1,2.19024,169,31,111,0.021036,7,48,4,0.94608,0.627323,233.316392,3228,2025,0.245747,0.162949,516.015412,3228,526,0.309286,0.205081,417.243444,3228,662,0.649875,0.5171,395.591695,2690,1391,1.266112,0.839529,501.174639,3228,2710,0.751258,0.498141,223.041543,3228,1608,DSDV,DSDV,AODV,1.266112,0.839529,223.041543
804,GRID,48,105.8614,673.366959,9.364615,293347,607,6,1.492056,2,4.026708,40,7,25,0.193817,6,42,4,0.248243,0.809051,14.92109,906,733,0.271949,0.886313,8.435361,906,803,0.252645,0.8234,11.027301,906,746,0.151723,0.59025,14.149426,759,448,0.306493,0.998896,8.472773,906,905,0.302091,0.984547,4.711144,906,892,DSDV,DSDV,AODV,0.306493,0.998896,4.711144
828,CORRIDOR,33,33.088275,998.66517,4.942141,265368,1207,6,0.889562,1,2.498883,114,22,55,0.191439,13,14,4,0.267419,0.985437,7.638278,412,406,0.104728,0.385922,5.609072,412,159,0.266101,0.980583,8.084966,412,404,0.162691,0.711816,21.691465,347,247,0.127123,0.468447,95.97159,412,193,0,0,-1,412,0,AODV-AERS1,AODV-AERS1,AODV-AERS2,0.267419,0.985437,5.609072
420,RING,40,125.382071,564.822874,3.377995,814691,787,7,2.311002,3,3.927202,76,18,41,0.085706,11,30,2,0.839341,0.995361,2.126994,1940,1931,0.839776,0.995876,2.809184,1940,1932,0.570717,0.676804,101.191522,1940,1313,0.843253,1,2.142968,1940,1940,0.827605,0.981443,7.150025,1940,1904,0.730675,0.866495,5.679466,1940,1681,OLSR,OLSR,AODV-AERS1,0.843253,1,2.126994
91,LINE,21,9.887124,1457.386242,5.054409,550645,305,11,2.834369,4,4.293889,112,18,65,0.020355,0,20,7,0.512376,0.85229,7.189094,3385,2885,0.480586,0.799409,6.199108,3385,2706,0.512376,0.85229,6.856709,3385,2885,0.334066,0.706612,32.998932,2662,1881,0.280075,0.465879,23.089381,3385,1577,0,0,-1,3385,0,AODV-AERS1,AODV-AERS1,AODV-AERS2,0.512376,0.85229,6.199108
631,GRID,77,425.615873,425.340223,0.633002,1356985,212,6,2.811994,3,2.09102,135,22,66,0.073849,8,72,3,0.07872,0.051246,339.920591,12001,615,0.085376,0.055579,452.661693,12001,667,0.138752,0.090326,401.840112,12001,1084,0.182272,0.13943,595.889789,10213,1424,0.579712,0.377385,469.800846,12001,4529,0.085504,0.055662,435.134168,12001,668,DSDV,DSDV,AODV-AERS1,0.579712,0.377385,339.920591
414,LINE,34,13.026631,1615.561163,4.726095,533302,1246,9,3.439097,2,4.648137,56,11,34,0.051566,0,33,7,0.465435,0.854115,19.053244,802,685,0.460678,0.845387,16.751585,802,678,0.334977,0.614713,20.574173,802,493,0.237134,0.5584,10.30061,625,349,0.093766,0.17207,21.184547,802,138,0.26771,0.491272,22.442018,802,394,AODV-AERS1,AODV-AERS1,OLSR,0.465435,0.854115,10.30061
988,CORRIDOR,56,62.95802,943.12332,1.907455,945664,1165,7,3.006179,3,1.223071,106,20,68,0.189064,20,34,4,0.675715,0.698225,33.969246,1521,1062,0.900317,0.930309,9.450876,1521,1415,0.85387,0.882314,51.057773,1521,1342,0.443478,1,6.416873,697,697,0,0,-1,1521,0,0.752703,0.777778,16.711284,1521,1183,AODV-AERS2,OLSR,OLSR,0.900317,1,6.416873
295,TWO_CLUSTER,53,151.155559,592.142009,3.531278,280390,212,10,1.210932,1,5.800587,124,19,75,0.083959,29,50,3,0,0,-1,2479,0,0.144768,0.456232,42.932573,2479,1131,0.288256,0.908431,4.183565,2479,2252,0.262784,0.984652,16.994748,2085,2053,0.26816,0.845099,9.123966,2479,2095,0.255616,0.805567,7.18337,2479,1997,AODV-AERS3,OLSR,AODV-AERS3,0.288256,0.984652,4.183565
630,GRID,41,41.111303,998.645398,11.620748,225139,922,12,1.221801,3,1.527928,103,14,46,0.086691,6,35,6,0.184427,0.796499,14.181206,457,364,0.1824,0.787746,17.6984,457,360,0.186453,0.805252,22.580349,457,368,0.07296,0.385027,38.795124,374,144,0,0,-1,457,0,0.04864,0.210066,57.690433,457,96,AODV-AERS3,AODV-AERS3,AODV-AERS1,0.186453,0.805252,14.181206
978,RING,76,206.01369,607.377579,1.483821,1079859,1176,5,1.261501,2,1.344893,40,6,20,0.18551,20,60,3,0.585626,0.529924,7.474303,1721,912,0.56893,0.514817,41.136264,1721,886,0.364732,0.330041,47.075129,1721,568,0.764139,0.804598,12.292597,1479,1190,1.037045,0.938408,17.503576,1721,1615,0.174018,0.157467,42.66362,1721,271,DSDV,DSDV,AODV-AERS1,1.037045,0.938408,7.474303
488,GRID,32,61.150295,723.395346,14.791266,653535,200,9,0.79449,4,1.737816,154,30,87,0.090941,5,30,5,0.100077,0.134345,215.222801,6126,823,0.2888,0.387692,279.308642,6126,2375,0.000365,0.00049,272.298802,6126,3,0.308013,0.486087,379.138496,5211,2533,0.054234,0.072804,548.707986,6126,446,0.165862,0.222658,247.454995,6126,1364,OLSR,OLSR,AODV-AERS1,0.308013,0.486087,215.222801
820,RANDOM,40,121.765035,573.150529,11.859318,491988,1368,9,0.986798,2,1.336404,138,29,78,0.119605,0,18,4,0.489158,0.974777,6.580681,674,657,0.420661,0.838279,16.817984,674,565,0.335785,0.669139,20.512979,674,451,0.396836,0.912671,17.051634,584,533,0.483202,0.962908,9.961386,674,649,0.387157,0.771513,10.303979,674,520,AODV-AERS1,AODV-AERS1,AODV-AERS1,0.489158,0.974777,6.580681
690,GRID,49,18.475878,1628.528997,6.198063,150768,188,14,1.049238,2,2.048599,127,32,76,0.153327,0,48,12,0,0,-1,1503,0,0.000922,0.005323,275.78676,1503,8,0,0,-1,1503,0,0,0,-1,0,0,0,0,-1,1503,0,0,0,-1,1503,0,AODV-AERS2,AODV-AERS2,AODV-AERS2,0.000922,0.005323,275.78676
590,RING,71,262.719389,519.856061,5.608007,1701808,1381,7,2.954894,2,1.64431,75,10,47,0.166122,8,45,2,0.327639,0.188745,96.701873,2310,436,0.3329,0.191775,88.233288,2310,443,0,0,-1,2310,0,1.526229,0.879221,25.949626,2310,2031,1.203098,0.693074,85.552651,2310,1601,0.259256,0.149351,150.775594,2310,345,OLSR,OLSR,OLSR,1.526229,0.879221,25.949626
838,RING,49,35.427191,1176.060539,8.986017,327638,159,12,3.166634,4,4.397549,123,29,68,0.059509,23,47,5,0.301893,0.783588,10.210656,3863,3027,0.31406,0.81517,6.145826,3863,3149,0.313063,0.812581,5.521746,3863,3139,0.197273,0.628136,35.070813,3149,1978,0.076894,0.199586,56.381409,3863,771,0.207346,0.538183,14.846374,3863,2079,AODV-AERS2,AODV-AERS2,AODV-AERS3,0.31406,0.81517,5.521746
597,RANDOM,54,54.073713,999.31817,11.741217,786753,1202,15,2.126469,1,2.090713,172,40,94,0.106623,10,36,8,0.72488,0.90057,13.29056,1227,1105,0.615328,0.764466,16.985091,1227,938,0.51168,0.635697,15.32819,1227,780,0.141696,0.229543,58.914262,941,216,0.63304,0.786471,21.989745,1227,965,0.738,0.91687,12.164647,1227,1125,AODV,AODV,AODV,0.738,0.91687,12.164647
226,RANDOM,60,216.098452,526.926205,2.325932,295360,1280,5,2.100209,3,1.770231,100,18,55,0.137951,1,31,3,0.275552,0.914352,12.805426,432,395,0.295782,0.981481,6.934471,432,424,0.08999,0.298611,105.068847,432,129,0.256717,1,4.802449,368,368,0.287411,0.953704,10.291419,432,412,0.136032,0.451389,29.191755,432,195,AODV-AERS2,OLSR,OLSR,0.295782,1,4.802449
887,RING,23,26.286638,935.397918,8.902175,393939,150,11,3.266555,1,4.946425,25,4,15,0.136866,4,16,4,0.425396,0.910032,4.803055,4924,4481,0.44894,0.960398,2.587159,4924,4729,0.458623,0.981113,2.639339,4924,4831,0.216448,0.568154,97.326441,4013,2280,0.464319,0.993298,3.625735,4924,4891,0.395397,0.845857,5.635259,4924,4165,DSDV,DSDV,AODV-AERS2,0.464319,0.993298,2.587159
749,TWO_CLUSTER,48,57.03368,917.391942,3.378751,575846,355,10,3.02996,3,4.204953,145,21,88,0.045575,6,27,4,0.095188,0.153239,15.153483,3041,466,0.470426,0.757317,10.752505,3041,2303,0.232864,0.374877,10.003901,3041,1140,0.521697,0.9961,4.053271,2564,2554,0.569904,0.917461,182.264295,3041,2790,0.553767,0.891483,4.366304,3041,2711,DSDV,OLSR,OLSR,0.569904,0.9961,4.053271
589,GRID,40,111.995161,597.627216,8.324671,682478,1125,10,0.684204,4,4.511438,77,18,54,0.177255,6,35,4,0.629692,0.900616,5.706166,1137,1024,0.459355,0.656992,10.748684,1137,747,0.686881,0.98241,6.782673,1137,1117,0.373879,0.637317,27.96521,954,608,0.019063,0.027265,5.726933,1137,31,0.64937,0.92876,11.987495,1137,1056,AODV-AERS3,AODV-AERS3,AODV-AERS1,0.686881,0.98241,5.706166
814,LINE,58,101.028785,757.689783,0.757712,2193571,1222,5,2.126623,3,4.09587,99,17,65,0.088395,0,57,3,0.008667,0.003863,160.555893,3365,13,0.192667,0.085884,187.17211,3365,289,0.381333,0.169985,459.324836,3365,572,1.469333,0.809699,397.130306,2722,2204,1.721333,0.767311,442.936834,3365,2582,0.350667,0.156315,525.621563,3365,526,DSDV,OLSR,AODV-AERS1,1.721333,0.809699,160.555893
839,RING,36,29.732624,1100.359577,1.148204,481059,1174,9,3.085234,1,4.465678,100,19,53,0.100136,16,34,5,0,0,-1,768,0,0.460927,0.936198,11.335713,768,719,0.433361,0.880208,11.950012,768,676,0.320533,0.789889,28.136325,633,500,0.489775,0.994792,10.43124,768,764,0.471184,0.957031,9.606544,768,735,DSDV,DSDV,AODV,0.489775,0.994792,9.606544
599,LINE,59,108.148455,738.611127,2.380506,1764669,427,7,3.378681,2,1.966231,129,23,62,0.039744,0,58,3,0.017472,0.009293,633.29067,7748,72,0.496739,0.264197,369.1927,7748,2047,0.362059,0.192566,409.595018,7748,1492,0.553765,0.581846,471.368365,3922,2282,0.259653,0.1381,619.356287,7748,1070,0.187824,0.099897,317.479786,7748,774,OLSR,OLSR,AODV,0.553765,0.581846,317.479786
994,GRID,45,119.764233,612.974895,2.425569,1995738,751,8,1.589911,4,1.843447,159,26,81,0.039826,6,42,3,0.626108,0.302489,415.645741,4982,1507,0.8193,0.395825,371.257015,4982,1972,0.636495,0.307507,375.337905,4982,1532,0.543846,0.309383,478.92734,4231,1309,0.309523,0.149538,451.570926,4982,745,0.683027,0.329988,326.371454,4982,1644,AODV-AERS2,AODV-AERS2,AODV,0.8193,0.395825,326.371454
408,GRID,62,51.083675,1101.678257,11.904823,507897,1266,11,2.75798,3,5.77042,136,27,83,0.060791,7,56,7,0.307109,0.591755,26.879322,752,445,0.373362,0.719415,20.989777,752,541,0.4127,0.795213,24.680604,752,598,0.077985,0.184641,95.938061,612,113,0.280194,0.539894,46.360584,752,406,0.439615,0.847074,19.043105,752,637,AODV,AODV,AODV,0.439615,0.847074,19.043105
951,GRID,36,12.215716,1716.689652,8.694016,227092,569,6,0.91764,2,1.27843,147,21,73,0.112642,5,30,-1,0,0,-1,748,0,0,0,-1,748,0,0,0,-1,748,0,0,0,-1,0,0,0,0,-1,748,0,0,0,-1,748,0,NONE,NONE,NONE,0,0,-1
678,LINE,36,26.894639,1156.960129,10.055258,161716,1078,12,0.535907,3,3.101675,54,13,36,0.130664,0,35,5,0.13213,0.797153,47.53134,281,224,0.142158,0.857651,28.255755,281,241,0,0,-1,281,0,0.029493,0.225225,7.549429,222,50,0.106766,0.644128,13.327987,281,181,0.146287,0.882562,21.193493,281,248,AODV,AODV,OLSR,0.146287,0.882562,7.549429
165,RING,25,13.951632,1338.620579,11.13303,1349268,1019,10,0.788545,4,5.307387,67,14,35,0.050219,6,16,5,1.321174,0.953263,8.145281,2482,2366,1.247466,0.900081,6.742599,2482,2234,1.320616,0.952861,8.092425,2482,2365,0.804654,0.738596,32.926498,1951,1441,0.384738,0.277599,71.45747,2482,689,1.323966,0.955278,7.364078,2482,2371,AODV,AODV,AODV-AERS2,1.323966,0.955278,6.742599
264,RING,50,165.219735,550.115703,2.326977,1920259,128,5,0.950161,2,4.315448,178,44,119,0.02749,11,35,2,0.229715,0.098158,604.718083,28128,2761,0.255507,0.109179,645.171696,28128,3071,0.128211,0.054785,557.795925,28128,1541,0.409926,0.205703,2563.430065,23952,4927,0.55303,0.236313,2806.422089,28128,6647,0.19527,0.08344,1012.192347,28128,2347,DSDV,DSDV,AODV-AERS3,0.55303,0.236313,557.795925
300,GRID,68,251.887358,519.578618,1.306616,1974521,130,9,1.845782,2,4.351523,90,20,54,0.028716,8,63,3,0.143422,0.059765,1193.618702,28478,1702,0.038257,0.015942,1672.53194,28478,454,0.000337,0.00014,313.935777,28478,4,0.242604,0.118458,2218.474039,24304,2879,0.281366,0.117248,2409.020012,28478,3339,0.070363,0.029321,1266.792554,28478,835,DSDV,OLSR,AODV-AERS3,0.281366,0.118458,313.935777
876,LINE,79,213.124749,608.830783,0.721226,864961,1280,5,2.367436,1,3.032844,99,14,47,0.033654,0,78,3,0.039763,0.044988,798.492839,1267,57,0.199514,0.22573,39.805958,1267,286,0.36624,0.414365,139.718576,1267,525,0.542733,0.721038,38.752113,1079,778,0.74992,0.848461,20.468579,1267,1075,0.364147,0.411997,44.681914,1267,522,DSDV,DSDV,DSDV,0.74992,0.848461,20.468579
849,HOTSPOT,66,30.756977,1464.873576,4.161499,1400974,1375,5,0.737195,3,4.876791,118,29,66,0.182583,51,60,-1,0,0,-1,1910,0,0,0,-1,1910,0,0,0,-1,1910,0,0,0,-1,0,0,0,0,-1,1910,0,0,0,-1,1910,0,NONE,NONE,NONE,0,0,-1
180,HOTSPOT,30,20.326344,1214.873326,17.433647,517720,605,7,2.690639,1,4.887858,159,32,98,0.063,24,28,-1,0,0,-1,1604,0,0,0,-1,1604,0,0,0,-1,1604,0,0,0,-1,0,0,0,0,-1,1604,0,0,0,-1,1604,0,NONE,NONE,NONE,0,0,-1
75,LINE,37,117.166916,561.950888,5.890087,140783,708,6,3.349429,3,4.589293,142,22,64,0.136563,0,36,2,0.084787,0.580645,22.234392,372,216,0.131106,0.897849,34.090798,372,334,0.081647,0.55914,54.530723,372,208,0.051029,0.349462,28.976427,372,130,0.108339,0.741935,12.343151,372,276,0.140134,0.959677,8.429314,372,357,AODV,AODV,AODV,0.140134,0.959677,8.429314
756,HOTSPOT,46,74.459735,785.992084,0.31865,1248003,848,11,3.350951,3,5.881575,131,27,64,0.052632,43,45,5,1.228736,0.953244,12.89038,2759,2630,1.202106,0.932584,11.672888,2759,2573,1.230605,0.954694,10.957923,2759,2634,0.410202,0.676425,71.285,1298,878,0.351802,0.272925,134.305507,2759,753,1.195098,0.927148,14.645594,2759,2558,AODV-AERS3,AODV-AERS3,AODV-AERS3,1.230605,0.954694,10.957923
912,GRID,62,54.793413,1063.730635,16.649523,819041,725,9,2.275706,2,1.377753,177,43,117,0.041709,7,56,7,0.458226,0.538716,15.805235,2118,1141,0.144576,0.169972,32.94544,2118,360,0.674286,0.792729,26.245206,2118,1679,0.01004,0.01456,37.320929,1717,25,0.17068,0.200661,34.988688,2118,425,0.597581,0.70255,15.590281,2118,1488,AODV-AERS3,AODV-AERS3,AODV,0.674286,0.792729,15.590281
87,GRID,48,26.469172,1346.636686,10.712515,733931,716,12,2.460968,4,2.418071,115,17,64,0.141526,6,42,10,0.590438,0.774597,12.283476,1921,1488,0.493222,0.647059,11.812636,1921,1243,0.620595,0.814159,13.273208,1921,1564,0.296013,0.485677,69.22084,1536,746,0,0,-1,1921,0,0.571392,0.74961,14.420082,1921,1440,AODV-AERS3,AODV-AERS3,AODV-AERS2,0.620595,0.814159,11.812636
11,LINE,79,602.929841,361.976316,1.477431,594627,1036,6,1.149641,2,2.385667,134,25,90,0.048338,0,78,2,0.107819,0.17658,328.98801,1076,190,0.076608,0.125465,106.452871,1076,135,0.30019,0.491636,25.447378,1076,529,0.556117,0.910781,34.528176,1076,980,0.561792,0.920074,14.779091,1076,990,0.498803,0.816914,43.018288,1076,879,DSDV,DSDV,DSDV,0.561792,0.920074,14.779091
33,LINE,32,19.53715,1279.806728,7.59937,75420,451,8,2.818877,2,3.667707,102,25,69,0.153587,0,31,6,0.069998,0.875399,20.360711,313,274,0.071275,0.891374,21.268503,313,279,0.07664,0.958466,11.903088,313,300,0.036532,0.56746,5.16319,252,143,0.0327,0.408946,59.279692,313,128,0.069742,0.872204,16.641657,313,273,AODV-AERS3,AODV-AERS3,OLSR,0.07664,0.958466,5.16319
361,CORRIDOR,36,15.619017,1518.183956,5.469666,207560,240,9,3.452624,2,5.672779,90,17,62,0.06074,8,9,7,0.212113,0.915484,6.007729,1621,1484,0,0,-1,1621,0,0.192817,0.832202,7.49277,1621,1349,0.089619,0.836,36.207967,750,627,0,0,-1,1621,0,0.206682,0.892042,6.260264,1621,1446,AODV-AERS1,AODV-AERS1,AODV-AERS1,0.212113,0.915484,6.007729
621,HOTSPOT,37,23.588976,1252.409391,9.310981,528211,1230,9,3.01572,3,5.322889,143,23,86,0.142463,32,34,6,0.49582,0.918012,13.325393,805,739,0.181823,0.336646,35.62994,805,271,0.459589,0.850932,15.257148,805,685,0.126806,0.289433,125.766281,653,189,0,0,-1,805,0,0.405915,0.751553,20.593239,805,605,AODV-AERS1,AODV-AERS1,AODV-AERS1,0.49582,0.918012,13.325393
212,LINE,63,64.151488,990.984606,9.467726,474770,1276,10,1.909412,4,5.71025,137,18,90,0.132053,0,62,4,0.233677,0.482066,67.212092,697,336,0.338692,0.698709,23.596071,697,487,0.169694,0.350072,130.815326,697,244,0.055637,0.672269,49.211773,119,80,0.183603,0.378766,92.435751,697,264,0.001391,0.002869,1115.646043,697,2,AODV-AERS2,AODV-AERS2,AODV-AERS2,0.338692,0.698709,23.596071
946,RING,24,101.785914,485.581106,4.87722,1693112,408,5,3.110019,2,2.249102,25,4,12,0.113533,12,23,2,1.750278,0.967481,319.682764,7780,7527,0,0,-1,7780,0,0,0,-1,7780,0,0.589705,0.325964,500.405689,7780,2536,1.654475,0.914524,86.075068,7780,7115,0.229045,0.126607,249.798436,7780,985,AODV-AERS1,AODV-AERS1,DSDV,1.750278,0.967481,86.075068
567,RANDOM,74,297.412244,498.811477,0.758263,2064568,1280,9,0.691106,2,5.791675,150,37,80,0.068475,5,63,3,0.337638,0.160053,441.258397,3024,484,0.176493,0.083664,249.003175,3024,253,0.190445,0.090278,229.937543,3024,273,1.36311,0.75913,372.360975,2574,1954,1.62471,0.770172,404.084603,3024,2329,0.381587,0.180886,366.915342,3024,547,DSDV,DSDV,AODV-AERS3,1.62471,0.770172,229.937543
547,GRID,28,14.797678,1375.5685,10.79516,514308,165,20,1.143854,2,5.874239,86,18,57,0.197436,5,24,13,0,0,-1,5844,0,0,0,-1,5844,0,0,0,-1,5844,0,0,0,-1,0,0,0,0,-1,5844,0,0,0,-1,5844,0,NONE,NONE,NONE,0,0,-1
891,TWO_CLUSTER,37,14.458548,1599.699939,11.499541,556040,352,13,2.348715,4,3.416926,166,21,115,0.099144,6,25,7,0.514368,0.857143,6.615878,2961,2538,0.105995,0.17663,172.413011,2961,523,0.476064,0.793313,15.23027,2961,2349,0.048032,0.109267,8.193386,2169,237,0.100523,0.167511,106.405081,2961,496,0.521461,0.868963,11.42095,2961,2573,AODV,AODV,AODV-AERS1,0.521461,0.868963,6.615878
366,LINE,62,73.860569,916.198382,10.3298,1238306,296,7,0.627836,4,5.40245,57,12,30,0.169921,0,61,4,0.061344,0.045263,421.38084,7843,355,0.08208,0.060564,524.945876,7843,475,0.281318,0.207574,468.428171,7843,1628,0.267322,0.28696,641.783613,5391,1547,0.085363,0.062986,389.805199,7843,494,0.045446,0.033533,366.823727,7843,263,AODV-AERS3,OLSR,AODV,0.281318,0.28696,366.823727
416,HOTSPOT,44,64.084468,828.609575,2.996024,528558,434,8,1.194576,3,2.102311,160,31,93,0.158861,32,38,6,0.489104,0.86947,6.572889,2283,1985,0.515222,0.9159,6.302212,2283,2091,0.4928,0.87604,6.558619,2283,2000,0.083283,0.793427,140.791444,426,338,0.502902,0.893999,66.284817,2283,2041,0.532717,0.947,6.090496,2283,2162,AODV,AODV,AODV,0.532717,0.947,6.090496
231,RING,49,40.364891,1101.783207,8.32367,145327,230,11,2.865605,2,2.625949,49,8,31,0.036561,6,30,5,0.152323,0.934966,7.108089,1184,1107,0.152186,0.934122,5.726619,1184,1106,0.131683,0.808277,9.959581,1184,957,0.078707,0.607219,3.429632,942,572,0.001376,0.008446,1724.562784,1184,10,0.137462,0.84375,7.539977,1184,999,AODV-AERS1,AODV-AERS1,OLSR,0.152323,0.934966,3.429632
390,RING,42,15.876853,1626.456419,15.631392,79253,834,14,1.398818,2,5.385747,29,7,16,0.112501,10,30,7,0.075396,0.921348,33.039883,178,164,0.045514,0.55618,83.739954,178,99,0.073098,0.893258,36.047816,178,159,0,0,-1,0,0,0.024366,0.297753,21.374624,178,53,0.06896,0.842697,56.087449,178,150,AODV-AERS1,AODV-AERS1,DSDV,0.075396,0.921348,21.374624
404,HOTSPOT,44,255.717269,414.807223,3.173978,919496,663,9,2.456231,1,3.087041,90,18,43,0.125841,34,42,2,0,0,-1,2600,0,0.950816,0.992308,2.588273,2600,2580,0.939391,0.980385,2.381491,2600,2549,0.596655,0.622692,3.420358,2600,1619,0.9147,0.954615,8.671434,2600,2482,0.954133,0.995769,3.24204,2600,2589,AODV,AODV,AODV-AERS3,0.954133,0.995769,2.381491
202,RANDOM,54,40.955451,1148.262086,14.93766,72824,400,13,0.782969,4,2.71109,145,23,88,0.099979,33,38,7,0.050219,0.645161,36.172068,341,220,0.03561,0.457478,119.38509,341,156,0.03424,0.439883,18.513767,341,150,0.00662,0.104693,5.971404,277,29,0.037664,0.483871,15.609998,341,165,0.038121,0.489736,62.15027,341,167,AODV-AERS1,AODV-AERS1,OLSR,0.050219,0.645161,5.971404
322,RANDOM,45,95.321969,687.083872,9.657482,1113829,696,8,1.400876,3,5.034181,82,16,49,0.050359,7,24,4,0.261026,0.225333,86.271713,3000,676,1.036768,0.895,6.482946,3000,2685,0.568774,0.491,19.686264,3000,1473,0.481894,0.496815,12.490183,2512,1248,0.552557,0.477,19.463457,3000,1431,0,0,-1,3000,0,AODV-AERS2,AODV-AERS2,AODV-AERS2,1.036768,0.895,6.482946
211,HOTSPOT,55,56.829912,983.768363,4.225628,1359719,595,8,2.813235,4,5.804509,76,18,41,0.041531,46,52,6,0.991816,0.696779,404.872356,4284,2985,0.910411,0.639589,429.470974,4284,2740,0.872532,0.612979,405.233871,4284,2626,0.673837,0.609925,453.079043,3325,2028,0,0,-1,4284,0,0.375461,0.263772,282.462858,4284,1130,AODV-AERS1,AODV-AERS1,AODV,0.991816,0.696779,282.462858
510,TWO_CLUSTER,75,180.917079,643.859114,2.644686,1057045,989,10,3.482325,1,3.582324,67,9,39,0.140174,18,49,3,0.674746,0.620758,112.925688,2004,1244,0.02712,0.02495,250.819156,2004,50,0.565723,0.520459,26.395525,2004,1043,0.50172,0.870179,18.940111,1063,925,0.989338,0.91018,9.526221,2004,1824,0.180077,0.165669,316.172752,2004,332,DSDV,DSDV,DSDV,0.989338,0.91018,9.526221
734,GRID,74,128.178142,759.816768,6.442743,1665575,1267,10,3.247064,3,2.491318,165,23,92,0.050397,8,72,4,0.151947,0.089286,406.023566,2464,220,0.595355,0.349838,141.280824,2464,862,0,0,-1,2464,0,0.599499,0.420543,384.275015,2064,868,1.089181,0.640016,367.966831,2464,1577,0.495899,0.291396,245.964732,2464,718,DSDV,DSDV,AODV-AERS2,1.089181,0.640016,141.280824
870,HOTSPOT,50,91.128908,740.724859,12.05284,774263,814,7,2.875976,1,1.242544,78,11,45,0.14791,38,46,4,0.752187,0.939428,8.115644,1783,1675,0.089364,0.11161,22.586948,1783,199,0.430206,0.537297,7.633476,1783,958,0.595462,0.885772,25.571084,1497,1326,0.164807,0.205833,13.992544,1783,367,0.377216,0.471116,11.162821,1783,840,AODV-AERS1,AODV-AERS1,AODV-AERS3,0.752187,0.939428,7.633476
326,GRID,69,216.133936,565.019015,1.358123,854043,1239,5,1.943523,2,3.288762,117,26,61,0.187533,8,63,3,0.741955,0.849845,9.342718,1292,1098,0.858181,0.982972,6.249081,1292,1270,0.380438,0.435759,172.664368,1292,563,0.69533,0.939726,5.704581,1095,1029,0.791284,0.906347,43.525348,1292,1171,0.153391,0.175697,185.627583,1292,227,AODV-AERS2,AODV-AERS2,OLSR,0.858181,0.982972,5.704581
721,RING,28,17.79888,1254.24586,8.00802,317719,832,10,2.025083,2,2.354568,33,4,19,0.080741,4,17,6,0.307307,0.935754,10.030691,716,670,0.296757,0.903631,12.821063,716,647,0.314187,0.956704,9.636051,716,685,0.22016,0.823328,20.558413,583,480,0,0,-1,716,0,0.314187,0.956704,9.592759,716,685,AODV-AERS3,AODV-AERS3,AODV,0.314187,0.956704,9.592759
973,RING,30,25.935307,1075.511185,7.579636,1274292,395,10,1.395453,2,1.12984,60,13,27,0.077166,7,23,5,0.725981,0.532077,341.905918,6048,3218,0.609346,0.446594,356.096827,6048,2701,0.428414,0.313988,319.594169,6048,1899,0.704323,0.62465,612.149479,4998,3122,0.264629,0.193948,522.544693,6048,1173,0.580694,0.425595,402.89117,6048,2574,AODV-AERS1,OLSR,AODV-AERS3,0.725981,0.62465,319.594169
288,HOTSPOT,79,287.771867,523.949438,1.180805,1549808,156,6,1.266797,4,3.07218,66,14,45,0.049859,74,75,3,0.022374,0.01224,427.623239,18627,228,0.021884,0.011972,391.294124,18627,223,0.131499,0.071939,439.833291,18627,1340,0.241114,0.153976,748.063322,15957,2457,0.399893,0.218768,706.936903,18627,4075,0.138466,0.07575,517.683212,18627,1411,DSDV,DSDV,AODV-AERS2,0.399893,0.218768,391.294124
795,CORRIDOR,80,388.335031,453.880693,0.578456,739450,684,6,2.189924,4,5.372701,51,11,33,0.099054,42,78,2,0.75415,0.979773,3.340271,2027,1986,0.164425,0.213616,180.309552,2027,433,0.280243,0.364085,129.871554,2027,738,0.764403,0.993093,32.851265,2027,2013,0.68314,0.887519,14.546189,2027,1799,0.053922,0.070054,58.889093,2027,142,OLSR,OLSR,AODV-AERS1,0.764403,0.993093,3.340271
993,RANDOM,45,67.545674,816.220476,11.332274,835935,398,13,2.613437,1,4.59602,142,35,97,0.024599,12,15,6,0.847456,0.947181,64.769157,3938,3730,0.805197,0.899949,35.580899,3938,3544,0.851773,0.952006,6.28176,3938,3749,0.191757,0.257004,92.028002,3284,844,0.214931,0.240223,187.089615,3938,946,0.686144,0.766887,111.840891,3938,3020,AODV-AERS3,AODV-AERS3,AODV-AERS3,0.851773,0.952006,6.28176
474,LINE,45,19.290168,1527.348896,4.672545,222234,1109,10,1.921114,1,2.074632,155,22,85,0.144101,0,44,6,0.193442,0.850667,23.779324,375,319,0.184346,0.810667,36.00009,375,304,0.209208,0.92,21.315982,375,345,0.09945,1,8.101699,164,164,0.180101,0.792,31.584617,375,297,0.206782,0.909333,23.132545,375,341,AODV-AERS3,OLSR,OLSR,0.209208,1,8.101699
798,GRID,20,6.939464,1697.665204,12.172828,328663,601,8,3.289125,2,3.627156,130,18,83,0.111855,4,15,-1,0,0,-1,1025,0,0,0,-1,1025,0,0,0,-1,1025,0,0,0,-1,0,0,0,0,-1,1025,0,0,0,-1,1025,0,NONE,NONE,NONE,0,0,-1
225,RING,44,89.172516,702.442579,3.507687,736058,409,5,1.692659,4,4.101038,147,30,90,0.157461,14,37,3,0.461705,0.587137,6.563858,3374,1981,0.614131,0.780972,5.700862,3374,2635,0.488974,0.621814,9.121557,3374,2098,0.665871,0.99965,2.75129,2858,2857,0.785435,0.998814,25.682462,3374,3370,0.480117,0.610551,10.187396,3374,2060,DSDV,OLSR,OLSR,0.785435,0.99965,2.75129
751,GRID,54,143.058929,614.383291,2.280702,2074732,409,11,2.707085,1,5.0889,84,10,43,0.172225,7,48,4,0.247284,0.111555,580.979455,9511,1061,0.55097,0.248554,457.467939,9511,2364,0.354028,0.15971,447.717116,9511,1519,0.586396,0.320469,476.57467,7851,2516,0.907095,0.40921,582.15072,9511,3892,0.322797,0.145621,477.010247,9511,1385,DSDV,DSDV,AODV-AERS3,0.907095,0.40921,447.717116
341,RING,45,23.939527,1371.034778,11.965157,1828284,184,13,1.263247,4,3.00819,31,6,18,0.054437,11,33,6,0.143595,0.06817,443.860245,18630,1270,0.041043,0.019485,261.434186,18630,363,0.163834,0.077778,458.238193,18630,1449,0.276222,0.169253,1020.591702,14434,2443,0.129914,0.061675,1156.297642,18630,1149,0.147326,0.069941,468.989602,18630,1303,OLSR,OLSR,AODV-AERS2,0.276222,0.169253,261.434186
579,RING,66,35.256438,1368.209973,2.290484,819080,252,11,1.003471,4,5.906094,158,39,83,0.115201,13,48,6,0.368853,0.405317,336.280923,6094,2470,0.460693,0.506236,328.291162,6094,3085,0.455616,0.500656,356.714172,6094,3051,0.480107,0.643773,449.571106,4994,3215,0.310464,0.341155,523.961797,6094,2079,0.494741,0.543649,426.072748,6094,3313,AODV,OLSR,AODV-AERS2,0.494741,0.643773,328.291162
438,HOTSPOT,30,10.588587,1683.222847,7.618293,659508,443,5,0.503309,3,4.685709,108,15,51,0.142331,22,29,-1,0,0,-1,2791,0,0,0,-1,2791,0,0,0,-1,2791,0,0,0,-1,0,0,0,0,-1,2791,0,0,0,-1,2791,0,NONE,NONE,NONE,0,0,-1
159,HOTSPOT,51,124.931699,638.923357,9.311479,316738,1347,6,3.339376,4,5.609479,135,30,78,0.160685,36,44,4,0.242733,0.752273,34.107436,440,331,0.2156,0.668182,31.895868,440,294,0.007333,0.022727,14.426736,440,10,0.137867,0.519337,29.64562,362,188,0,0,-1,440,0,0,0,-1,440,0,AODV-AERS1,AODV-AERS1,AODV-AERS3,0.242733,0.752273,14.426736
80,CORRIDOR,22,8.530623,1605.909116,4.210766,525354,666,13,1.96257,3,2.215338,92,20,44,0.038715,12,18,9,0.485615,0.887086,9.845232,1479,1312,0.422322,0.771467,9.155533,1479,1141,0.49968,0.912779,9.348742,1479,1350,0.199502,0.511385,10.996614,1054,539,0.3879,0.708587,16.184793,1479,1048,0.464517,0.848546,11.612017,1479,1255,AODV-AERS3,AODV-AERS3,AODV-AERS2,0.49968,0.912779,9.155533
55,TWO_CLUSTER,46,62.92731,854.986649,4.308962,1195853,718,8,0.936483,3,5.976951,77,16,47,0.043603,13,28,4,0.77027,0.620115,67.910357,3122,1936,0.307551,0.247598,141.166758,3122,773,0.155964,0.125561,69.107002,3122,392,0.595209,0.998665,34.964803,1498,1496,0.441234,0.355221,86.111157,3122,1109,0.835918,0.672966,218.688949,3122,2101,AODV,OLSR,OLSR,0.835918,0.998665,34.964803
705,RANDOM,73,35.903919,1425.9047,8.320893,444866,143,14,2.047011,1,3.505803,154,35,107,0.033533,55,56,9,0.240586,0.452254,277.323892,5833,2638,0.240586,0.452254,373.901975,5833,2638,0.292022,0.548946,297.57823,5833,3202,0.193618,0.453536,454.343989,4681,2123,0.053626,0.100806,339.234845,5833,588,0.307618,0.578262,319.748314,5833,3373,AODV,AODV,AODV-AERS1,0.307618,0.578262,277.323892
59,CORRIDOR,36,17.471975,1435.424166,15.478308,946170,439,9,1.594633,1,5.78777,41,7,23,0.180224,5,32,6,0.562393,0.558773,260.667152,4041,2258,0.046575,0.046276,104.987646,4041,187,0.519055,0.515714,174.559362,4041,2084,0,0,-1,0,0,0.080698,0.080178,507.117261,4041,324,0.450562,0.447661,159.21589,4041,1809,AODV-AERS1,AODV-AERS1,AODV-AERS2,0.562393,0.558773,104.987646
106,RANDOM,41,32.815954,1117.762174,1.860056,930858,841,17,2.166685,4,5.236658,171,42,113,0.144281,11,13,11,0.749889,0.779759,49.057965,2075,1618,0.651634,0.67759,16.022836,2075,1406,0.797163,0.828916,16.017075,2075,1720,0,0,-1,0,0,0,0,-1,2075,0,0.795772,0.82747,13.69805,2075,1717,AODV-AERS3,AODV-AERS3,AODV,0.797163,0.828916,13.69805
882,RING,72,95.354728,868.950692,1.194675,2029286,1324,9,1.164519,1,1.528343,95,21,57,0.103319,19,52,4,0.985698,0.475809,323.729122,2873,1367,0.710972,0.343195,232.602812,2873,986,0.818411,0.395057,442.694279,2873,1135,0.767936,0.443012,422.400455,2404,1065,0.839322,0.405151,457.778208,2873,1164,1.071505,0.517229,312.996189,2873,1486,AODV,AODV,AODV-AERS2,1.071505,0.517229,232.602812
446,LINE,78,163.797631,690.070549,5.912075,1023546,1200,9,1.147661,2,4.898314,112,14,70,0.141848,0,77,3,0,0,-1,1599,0,0.10086,0.09631,166.376936,1599,154,0.333361,0.318324,340.531486,1599,509,0.58944,0.669643,33.492924,1344,900,0.360213,0.343965,134.815822,1599,550,0.236431,0.225766,21.812793,1599,361,OLSR,OLSR,AODV,0.58944,0.669643,21.812793
982,HOTSPOT,42,36.752304,1069.011462,1.615064,85141,390,11,3.026709,4,1.294969,97,24,65,0.045316,34,39,5,0.087167,0.95599,10.146379,409,391,0.085383,0.93643,11.727805,409,383,0.08739,0.958435,9.47513,409,392,0.068663,0.922156,13.703104,334,308,0.045924,0.503667,82.636134,409,206,0.081371,0.892421,17.511898,409,365,AODV-AERS3,AODV-AERS3,AODV-AERS3,0.08739,0.958435,9.47513
494,RANDOM,57,154.640533,607.121704,2.379318,1525774,1147,7,2.944515,2,1.018063,85,18,58,0.164662,49,50,4,0.510107,0.326383,292.572219,2494,814,1.059693,0.678027,29.599253,2494,1691,1.43256,0.9166,16.542254,2494,2286,0.825947,0.621698,62.212001,2120,1318,1.451987,0.92903,256.703032,2494,2317,1.426293,0.91259,16.117696,2494,2276,DSDV,DSDV,AODV,1.451987,0.92903,16.117696
307,LINE,47,30.474599,1241.880841,11.682371,1448280,844,11,2.419968,2,2.733682,53,13,31,0.194234,0,46,5,0.425071,0.284116,206.321631,3217,914,0.742711,0.496425,319.013531,3217,1597,0.525525,0.351259,208.186242,3217,1130,0.019998,0.016863,68.808152,2550,43,0,0,-1,3217,0,0.31206,0.208579,206.279684,3217,671,AODV-AERS2,AODV-AERS2,OLSR,0.742711,0.496425,68.808152
864,CORRIDOR,43,29.006001,1217.55979,14.478548,326328,983,10,1.353944,2,1.471787,138,31,87,0.093903,30,41,5,0,0,-1,622,0,0.203278,0.606109,46.734605,622,377,0.110536,0.329582,44.529925,622,205,0.024264,0.149502,196.146056,301,45,0.194651,0.580386,19.47728,622,361,0.136957,0.40836,81.956394,622,254,AODV-AERS2,AODV-AERS2,DSDV,0.203278,0.606109,19.47728
542,HOTSPOT,62,256.685218,491.468192,1.648109,1868887,1193,8,2.215055,3,5.442965,122,27,75,0.182942,54,60,2,0.326251,0.170582,114.920157,2937,501,0.946194,0.494723,27.443745,2937,1453,0.515099,0.269322,112.574871,2937,791,1.211232,0.633299,142.651818,2937,1860,1.750426,0.91522,10.271479,2937,2688,1.035408,0.541369,134.697486,2937,1590,DSDV,DSDV,DSDV,1.750426,0.91522,10.271479
327,GRID,55,34.386814,1264.693761,14.09439,515745,511,11,2.96485,4,3.871892,102,25,55,0.188959,7,48,7,0.429475,0.789641,44.342132,1892,1494,0,0,-1,1892,0,0.438674,0.806554,10.228877,1892,1526,0.04427,0.101919,55.590991,1511,154,0.247509,0.455074,26.245484,1892,861,0.368532,0.67759,12.776299,1892,1282,AODV-AERS3,AODV-AERS3,AODV-AERS3,0.438674,0.806554,10.228877
289,RANDOM,71,152.417181,682.515017,0.233552,1136723,673,10,1.128388,4,3.239198,131,27,76,0.139536,34,44,4,1.161978,0.98168,10.795081,3166,3108,0.914104,0.772268,29.818523,3166,2445,1.129077,0.953885,47.920563,3166,3020,0.449762,0.460214,83.137538,2614,1203,0.938031,0.792483,331.051388,3166,2509,0.795588,0.672142,29.960781,3166,2128,AODV-AERS1,AODV-AERS1,AODV-AERS1,1.161978,0.98168,10.795081
893,CORRIDOR,63,40.540775,1246.59176,11.977946,1215894,346,8,2.158016,1,3.428941,72,16,47,0.199538,31,33,5,0.066023,0.050235,262.923436,6589,331,0,0,-1,6589,0,0.162964,0.123995,305.021118,6589,817,0.129055,0.260257,426.562015,2486,647,0.227193,0.172864,430.288707,6589,1139,0.143417,0.109121,413.052425,6589,719,DSDV,OLSR,AODV-AERS1,0.227193,0.260257,262.923436
444,CORRIDOR,80,239.574391,577.86288,3.957704,293023,1240,8,1.44629,4,2.764634,66,9,35,0.105979,45,79,3,0.097382,0.325056,63.264531,443,144,0.14675,0.489842,102.775821,443,217,0.001353,0.004515,2108.639913,443,2,0.195441,0.781081,39.619222,370,289,0.196117,0.654628,28.448633,443,290,0.081152,0.27088,172.913953,443,120,DSDV,OLSR,DSDV,0.196117,0.781081,28.448633
604,RING,47,15.733011,1728.395028,14.240285,584894,284,13,3.353373,4,2.802267,73,16,39,0.089644,9,32,8,0.557773,0.868169,10.318475,3861,3352,0.400026,0.622637,11.777169,3861,2404,0.281882,0.438746,6.820261,3861,1694,0.304013,0.656486,11.041188,2783,1827,0.024294,0.037814,36.988087,3861,146,0.302349,0.470603,14.439764,3861,1817,AODV-AERS1,AODV-AERS1,AODV-AERS3,0.557773,0.868169,6.820261
221,HOTSPOT,78,70.284673,1053.457422,7.846372,2005894,136,10,2.311157,4,5.617027,89,22,46,0.117333,60,77,5,0.297299,0.122912,588.962818,27654,3399,0.337271,0.139437,877.935757,27654,3856,0.062014,0.025638,398.619992,27654,709,0.141346,0.072554,3238.815883,22273,1616,0.166711,0.068923,2235.385885,27654,1906,0.111782,0.046214,763.880634,27654,1278,AODV-AERS2,AODV-AERS2,AODV-AERS3,0.337271,0.139437,398.619992
447,GRID,44,34.322133,1132.241852,3.207465,472467,469,12,2.714416,3,3.609091,92,14,57,0.135614,6,42,6,0.47712,0.95339,5.866141,1888,1800,0.409793,0.818856,7.171147,1888,1546,0.47765,0.954449,5.938385,1888,1802,0.405287,1,5.140305,1529,1529,0.264537,0.528602,29.454472,1888,998,0.426492,0.852225,7.987169,1888,1609,AODV-AERS3,OLSR,OLSR,0.47765,1,5.140305
612,RANDOM,65,29.521648,1483.837639,4.7558,1529026,1067,16,3.222331,1,5.049829,92,12,48,0.031626,14,18,9,1.356048,0.864483,21.557371,2686,2322,1.03076,0.657111,24.117298,2686,1765,1.312248,0.83656,38.87656,2686,2247,0.857312,0.720668,111.594909,2037,1468,0.701968,0.447506,483.441825,2686,1202,1.356632,0.864855,21.184242,2686,2323,AODV,AODV,AODV,1.356632,0.864855,21.184242
850,HOTSPOT,74,384.260028,438.837017,4.118353,728008,1211,6,1.633401,1,2.147376,80,18,41,0.063301,63,72,3,0.209474,0.281278,67.607512,1127,317,0.71829,0.964508,5.995657,1127,1087,0.629742,0.845608,12.517828,1127,953,0.23921,0.327602,46.183371,1105,362,0.645602,0.866903,28.954649,1127,977,0.224672,0.301686,37.63955,1127,340,AODV-AERS2,AODV-AERS2,AODV-AERS2,0.71829,0.964508,5.995657
189,CORRIDOR,52,255.745529,450.918078,5.532213,587849,899,8,2.861304,2,5.150459,90,11,50,0.161716,27,41,2,0.515659,0.850734,6.859202,1226,1043,0,0,-1,1226,0,0.565594,0.933116,4.197431,1226,1144,0.466219,0.769168,10.870747,1226,943,0.581909,0.960033,15.965103,1226,1177,0.141893,0.234095,117.310387,1226,287,DSDV,DSDV,AODV-AERS3,0.581909,0.960033,4.197431
243,CORRIDOR,25,10.987206,1508.434194,1.184485,583227,450,13,1.589038,1,5.230504,152,21,75,0.109617,2,9,6,0.590681,0.953498,5.512505,2430,2317,0.518279,0.836626,6.382889,2430,2033,0.537145,0.867078,6.04326,2430,2107,0.486668,0.998953,4.944362,1911,1909,0.532556,0.859671,22.124048,2430,2089,0.566462,0.914403,5.590543,2430,2222,AODV-AERS1,OLSR,OLSR,0.590681,0.998953,4.944362
636,CORRIDOR,69,161.42212,653.797148,4.144212,464312,751,8,3.457336,3,3.112756,39,8,26,0.026021,2,52,3,0.014957,0.031061,35.131152,1159,36,0.117577,0.244176,88.626159,1159,283,0.224352,0.465919,60.569199,1159,540,0.37849,0.939175,7.899226,970,911,0.430423,0.893874,21.328268,1159,1036,0.142505,0.295945,88.473009,1159,343,DSDV,OLSR,OLSR,0.430423,0.939175,7.899226
385,LINE,54,119.041254,673.516335,1.463865,1471122,768,7,1.337487,4,1.620433,70,12,34,0.187065,0,53,3,1.492235,0.978836,301.892919,3591,3515,0.388873,0.255082,201.787681,3591,916,0.360429,0.236424,270.925944,3591,849,0.961568,0.757779,138.632406,2989,2265,1.141995,0.749095,218.332689,3591,2690,1.041805,0.683375,240.192556,3591,2454,AODV-AERS1,AODV-AERS1,OLSR,1.492235,0.978836,138.632406
660,LINE,29,34.749165,913.538409,9.762629,208575,140,10,2.651734,3,4.678067,139,20,70,0.198705,0,28,4,0,0,-1,2793,0,0.20599,0.823129,6.528871,2793,2299,0.173824,0.694594,6.712324,2793,1940,0.059584,0.28166,48.820306,2361,665,0.069798,0.278912,61.728603,2793,779,0.238874,0.954529,3.458096,2793,2666,AODV,AODV,AODV,0.238874,0.954529,3.458096
760,TWO_CLUSTER,46,79.798901,759.242414,4.506764,2009907,961,6,3.141327,2,3.712336,173,23,120,0.198417,29,38,3,0.370809,0.179291,355.839448,3921,703,0.7163,0.34634,352.801454,3921,1358,0.068043,0.0329,438.865283,3921,129,0.044835,0.040709,119.277783,2088,85,1.020648,0.493497,452.375486,3921,1935,0.383996,0.185667,540.646333,3921,728,DSDV,DSDV,OLSR,1.020648,0.493497,119.277783
556,TWO_CLUSTER,58,240.067461,491.526964,1.019187,1361497,359,6,2.82859,3,3.990756,152,20,87,0.128232,19,50,2,0.478848,0.326301,358.160474,7110,2320,1.464821,0.998172,17.619351,7110,7097,0.590304,0.40225,414.000634,7110,2860,1.466059,0.999015,240.651412,7110,7103,0.93685,0.638397,446.793122,7110,4539,1.368226,0.932349,20.00793,7110,6629,OLSR,OLSR,AODV-AERS2,1.466059,0.999015,17.619351
235,RING,22,34.247857,801.483594,8.341209,442201,161,6,1.885581,2,3.305079,106,26,55,0.099877,7,19,3,0.441302,0.850262,3.330735,5149,4378,0.509645,0.981938,1.880751,5149,5056,0.475675,0.916489,2.776194,5149,4719,0.395539,0.917895,2.60889,4275,3924,0.218534,0.421053,188.333819,5149,2168,0.475776,0.916683,2.646902,5149,4720,AODV-AERS2,AODV-AERS2,AODV-AERS2,0.509645,0.981938,1.880751
400,RING,66,96.982666,824.944837,10.535992,1288533,599,6,1.894378,2,3.000832,92,16,56,0.042654,28,62,3,0.610949,0.453013,348.609046,4033,1827,0.28424,0.210761,267.541777,4033,850,0,0,-1,4033,0,0.437395,0.39781,214.73806,3288,1308,0.574834,0.426234,331.194451,4033,1719,0.21435,0.158939,256.742361,4033,641,AODV-AERS1,AODV-AERS1,OLSR,0.610949,0.453013,214.73806
772,CORRIDOR,43,17.432532,1570.558055,14.141262,72781,1184,11,3.231095,1,1.373376,55,11,29,0.18928,12,29,7,0.058822,0.791304,107.471378,115,91,0.02521,0.33913,260.830033,115,39,0.058176,0.782609,92.433685,115,90,0.014867,0.425926,12.843644,54,23,0.017453,0.234783,14.100023,115,27,0.032966,0.443478,134.67064,115,51,AODV-AERS1,AODV-AERS1,OLSR,0.058822,0.791304,12.843644
634,LINE,43,19.507366,1484.687024,8.517606,179501,490,13,3.480253,4,2.786134,151,30,77,0.026041,0,42,6,0.179573,0.947522,8.806939,686,650,0.148631,0.784257,20.101978,686,538,0.120452,0.635569,16.295606,686,436,0.119623,0.787273,27.203454,550,433,0.107191,0.565598,21.942814,686,388,0.051938,0.274052,65.875145,686,188,AODV-AERS1,AODV-AERS1,AODV-AERS1,0.179573,0.947522,8.806939
84,HOTSPOT,42,14.040387,1729.557907,3.147072,310148,1279,14,1.132883,4,3.507648,148,31,80,0.187371,37,38,10,0.27325,0.863436,30.102917,454,392,0.242579,0.76652,33.012383,454,348,0.274644,0.867841,30.146176,454,394,0.252338,1,14.726413,362,362,0.16869,0.53304,164.936761,454,242,0.274644,0.867841,30.035246,454,394,AODV-AERS3,OLSR,OLSR,0.274644,1,14.726413
819,RING,37,22.96005,1269.44663,6.874362,109747,183,10,1.475361,1,5.650585,64,8,30,0.023929,14,33,6,0.107807,0.852313,9.353963,1124,958,0.110845,0.876335,6.819128,1124,985,0.083387,0.659253,23.003629,1124,741,0.048727,0.48272,49.740048,897,433,0.124124,0.981317,12.809755,1124,1103,0.118948,0.940391,6.258023,1124,1057,DSDV,DSDV,AODV,0.124124,0.981317,6.258023
317,TWO_CLUSTER,60,59.103423,1007.55627,10.707325,1181288,162,10,2.543731,2,4.159033,134,21,83,0.020931,37,52,4,0.130821,0.094427,457.882679,13672,1291,0.138421,0.099912,355.994881,13672,1366,0.235701,0.170129,487.0966,13672,2326,0.345344,0.295474,462.670207,11534,3408,0.391957,0.282914,602.104766,13672,3868,0.278059,0.200702,491.7354,13672,2744,DSDV,OLSR,AODV-AERS2,0.391957,0.295474,355.994881
513,RING,72,358.34966,448.242209,4.817245,557069,731,6,1.440556,4,1.135752,83,15,55,0.106179,17,54,2,0,0,-1,1428,0,0.251786,0.435574,19.899551,1428,622,0.256643,0.443978,56.358289,1428,634,0.240451,0.415966,23.190462,1428,594,0.535146,0.92577,11.606392,1428,1322,0.280526,0.485294,45.421192,1428,693,DSDV,DSDV,DSDV,0.535146,0.92577,11.606392
717,TWO_CLUSTER,70,33.792348,1439.261932,6.920231,1094346,190,13,1.79455,2,3.947506,164,41,93,0.146318,18,45,6,0.203234,0.161867,481.798802,10799,1748,0.104059,0.082878,405.548255,10799,895,0.13673,0.108899,462.308846,10799,1176,0,0,-1,8870,0,0.20149,0.160478,809.131093,10799,1733,0.063482,0.05056,414.662054,10799,546,AODV-AERS1,AODV-AERS1,AODV-AERS2,0.203234,0.161867,405.548255
587,CORRIDOR,43,51.150461,916.873565,3.399647,1224120,1136,6,1.347541,3,2.703248,106,19,54,0.195127,30,41,4,1.067776,0.851485,8.741262,2020,1720,0.011795,0.009406,270.028654,2020,19,0.982726,0.783663,15.408698,2020,1583,0.874086,0.852816,9.892202,1651,1408,1.137926,0.907426,11.363753,2020,1833,0.818835,0.65297,164.473446,2020,1319,DSDV,DSDV,AODV-AERS1,1.137926,0.907426,8.741262
551,TWO_CLUSTER,45,32.975084,1168.189518,8.010744,692177,129,9,0.939429,2,1.947987,179,34,88,0.045571,26,37,5,0.199034,0.236282,406.577201,10060,2377,0.096545,0.114612,531.239218,10060,1153,0.213018,0.252883,393.22696,10060,2544,0.126102,0.18941,587.344713,7951,1506,0.007201,0.008549,521.382296,10060,86,0.241487,0.28668,500.708319,10060,2884,AODV,AODV,AODV-AERS3,0.241487,0.28668,393.22696
762,GRID,30,11.990288,1581.77902,9.406147,1693149,345,25,1.264015,4,4.051786,90,11,43,0.111371,5,24,18,0,0,-1,9201,0,0,0,-1,9201,0,0,0,-1,9201,0,0,0,-1,0,0,0,0,-1,9201,0,0,0,-1,9201,0,NONE,NONE,NONE,0,0,-1
473,RANDOM,59,113.460909,721.112255,2.900166,1200717,1279,11,2.800503,4,4.834269,33,6,16,0.088208,30,49,5,1.171072,0.954545,9.841818,1760,1680,1.145978,0.934091,10.873432,1760,1644,1.172466,0.955682,10.09341,1760,1682,0.968923,0.956641,28.92099,1453,1390,1.221261,0.995455,46.879847,1760,1752,1.087424,0.886364,10.400199,1760,1560,DSDV,DSDV,AODV-AERS1,1.221261,0.995455,9.841818
566,TWO_CLUSTER,26,55.029082,687.369945,12.436808,799169,161,6,2.518609,2,3.498083,75,15,36,0.188009,6,23,3,0.418622,0.446223,349.540794,9307,4153,0.41449,0.441818,329.043677,9307,4112,0.410054,0.43709,344.559266,9307,4068,0.103421,0.141439,211.332217,7254,1026,0.608227,0.648329,454.914725,9307,6034,0.440395,0.469432,385.315528,9307,4369,DSDV,DSDV,OLSR,0.608227,0.648329,211.332217
435,TWO_CLUSTER,49,33.010557,1218.348734,5.321442,814428,235,10,0.524377,4,2.579369,129,24,60,0.022042,9,12,5,0.228214,0.250385,336.723211,6498,1627,0.375634,0.412127,329.859876,6498,2678,0.427252,0.46876,372.958775,6498,3046,0.150646,0.197281,335.772162,5444,1074,0.548863,0.602185,495.061443,6498,3913,0.502155,0.550939,402.45548,6498,3580,DSDV,DSDV,AODV-AERS2,0.548863,0.602185,329.859876
160,TWO_CLUSTER,79,388.371009,451.014126,14.60813,1241629,225,5,0.696761,1,3.972389,81,18,37,0.032078,63,64,2,0.127242,0.091146,280.022914,10346,943,0.146942,0.105258,416.546018,10346,1089,0.174739,0.125169,390.343441,10346,1295,0.947367,0.67862,304.249247,10346,7021,0.680739,0.487628,623.897896,10346,5045,0,0,-1,10346,0,OLSR,OLSR,AODV-AERS1,0.947367,0.67862,280.022914
184,LINE,70,56.66942,1111.410861,0.614443,1761055,193,12,0.541828,1,3.112677,147,20,97,0.079139,0,69,5,0.136961,0.067921,519.664493,17108,1162,0.166192,0.082418,489.737418,17108,1410,0.198605,0.098492,482.556136,17108,1685,0.262961,0.276046,749.76559,8082,2231,0.475121,0.235621,784.95852,17108,4031,0.191651,0.095043,596.161777,17108,1626,DSDV,OLSR,AODV-AERS3,0.475121,0.276046,482.556136
206,GRID,42,14.197398,1719.967597,10.963402,288488,300,8,3.460171,2,1.900731,143,22,66,0.021367,0,41,-1,0,0,-1,1803,0,0,0,-1,1803,0,0,0,-1,1803,0,0,0,-1,0,0,0,0,-1,1803,0,0,0,-1,1803,0,NONE,NONE,NONE,0,0,-1
952,RING,47,27.587379,1305.250023,4.687808,518441,283,9,2.751769,2,5.851405,72,12,45,0.068912,16,36,5,0.507386,0.890798,5.547341,3434,3059,0.49561,0.870122,5.57498,3434,2988,0.463597,0.81392,6.840163,3434,2795,0.327918,0.697109,3.566693,2836,1977,0.463597,0.81392,118.30828,3434,2795,0.442864,0.777519,6.784192,3434,2670,AODV-AERS1,AODV-AERS1,OLSR,0.507386,0.890798,3.566693
522,RING,65,59.597878,1044.338481,16.193346,652741,1387,11,1.627011,3,2.971588,56,9,31,0.136866,0,33,5,0.263379,0.395692,14.437131,882,349,0.433179,0.650794,26.233688,882,574,0.174328,0.261905,30.587597,882,231,0.150933,0.275103,107.786871,727,200,0.125275,0.188209,29.294378,882,166,0.042261,0.063492,8.021144,882,56,AODV-AERS2,AODV-AERS2,AODV,0.433179,0.650794,8.021144
195,LINE,46,30.379869,1230.512327,11.738175,130485,240,11,1.658389,4,1.407309,133,16,66,0.101587,0,45,5,0.119778,0.822375,12.276171,1019,838,0.086618,0.594701,17.322824,1019,606,0.108915,0.747792,7.939796,1019,762,0.026586,0.366864,3.696951,507,186,0.033303,0.228656,4.372895,1019,233,0.110487,0.758587,16.090519,1019,773,AODV-AERS1,AODV-AERS1,OLSR,0.119778,0.822375,3.696951
246,TWO_CLUSTER,53,62.520084,920.721231,7.296248,739311,1325,11,1.34844,4,1.934334,47,8,31,0.103921,19,28,4,0,0,-1,1046,0,0.697066,0.923518,10.336129,1046,966,0.409147,0.542065,98.331921,1046,567,0.080819,0.159544,116.575922,702,112,0.75335,0.998088,25.717434,1046,1044,0.486358,0.644359,52.297423,1046,674,DSDV,DSDV,AODV-AERS2,0.75335,0.998088,10.336129
219,GRID,47,168.347094,528.379692,11.919945,747487,652,6,1.042569,3,5.161493,165,27,87,0.15961,6,42,3,0.534933,0.686366,105.799504,2149,1475,0.611819,0.785016,37.066966,2149,1687,0.156672,0.201024,78.96723,2149,432,0.563221,0.847245,64.550605,1833,1553,0.682901,0.876221,28.412671,2149,1883,0.105899,0.135877,179.759995,2149,292,DSDV,DSDV,DSDV,0.682901,0.876221,28.412671
484,RANDOM,40,20.293054,1403.965016,16.400747,99118,559,7,0.924599,4,1.045815,177,29,114,0.177029,14,18,-1,0,0,-1,332,0,0,0,-1,332,0,0,0,-1,332,0,0,0,-1,0,0,0,0,-1,332,0,0,0,-1,332,0,NONE,NONE,NONE,0,0,-1
403,LINE,52,19.503489,1632.84709,14.944157,426494,367,12,2.00734,1,1.870272,142,25,73,0.049297,0,51,7,0.050981,0.111111,18.63309,2178,242,0.172747,0.376492,16.012285,2178,820,0.329483,0.71809,19.748127,2178,1564,0,0,-1,0,0,0.243952,0.53168,21.841728,2178,1158,0.190232,0.414601,19.287176,2178,903,AODV-AERS3,AODV-AERS3,AODV-AERS2,0.329483,0.71809,16.012285
741,GRID,32,10.252934,1766.651584,3.663255,249506,220,6,3.289186,3,1.837772,132,27,79,0.077018,5,30,-1,0,0,-1,2126,0,0,0,-1,2126,0,0,0,-1,2126,0,0,0,-1,0,0,0,0,-1,2126,0,0,0,-1,2126,0,NONE,NONE,NONE,0,0,-1
725,RING,62,60.765875,1010.103709,1.79583,1094254,1283,11,3.154179,3,1.63741,28,5,16,0.054881,15,45,5,1.002653,0.896811,10.017906,1599,1434,0.991466,0.886804,10.957372,1599,1418,1.066979,0.954346,10.646199,1599,1526,0.928538,0.999248,6.920577,1329,1328,0.437,0.390869,30.306037,1599,625,0.97888,0.875547,13.828967,1599,1400,AODV-AERS3,OLSR,OLSR,1.066979,0.999248,6.920577
707,HOTSPOT,62,168.152114,607.218059,1.245003,2107655,524,6,3.167283,4,2.489813,100,22,67,0.048585,49,55,3,0.554355,0.249702,388.000087,7541,1883,0.668288,0.301021,441.607852,7541,2270,0.207846,0.093622,341.266206,7541,706,0.723341,0.445351,425.666584,5517,2457,1.068378,0.481236,500.255162,7541,3629,0.395968,0.178358,427.809407,7541,1345,DSDV,DSDV,AODV-AERS3,1.068378,0.481236,341.266206
867,RING,56,17.726173,1777.405492,5.232827,434733,378,10,1.914973,3,1.048571,33,4,22,0.068745,13,42,8,0.420075,0.899814,8.161116,2156,1940,0.345804,0.740724,9.28231,2156,1597,0.354898,0.760204,9.527223,2156,1639,0.318087,0.880168,56.466511,1669,1469,0.465763,0.997681,10.025936,2156,2151,0.398421,0.853432,7.621022,2156,1840,DSDV,DSDV,AODV,0.465763,0.997681,7.621022
324,TWO_CLUSTER,55,213.848375,507.140585,3.47463,600556,1174,5,3.345732,3,5.606958,63,11,31,0.170465,9,34,2,0.373101,0.606882,44.615069,959,582,0.412206,0.67049,46.618791,959,643,0.61286,0.996872,3.050939,959,956,0.614783,1,3.446141,959,959,0.596192,0.96976,15.384437,959,930,0.450029,0.732013,30.77259,959,702,OLSR,OLSR,AODV-AERS3,0.614783,1,3.050939
511,RING,48,122.850238,625.075702,3.498188,490685,279,6,2.32493,2,5.766214,124,26,77,0.120493,19,43,3,0.265903,0.492569,5.035459,3297,1624,0.529841,0.981498,3.04236,3297,3236,0.168973,0.313012,2.599521,3297,1032,0.423742,0.928597,3.635485,2787,2588,0.529677,0.981195,12.688221,3297,3235,0.253295,0.469214,12.999376,3297,1547,AODV-AERS2,AODV-AERS2,AODV-AERS3,0.529841,0.981498,2.599521
531,RING,40,55.693496,847.476678,8.134427,1158110,894,7,3.254294,1,2.993689,172,24,95,0.024452,15,35,4,0.454853,0.380972,7.973736,2428,925,1.108859,0.928748,8.124359,2428,2255,0,0,-1,2428,0,0.441085,0.438202,151.574237,2047,897,0.631386,0.52883,56.286955,2428,1284,1.050342,0.879736,7.254825,2428,2136,AODV-AERS2,AODV-AERS2,AODV,1.108859,0.928748,7.254825
401,RING,54,135.257041,631.85429,0.344581,1255144,770,5,2.35829,1,5.662541,101,22,65,0.182247,6,34,3,0.802256,0.616819,95.843965,3056,1885,0.207267,0.159359,192.401397,3056,487,1.18785,0.913285,8.727648,3056,2791,1.060595,0.947889,11.71368,2629,2492,0.55328,0.425393,26.97623,3056,1300,0.09576,0.073626,20.228549,3056,225,AODV-AERS3,OLSR,AODV-AERS3,1.18785,0.947889,8.727648
16,RANDOM,39,28.269699,1174.55054,12.637479,225238,1011,11,3.121002,1,2.049166,95,20,50,0.169986,18,38,8,0.158482,0.685851,23.335306,417,286,0.135763,0.58753,38.153105,417,245,0.155711,0.673861,24.129722,417,281,0.031586,0.18038,9.985059,316,57,0,0,-1,417,0,0.143521,0.621103,27.027204,417,259,AODV-AERS1,AODV-AERS1,OLSR,0.158482,0.685851,9.985059
27,CORRIDOR,35,27.125754,1135.907886,17.275887,434191,1378,11,3.147817,2,1.54309,99,14,45,0.12875,3,31,5,0.203964,0.461017,20.917199,590,272,0.331441,0.749153,30.212584,590,442,0.383182,0.866102,16.47305,590,511,0,0,-1,89,0,0.080986,0.183051,50.738722,590,108,0.066738,0.150847,29.223563,590,89,AODV-AERS3,AODV-AERS3,AODV-AERS3,0.383182,0.866102,16.47305
419,HOTSPOT,27,160.941737,409.588298,10.125402,286251,298,5,0.635847,1,1.403015,71,12,47,0.19304,19,20,2,0.23159,0.739589,19.593922,1801,1332,0.311743,0.995558,1.593095,1801,1793,0,0,-1,1801,0,0.264799,0.845641,9.298701,1801,1523,0.272797,0.871183,31.330174,1801,1569,0.293139,0.936147,42.033296,1801,1686,AODV-AERS2,AODV-AERS2,AODV-AERS2,0.311743,0.995558,1.593095
236,CORRIDOR,32,95.935391,577.544649,2.497681,1260926,1246,5,2.583127,2,2.999226,34,5,24,0.159783,19,21,3,1.180234,0.915656,6.68585,1897,1737,1.089185,0.845018,8.700082,1897,1603,1.177516,0.913548,6.984804,1897,1733,0.763721,0.688304,4.832088,1633,1124,1.267885,0.983658,13.619626,1897,1866,1.012405,0.785451,29.485222,1897,1490,DSDV,DSDV,OLSR,1.267885,0.983658,4.832088
462,LINE,57,119.257684,691.344071,4.803305,1151882,636,10,1.844848,4,3.840796,26,6,17,0.167662,0,56,3,0.348821,0.290133,98.152539,3395,985,0.289327,0.240648,177.257263,3395,817,0.00602,0.005007,240.502143,3395,17,0.495078,0.841155,289.73095,1662,1398,0.565197,0.470103,119.65276,3395,1596,0.850982,0.707806,156.522018,3395,2403,AODV,OLSR,AODV-AERS1,0.850982,0.841155,98.152539
881,CORRIDOR,78,390.649955,446.841409,1.491249,1660374,800,6,1.562535,2,5.375907,140,21,92,0.042392,7,30,2,0.001325,0.000771,1069.696777,3891,3,0.866419,0.504241,130.993769,3891,1962,0.806362,0.469288,79.140256,3891,1826,1.000224,0.582113,104.742988,3891,2265,1.327008,0.772295,112.961417,3891,3005,0.369619,0.215112,247.752778,3891,837,DSDV,DSDV,AODV-AERS3,1.327008,0.772295,79.140256
745,RING,61,53.294029,1069.856775,16.563647,687178,1202,10,2.923841,2,4.46344,34,8,17,0.099654,16,50,4,0.12464,0.177404,57.176386,1071,190,0.236816,0.337068,19.900983,1071,361,0,0,-1,1071,0,0.248624,0.470807,39.619255,805,379,0.265024,0.377218,126.259855,1071,404,0,0,-1,1071,0,DSDV,OLSR,AODV-AERS2,0.265024,0.470807,19.900983
803,GRID,57,35.113865,1274.084143,8.522078,925632,191,10,0.562921,2,1.377166,70,12,47,0.044304,7,56,7,0.375045,0.353401,457.454561,9086,3211,0.366752,0.345587,405.113403,9086,3140,0.235702,0.2221,408.62032,9086,2018,0.307651,0.412142,519.880277,6391,2634,0.489742,0.461479,660.491888,9086,4193,0.289197,0.272507,410.29245,9086,2476,DSDV,DSDV,AODV-AERS2,0.489742,0.461479,405.113403
425,TWO_CLUSTER,36,22.702709,1259.2513,4.815896,747718,177,10,3.226898,2,3.933214,81,12,52,0.188618,14,29,5,0.230803,0.26654,338.289069,7920,2111,0.289624,0.33447,347.104081,7920,2649,0.448376,0.517803,367.408683,7920,4101,0.245891,0.335421,521.418371,6705,2249,0,0,-1,7920,0,0.449032,0.518561,381.170285,7920,4107,AODV,AODV,AODV-AERS1,0.449032,0.518561,338.289069
177,TWO_CLUSTER,74,206.24168,599.00113,1.684275,1001062,404,10,3.06224,2,5.899279,148,33,74,0.105516,48,57,3,0.130406,0.121825,167.95068,4646,566,0,0,-1,4646,0,0.082944,0.077486,329.388414,4646,360,0.691661,0.757889,303.770331,3961,3002,0.454579,0.424666,212.650589,4646,1973,0.086861,0.081145,128.930134,4646,377,OLSR,OLSR,AODV,0.691661,0.757889,128.930134
250,RANDOM,70,323.843631,464.92333,2.388821,579342,427,5,1.570068,3,3.149902,153,35,81,0.169678,2,54,3,0.083235,0.13488,252.508981,2543,343,0.605696,0.981518,3.91743,2543,2496,0.289016,0.468344,188.280911,2543,1191,0.235629,0.457587,20.636733,2122,971,0.569781,0.923319,74.09857,2543,2348,0.52416,0.84939,5.200135,2543,2160,AODV-AERS2,AODV-AERS2,AODV-AERS2,0.605696,0.981518,3.91743
869,GRID,67,31.449751,1459.583006,15.509894,378362,255,15,1.803807,2,4.608903,119,16,57,0.07489,8,63,8,0.293263,0.698418,10.601194,2782,1943,0.069429,0.165349,20.628907,2782,460,0.233645,0.556434,9.598746,2782,1548,0.100823,0.595365,12.463463,1122,668,0.070184,0.167146,118.492494,2782,465,0.273189,0.650611,11.01452,2782,1810,AODV-AERS1,AODV-AERS1,AODV-AERS3,0.293263,0.698418,9.598746
301,GRID,49,222.229774,469.566297,1.328502,1978988,421,9,0.976694,3,2.975501,147,33,98,0.164321,0,48,3,0.414517,0.196414,411.604343,8813,1731,0.459058,0.21752,518.462149,8813,1917,0.608245,0.288211,381.393604,8813,2540,0.845796,0.474667,468.536994,7441,3532,0.849628,0.402587,457.569218,8813,3548,0.111352,0.052763,501.589755,8813,465,DSDV,OLSR,AODV-AERS3,0.849628,0.474667,381.393604
810,TWO_CLUSTER,70,36.506072,1384.73436,6.842796,1688640,619,12,2.371691,4,3.715729,85,14,44,0.173485,27,48,6,0.024155,0.013685,376.787353,5115,70,0.236371,0.13392,394.549264,5115,685,0.032436,0.018377,397.63527,5115,94,0.328849,0.274403,443.233709,3473,953,0.871293,0.493646,644.771308,5115,2525,0.416495,0.235973,350.383372,5115,1207,DSDV,DSDV,AODV,0.871293,0.493646,350.383372
410,RANDOM,33,76.225426,657.971437,12.770683,1503501,522,7,2.67075,3,2.956178,176,30,90,0.118778,20,22,5,0.4532,0.286111,315.562843,5400,1545,0.80784,0.51,343.16391,5400,2754,0.79112,0.499444,382.565242,5400,2697,0.738907,0.575903,464.290221,4374,2519,0.276027,0.174259,691.759063,5400,941,0.729813,0.460741,375.763406,5400,2488,AODV-AERS2,OLSR,AODV-AERS1,0.80784,0.575903,315.562843
461,RING,51,39.689179,1133.571788,8.840654,301822,137,9,1.951846,4,3.501092,48,10,32,0.123326,25,49,5,0.000176,0.000484,1189.427168,4130,2,0.338712,0.931961,4.876166,4130,3849,0.276496,0.760775,8.635216,4130,3142,0.158576,0.555145,138.412321,3246,1802,0.105424,0.290073,157.304623,4130,1198,0.291104,0.800969,5.585447,4130,3308,AODV-AERS2,AODV-AERS2,AODV-AERS2,0.338712,0.931961,4.876166
455,TWO_CLUSTER,23,10.950915,1449.23464,5.32742,682680,373,8,1.156036,3,4.259367,108,19,59,0.152822,14,21,6,0.527181,0.718449,7.405209,3431,2465,0,0,-1,3431,0,0.625988,0.853104,5.884545,3431,2927,0.559261,0.954031,35.156669,2741,2615,0,0,-1,3431,0,0.671114,0.914602,5.908347,3431,3138,AODV,OLSR,AODV-AERS3,0.671114,0.954031,5.884545
816,TWO_CLUSTER,53,70.346955,867.991124,2.236917,1577281,512,6,1.496049,1,2.995628,156,20,88,0.16594,47,52,4,0.328032,0.197195,336.66595,5776,1139,0.29232,0.175727,320.594454,5776,1015,0.48384,0.290859,374.656717,5776,1680,0.74304,0.524071,471.466962,4923,2580,1.001664,0.602147,473.306651,5776,3478,0.489024,0.293975,369.405423,5776,1698,DSDV,DSDV,AODV-AERS2,1.001664,0.602147,320.594454
948,CORRIDOR,75,247.073979,550.956266,2.456419,1823821,172,7,2.922807,3,5.065923,100,16,59,0.08255,22,33,2,0.08416,0.039686,699.894212,19881,789,0.343467,0.161964,663.087842,19881,3220,0.152427,0.071878,553.524938,19881,1429,0.748053,0.353942,992.301798,19814,7013,0.19456,0.091746,662.845871,19881,1824,0.138347,0.065238,683.964567,19881,1297,OLSR,OLSR,AODV-AERS3,0.748053,0.353942,553.524938